﻿<?xml version="1.0" encoding="utf-8"?>
<abapGit version="v1.0.0" serializer="LCL_OBJECT_ENQU" serializer_version="v1.0.0">
 <asx:abap xmlns:asx="http://www.sap.com/abapxml" version="1.0">
  <asx:values>
   <DD25V>
    <VIEWNAME>EZPROGPROD2</VIEWNAME>
    <AS4LOCAL>A</AS4LOCAL>
    <DDLANGUAGE>S</DDLANGUAGE>
    <AGGTYPE>E</AGGTYPE>
    <ROOTTAB>ZPROGPROD</ROOTTAB>
    <DDTEXT>Objeto bloqueo tabla ZPROGPROD registros</DDTEXT>
    <GLOBALFLAG>X</GLOBALFLAG>
   </DD25V>
   <DD26E_TABLE>
    <DD26E>
     <VIEWNAME>EZPROGPROD2</VIEWNAME>
     <TABNAME>ZPROGPROD</TABNAME>
     <TABPOS>0001</TABPOS>
     <FORTABNAME>ZPROGPROD</FORTABNAME>
     <ENQMODE>X</ENQMODE>
    </DD26E>
   </DD26E_TABLE>
  </asx:values>
 </asx:abap>
</abapGit>
