﻿<?xml version="1.0" encoding="utf-8"?>
<abapGit version="v1.0.0" serializer="LCL_OBJECT_ENQU" serializer_version="v1.0.0">
 <asx:abap xmlns:asx="http://www.sap.com/abapxml" version="1.0">
  <asx:values>
   <DD25V>
    <VIEWNAME>EZPROGPROD</VIEWNAME>
    <AS4LOCAL>A</AS4LOCAL>
    <DDLANGUAGE>S</DDLANGUAGE>
    <AGGTYPE>E</AGGTYPE>
    <ROOTTAB>ZPROGPROD</ROOTTAB>
    <DDTEXT>Objeto bloqueo tabla ZPROGPROD</DDTEXT>
    <GLOBALFLAG>X</GLOBALFLAG>
   </DD25V>
   <DD26E_TABLE>
    <DD26E>
     <VIEWNAME>EZPROGPROD</VIEWNAME>
     <TABNAME>ZPROGPROD</TABNAME>
     <TABPOS>0001</TABPOS>
     <FORTABNAME>ZPROGPROD</FORTABNAME>
     <ENQMODE>X</ENQMODE>
    </DD26E>
   </DD26E_TABLE>
   <DD27P_TABLE>
    <DD27P>
     <VIEWNAME>EZPROGPROD</VIEWNAME>
     <OBJPOS>0001</OBJPOS>
     <DDLANGUAGE>S</DDLANGUAGE>
     <VIEWFIELD>MANDT</VIEWFIELD>
     <TABNAME>ZPROGPROD</TABNAME>
     <FIELDNAME>MANDT</FIELDNAME>
     <KEYFLAG>X</KEYFLAG>
     <ROLLNAME>MANDT</ROLLNAME>
     <ROLLNAMEVI>MANDT</ROLLNAMEVI>
     <ENQMODE>X</ENQMODE>
     <DOMNAME>MANDT</DOMNAME>
     <DATATYPE>CLNT</DATATYPE>
     <FLENGTH>000003</FLENGTH>
     <ENTITYTAB>T000</ENTITYTAB>
     <INTTYPE>C</INTTYPE>
     <INTLEN>000006</INTLEN>
     <HEADLEN>03</HEADLEN>
     <SCRLEN1>10</SCRLEN1>
     <SCRLEN2>15</SCRLEN2>
     <SCRLEN3>20</SCRLEN3>
     <OUTPUTLEN>000003</OUTPUTLEN>
     <DDTEXT>Mandante</DDTEXT>
     <REPTEXT>Md.</REPTEXT>
     <SCRTEXT_S>Mandante</SCRTEXT_S>
     <SCRTEXT_M>Mandante</SCRTEXT_M>
     <SCRTEXT_L>Mandante</SCRTEXT_L>
    </DD27P>
    <DD27P>
     <VIEWNAME>EZPROGPROD</VIEWNAME>
     <OBJPOS>0002</OBJPOS>
     <DDLANGUAGE>S</DDLANGUAGE>
     <VIEWFIELD>WERKS</VIEWFIELD>
     <TABNAME>ZPROGPROD</TABNAME>
     <FIELDNAME>WERKS</FIELDNAME>
     <KEYFLAG>X</KEYFLAG>
     <ROLLNAME>WERKS_D</ROLLNAME>
     <ROLLNAMEVI>WERKS_D</ROLLNAMEVI>
     <ENQMODE>X</ENQMODE>
     <MEMORYID>WRK</MEMORYID>
     <DOMNAME>WERKS</DOMNAME>
     <DATATYPE>CHAR</DATATYPE>
     <FLENGTH>000004</FLENGTH>
     <SHLPORIGIN>D</SHLPORIGIN>
     <SHLPNAME>H_T001W_C</SHLPNAME>
     <SHLPFIELD>WERKS</SHLPFIELD>
     <ENTITYTAB>T001W</ENTITYTAB>
     <INTTYPE>C</INTTYPE>
     <INTLEN>000008</INTLEN>
     <LOGFLAG>X</LOGFLAG>
     <HEADLEN>04</HEADLEN>
     <SCRLEN1>10</SCRLEN1>
     <SCRLEN2>15</SCRLEN2>
     <SCRLEN3>20</SCRLEN3>
     <OUTPUTLEN>000004</OUTPUTLEN>
     <DDTEXT>Centro</DDTEXT>
     <REPTEXT>Ce.</REPTEXT>
     <SCRTEXT_S>Centro</SCRTEXT_S>
     <SCRTEXT_M>Centro</SCRTEXT_M>
     <SCRTEXT_L>Centro</SCRTEXT_L>
    </DD27P>
   </DD27P_TABLE>
  </asx:values>
 </asx:abap>
</abapGit>
