﻿<?xml version="1.0" encoding="utf-8"?>
<abapGit version="v1.0.0" serializer="LCL_OBJECT_ENQU" serializer_version="v1.0.0">
 <asx:abap xmlns:asx="http://www.sap.com/abapxml" version="1.0">
  <asx:values>
   <DD25V>
    <VIEWNAME>EZSD_FTEDETAIL3</VIEWNAME>
    <AS4LOCAL>A</AS4LOCAL>
    <DDLANGUAGE>S</DDLANGUAGE>
    <AGGTYPE>E</AGGTYPE>
    <ROOTTAB>ZSD_FTEDETAIL</ROOTTAB>
    <DDTEXT>Bloqueo tabla zsd_ftedetail para embarque</DDTEXT>
    <GLOBALFLAG>X</GLOBALFLAG>
   </DD25V>
   <DD26E_TABLE>
    <DD26E>
     <VIEWNAME>EZSD_FTEDETAIL3</VIEWNAME>
     <TABNAME>ZSD_FTEDETAIL</TABNAME>
     <TABPOS>0001</TABPOS>
     <FORTABNAME>ZSD_FTEDETAIL</FORTABNAME>
     <ENQMODE>X</ENQMODE>
    </DD26E>
   </DD26E_TABLE>
   <DD27P_TABLE>
    <DD27P>
     <VIEWNAME>EZSD_FTEDETAIL3</VIEWNAME>
     <OBJPOS>0001</OBJPOS>
     <DDLANGUAGE>S</DDLANGUAGE>
     <VIEWFIELD>MANDT</VIEWFIELD>
     <TABNAME>ZSD_FTEDETAIL</TABNAME>
     <FIELDNAME>MANDT</FIELDNAME>
     <KEYFLAG>X</KEYFLAG>
     <ROLLNAME>MANDT</ROLLNAME>
     <ROLLNAMEVI>MANDT</ROLLNAMEVI>
     <ENQMODE>X</ENQMODE>
     <DOMNAME>MANDT</DOMNAME>
     <DATATYPE>CLNT</DATATYPE>
     <FLENGTH>000003</FLENGTH>
     <ENTITYTAB>T000</ENTITYTAB>
     <INTTYPE>C</INTTYPE>
     <INTLEN>000006</INTLEN>
     <HEADLEN>03</HEADLEN>
     <SCRLEN1>10</SCRLEN1>
     <SCRLEN2>15</SCRLEN2>
     <SCRLEN3>20</SCRLEN3>
     <OUTPUTLEN>000003</OUTPUTLEN>
     <DDTEXT>Mandante</DDTEXT>
     <REPTEXT>Md.</REPTEXT>
     <SCRTEXT_S>Mandante</SCRTEXT_S>
     <SCRTEXT_M>Mandante</SCRTEXT_M>
     <SCRTEXT_L>Mandante</SCRTEXT_L>
    </DD27P>
    <DD27P>
     <VIEWNAME>EZSD_FTEDETAIL3</VIEWNAME>
     <OBJPOS>0002</OBJPOS>
     <DDLANGUAGE>S</DDLANGUAGE>
     <VIEWFIELD>VBELN</VIEWFIELD>
     <TABNAME>ZSD_FTEDETAIL</TABNAME>
     <FIELDNAME>VBELN</FIELDNAME>
     <KEYFLAG>X</KEYFLAG>
     <ROLLNAME>VBELN</ROLLNAME>
     <ROLLNAMEVI>VBELN</ROLLNAMEVI>
     <ENQMODE>X</ENQMODE>
     <MEMORYID>AUN</MEMORYID>
     <DOMNAME>VBELN</DOMNAME>
     <DATATYPE>CHAR</DATATYPE>
     <FLENGTH>000010</FLENGTH>
     <ENTITYTAB>VBUK</ENTITYTAB>
     <INTTYPE>C</INTTYPE>
     <INTLEN>000020</INTLEN>
     <HEADLEN>10</HEADLEN>
     <SCRLEN1>10</SCRLEN1>
     <SCRLEN2>15</SCRLEN2>
     <SCRLEN3>20</SCRLEN3>
     <OUTPUTLEN>000010</OUTPUTLEN>
     <CONVEXIT>ALPHA</CONVEXIT>
     <DDTEXT>Número de documento comercial</DDTEXT>
     <REPTEXT>Documento</REPTEXT>
     <SCRTEXT_S>Doc.comer.</SCRTEXT_S>
     <SCRTEXT_M>Doc.comercial</SCRTEXT_M>
     <SCRTEXT_L>Documento comercial</SCRTEXT_L>
    </DD27P>
   </DD27P_TABLE>
  </asx:values>
 </asx:abap>
</abapGit>
