﻿<?xml version="1.0" encoding="utf-8"?>
<abapGit version="v1.0.0" serializer="LCL_OBJECT_DTEL" serializer_version="v1.0.0">
 <asx:abap xmlns:asx="http://www.sap.com/abapxml" version="1.0">
  <asx:values>
   <DD04V>
    <ROLLNAME>ZAD_COMM</ROLLNAME>
    <DDLANGUAGE>S</DDLANGUAGE>
    <DOMNAME>ZAD_COMM</DOMNAME>
    <HEADLEN>13</HEADLEN>
    <SCRLEN1>05</SCRLEN1>
    <SCRLEN2>13</SCRLEN2>
    <SCRLEN3>25</SCRLEN3>
    <DDTEXT>Forma de comunicación</DDTEXT>
    <REPTEXT>Clasif.Correo</REPTEXT>
    <SCRTEXT_S>Clas.</SCRTEXT_S>
    <SCRTEXT_M>Clasificación</SCRTEXT_M>
    <SCRTEXT_L>Clasificación Correo</SCRTEXT_L>
    <DTELMASTER>S</DTELMASTER>
    <REFKIND>D</REFKIND>
   </DD04V>
  </asx:values>
 </asx:abap>
</abapGit>
