﻿<?xml version="1.0" encoding="utf-8"?>
<abapGit version="v1.0.0" serializer="LCL_OBJECT_DTEL" serializer_version="v1.0.0">
 <asx:abap xmlns:asx="http://www.sap.com/abapxml" version="1.0">
  <asx:values>
   <DD04V>
    <ROLLNAME>ZADDRNUM</ROLLNAME>
    <DDLANGUAGE>S</DDLANGUAGE>
    <DOMNAME>ZADDRNUM</DOMNAME>
    <HEADLEN>08</HEADLEN>
    <SCRLEN1>05</SCRLEN1>
    <SCRLEN2>10</SCRLEN2>
    <SCRLEN3>25</SCRLEN3>
    <DDTEXT>Dirección Cliente</DDTEXT>
    <REPTEXT>Dir Cte</REPTEXT>
    <SCRTEXT_S>Direc</SCRTEXT_S>
    <SCRTEXT_M>Dirección</SCRTEXT_M>
    <SCRTEXT_L>Dirección Cliente</SCRTEXT_L>
    <DTELMASTER>S</DTELMASTER>
    <REFKIND>D</REFKIND>
   </DD04V>
  </asx:values>
 </asx:abap>
</abapGit>
