﻿<?xml version="1.0" encoding="utf-8"?>
<abapGit version="v1.0.0" serializer="LCL_OBJECT_DTEL" serializer_version="v1.0.0">
 <asx:abap xmlns:asx="http://www.sap.com/abapxml" version="1.0">
  <asx:values>
   <DD04V>
    <ROLLNAME>ZCHAR55</ROLLNAME>
    <DDLANGUAGE>S</DDLANGUAGE>
    <HEADLEN>55</HEADLEN>
    <SCRLEN1>10</SCRLEN1>
    <SCRLEN2>15</SCRLEN2>
    <SCRLEN3>20</SCRLEN3>
    <DDTEXT>Caracter de 55</DDTEXT>
    <REPTEXT>Denominacion</REPTEXT>
    <SCRTEXT_S>Denominac.</SCRTEXT_S>
    <SCRTEXT_M>Denominacion</SCRTEXT_M>
    <SCRTEXT_L>Denominacion</SCRTEXT_L>
    <DTELMASTER>S</DTELMASTER>
    <DATATYPE>CHAR</DATATYPE>
    <LENG>000055</LENG>
    <OUTPUTLEN>000055</OUTPUTLEN>
   </DD04V>
  </asx:values>
 </asx:abap>
</abapGit>
