﻿<?xml version="1.0" encoding="utf-8"?>
<abapGit version="v1.0.0" serializer="LCL_OBJECT_DTEL" serializer_version="v1.0.0">
 <asx:abap xmlns:asx="http://www.sap.com/abapxml" version="1.0">
  <asx:values>
   <DD04V>
    <ROLLNAME>ZCHAR1333</ROLLNAME>
    <DDLANGUAGE>S</DDLANGUAGE>
    <HEADLEN>55</HEADLEN>
    <SCRLEN1>10</SCRLEN1>
    <SCRLEN2>15</SCRLEN2>
    <SCRLEN3>20</SCRLEN3>
    <DDTEXT>Char 1333</DDTEXT>
    <REPTEXT>char 1333</REPTEXT>
    <SCRTEXT_S>char 1333</SCRTEXT_S>
    <SCRTEXT_M>char 1333</SCRTEXT_M>
    <SCRTEXT_L>char 1333</SCRTEXT_L>
    <DTELMASTER>S</DTELMASTER>
    <DATATYPE>CHAR</DATATYPE>
    <LENG>001333</LENG>
    <OUTPUTLEN>001333</OUTPUTLEN>
   </DD04V>
  </asx:values>
 </asx:abap>
</abapGit>
