﻿<?xml version="1.0" encoding="utf-8"?>
<abapGit version="v1.0.0" serializer="LCL_OBJECT_DTEL" serializer_version="v1.0.0">
 <asx:abap xmlns:asx="http://www.sap.com/abapxml" version="1.0">
  <asx:values>
   <DD04V>
    <ROLLNAME>ZCHAR20</ROLLNAME>
    <DDLANGUAGE>S</DDLANGUAGE>
    <SCRLEN1>10</SCRLEN1>
    <DDTEXT>CHAR 20</DDTEXT>
    <SCRTEXT_S>CHAR 20</SCRTEXT_S>
    <DTELMASTER>S</DTELMASTER>
    <DATATYPE>CHAR</DATATYPE>
    <LENG>000020</LENG>
    <OUTPUTLEN>000020</OUTPUTLEN>
   </DD04V>
  </asx:values>
 </asx:abap>
</abapGit>
