﻿<?xml version="1.0" encoding="utf-8"?>
<abapGit version="v1.0.0" serializer="LCL_OBJECT_CLAS" serializer_version="v1.0.0">
 <asx:abap xmlns:asx="http://www.sap.com/abapxml" version="1.0">
  <asx:values>
   <VSEOCLASS>
    <CLSNAME>ZCL_IM_E_SHP_TAB_CUST_HEAD</CLSNAME>
    <VERSION>1</VERSION>
    <LANGU>S</LANGU>
    <DESCRIPT>Cl.implement.p.cl.add-in ZE_SHP_TAB_CUST_HEAD</DESCRIPT>
    <EXPOSURE>2</EXPOSURE>
    <STATE>1</STATE>
    <CLSFINAL>X</CLSFINAL>
    <FIXPT>X</FIXPT>
    <UNICODE>X</UNICODE>
   </VSEOCLASS>
   <TPOOL>
    <item>
     <ID>I</ID>
     <KEY>000</KEY>
     <ENTRY>Vía de Pago</ENTRY>
     <LENGTH>11</LENGTH>
    </item>
   </TPOOL>
  </asx:values>
 </asx:abap>
</abapGit>
