﻿<?xml version="1.0" encoding="utf-8"?>
<abapGit version="v1.0.0" serializer="LCL_OBJECT_FUGR" serializer_version="v1.0.0">
 <asx:abap xmlns:asx="http://www.sap.com/abapxml" version="1.0">
  <asx:values>
   <AREAT>Campos adicionales Datos Maestros Client</AREAT>
   <INCLUDES>
    <SOBJ_NAME>LZCUSTOMER_ADDI01</SOBJ_NAME>
    <SOBJ_NAME>LZCUSTOMER_ADDTOP</SOBJ_NAME>
    <SOBJ_NAME>SAPLZCUSTOMER_ADD</SOBJ_NAME>
   </INCLUDES>
   <FUNCTIONS>
    <item>
     <FUNCNAME>ZKNA1_GET_ADD_DATA</FUNCNAME>
     <SHORT_TEXT>Obtiene Campos Adicionales TYASA Clientes</SHORT_TEXT>
     <EXPORT>
      <RSEXP>
       <PARAMETER>ES_KNA1_ADD</PARAMETER>
       <REFERENCE>X</REFERENCE>
       <TYP>ZKNA1</TYP>
      </RSEXP>
     </EXPORT>
     <DOCUMENTATION>
      <RSFDO>
       <PARAMETER>ES_KNA1_ADD</PARAMETER>
       <KIND>P</KIND>
       <STEXT>Campos adicionales TYASA</STEXT>
       <INDEX> 001</INDEX>
      </RSFDO>
     </DOCUMENTATION>
    </item>
    <item>
     <FUNCNAME>ZKNA1_SET_ADD_DATA</FUNCNAME>
     <SHORT_TEXT>Datos Adicionales Clientes TYASA</SHORT_TEXT>
     <IMPORT>
      <RSIMP>
       <PARAMETER>IS_KNA1_ADD</PARAMETER>
       <REFERENCE>X</REFERENCE>
       <TYP>ZKNA1</TYP>
      </RSIMP>
      <RSIMP>
       <PARAMETER>IS_KNA1</PARAMETER>
       <REFERENCE>X</REFERENCE>
       <TYP>KNA1</TYP>
      </RSIMP>
     </IMPORT>
     <DOCUMENTATION>
      <RSFDO>
       <PARAMETER>IS_KNA1_ADD</PARAMETER>
       <KIND>P</KIND>
       <STEXT>Campos adicionales TYASA</STEXT>
       <INDEX> 001</INDEX>
      </RSFDO>
      <RSFDO>
       <PARAMETER>IS_KNA1</PARAMETER>
       <KIND>P</KIND>
       <STEXT>Maestro de clientes (parte general)</STEXT>
       <INDEX> 002</INDEX>
      </RSFDO>
     </DOCUMENTATION>
    </item>
   </FUNCTIONS>
   <DYNPROS>
    <item>
     <HEADER>
      <PROGRAM>SAPLZCUSTOMER_ADD</PROGRAM>
      <SCREEN>9000</SCREEN>
      <LANGUAGE>S</LANGUAGE>
      <DESCRIPT>Datos Adicionales Clientes TYASA</DESCRIPT>
      <TYPE>I</TYPE>
      <NEXTSCREEN>9000</NEXTSCREEN>
      <LINES>027</LINES>
      <COLUMNS>120</COLUMNS>
     </HEADER>
     <CONTAINERS>
      <RPY_DYCATT>
       <TYPE>SCREEN</TYPE>
       <NAME>SCREEN</NAME>
      </RPY_DYCATT>
     </CONTAINERS>
     <FIELDS>
      <RPY_DYFATC>
       <CONT_TYPE>SCREEN</CONT_TYPE>
       <CONT_NAME>SCREEN</CONT_NAME>
       <TYPE>TEXT</TYPE>
       <NAME>KNA1-ZZUSO_CFDI</NAME>
       <TEXT>Uso_del_CFDI___</TEXT>
       <LINE>003</LINE>
       <COLUMN>005</COLUMN>
       <LENGTH>015</LENGTH>
       <VISLENGTH>015</VISLENGTH>
       <HEIGHT>001</HEIGHT>
       <FORMAT>CHAR</FORMAT>
       <FROM_DICT>X</FROM_DICT>
       <MODIFIC>2</MODIFIC>
       <REQU_ENTRY>N</REQU_ENTRY>
       <LABELLEFT>X</LABELLEFT>
      </RPY_DYFATC>
      <RPY_DYFATC>
       <CONT_TYPE>SCREEN</CONT_TYPE>
       <CONT_NAME>SCREEN</CONT_NAME>
       <TYPE>TEMPLATE</TYPE>
       <NAME>KNA1-ZZUSO_CFDI</NAME>
       <TEXT>___</TEXT>
       <LINE>003</LINE>
       <COLUMN>021</COLUMN>
       <LENGTH>003</LENGTH>
       <VISLENGTH>003</VISLENGTH>
       <HEIGHT>001</HEIGHT>
       <FORMAT>CHAR</FORMAT>
       <FROM_DICT>X</FROM_DICT>
       <FOREIGNKEY>X</FOREIGNKEY>
       <INPUT_FLD>X</INPUT_FLD>
       <OUTPUT_FLD>X</OUTPUT_FLD>
       <MATCHCODE>ZZIDMX_USO_CFDI</MATCHCODE>
      </RPY_DYFATC>
      <RPY_DYFATC>
       <CONT_TYPE>SCREEN</CONT_TYPE>
       <CONT_NAME>SCREEN</CONT_NAME>
       <TYPE>OKCODE</TYPE>
       <TEXT>____________________</TEXT>
       <LENGTH>020</LENGTH>
       <VISLENGTH>020</VISLENGTH>
       <HEIGHT>001</HEIGHT>
       <FORMAT>CHAR</FORMAT>
       <INPUT_FLD>X</INPUT_FLD>
      </RPY_DYFATC>
     </FIELDS>
     <FLOW_LOGIC>
      <RPY_DYFLOW/>
      <RPY_DYFLOW>
       <LINE>PROCESS BEFORE OUTPUT.</LINE>
      </RPY_DYFLOW>
      <RPY_DYFLOW>
       <LINE>* MODULE STATUS_9000.</LINE>
      </RPY_DYFLOW>
      <RPY_DYFLOW>
       <LINE>*</LINE>
      </RPY_DYFLOW>
      <RPY_DYFLOW>
       <LINE>PROCESS AFTER INPUT.</LINE>
      </RPY_DYFLOW>
      <RPY_DYFLOW>
       <LINE>MODULE user_command_9000 AT EXIT-COMMAND.</LINE>
      </RPY_DYFLOW>
      <RPY_DYFLOW/>
      <RPY_DYFLOW>
       <LINE>MODULE user_command_9000 .</LINE>
      </RPY_DYFLOW>
     </FLOW_LOGIC>
     <SPACES>
      <item>0</item>
      <item>0</item>
      <item>0</item>
      <item>0</item>
      <item>0</item>
      <item>2</item>
      <item>0</item>
      <item>2</item>
     </SPACES>
    </item>
   </DYNPROS>
  </asx:values>
 </asx:abap>
</abapGit>
