﻿<?xml version="1.0" encoding="utf-8"?>
<abapGit version="v1.0.0" serializer="LCL_OBJECT_ENHO" serializer_version="v1.0.0">
 <asx:abap xmlns:asx="http://www.sap.com/abapxml" version="1.0">
  <asx:values>
   <TOOL>BADI_IMPL</TOOL>
   <SHORTTEXT>Campos adicionales - datos maestros Clientes</SHORTTEXT>
   <SPOT_NAME>CUSTOMER_ADD_DATA_CS</SPOT_NAME>
   <IMPL>
    <ENH_BADI_IMPL_DATA>
     <SPOT_NAME>CUSTOMER_ADD_DATA_CS</SPOT_NAME>
     <BADI_NAME>CUSTOMER_ADD_DATA_CS</BADI_NAME>
     <IMPL_NAME>ZCUSTOMER_ADD_DATA</IMPL_NAME>
     <IMPL_CLASS>ZCUSTOMER_ADD_DATA</IMPL_CLASS>
     <ACTIVE>X</ACTIVE>
     <FILTER_ROOT>
      <ENH_BADIIMPL_FILTER_ROOT>
       <ROOT>1</ROOT>
       <FILTERS>
        <ENH_BADIIMPL_FILTER_ID>
         <FILTER_NAME>CUST_SCGR</FILTER_NAME>
         <ID>1</ID>
        </ENH_BADIIMPL_FILTER_ID>
       </FILTERS>
      </ENH_BADIIMPL_FILTER_ROOT>
     </FILTER_ROOT>
     <FILTER_VALUES>
      <ENH_BADIIMPL_FILTER_VALUE>
       <ID>1</ID>
       <FILTER_NAME>CUST_SCGR</FILTER_NAME>
       <FILTER_TYPE>C</FILTER_TYPE>
       <COMPARE>=</COMPARE>
       <FILTER_CHAR_VALUE1>Z2</FILTER_CHAR_VALUE1>
       <CHECK_TYPE>CUST_SCGR</CHECK_TYPE>
      </ENH_BADIIMPL_FILTER_VALUE>
     </FILTER_VALUES>
     <FILTERS>
      <ENH_BADI_FILTER_IMPL>
       <DISJ_IDX>1</DISJ_IDX>
       <CONJ_IDX>1</CONJ_IDX>
       <FILTER_NAME>CUST_SCGR</FILTER_NAME>
       <FILTER_TYPE>C</FILTER_TYPE>
       <COMPARE>=</COMPARE>
       <FILTER_CHAR_VALUE1>Z2</FILTER_CHAR_VALUE1>
       <CHECK_TYPE>CUST_SCGR</CHECK_TYPE>
      </ENH_BADI_FILTER_IMPL>
     </FILTERS>
     <IMPL_SHORTTEXT>Implementación Zusätzliche Daten bei den Debitoren (Trägerdynpro 4000)</IMPL_SHORTTEXT>
     <IMPL_SHORTTEXT_ID>6CAE8B2A2E211ED7ABC0A35EA4FA54E4</IMPL_SHORTTEXT_ID>
    </ENH_BADI_IMPL_DATA>
   </IMPL>
  </asx:values>
 </asx:abap>
</abapGit>
