﻿<?xml version="1.0" encoding="utf-8"?>
<abapGit version="v1.0.0" serializer="LCL_OBJECT_FUGR" serializer_version="v1.0.0">
 <asx:abap xmlns:asx="http://www.sap.com/abapxml" version="1.0">
  <asx:values>
   <AREAT>Prioridad de carga para entregas</AREAT>
   <INCLUDES>
    <SOBJ_NAME>LZENTREGA_PLANTAF01</SOBJ_NAME>
    <SOBJ_NAME>LZENTREGA_PLANTATOP</SOBJ_NAME>
    <SOBJ_NAME>SAPLZENTREGA_PLANTA</SOBJ_NAME>
   </INCLUDES>
   <FUNCTIONS>
    <item>
     <FUNCNAME>ZCARGA_ENTREGA</FUNCNAME>
     <REMOTE_CALL>R</REMOTE_CALL>
     <SHORT_TEXT>RFC Prioridad de carga por entrega</SHORT_TEXT>
     <IMPORT>
      <RSIMP>
       <PARAMETER>P_EMBARQUE</PARAMETER>
       <TYP>VBELN</TYP>
      </RSIMP>
     </IMPORT>
     <EXPORT>
      <RSEXP>
       <PARAMETER>EV_PLANTAS</PARAMETER>
       <TYP>CHAR8</TYP>
      </RSEXP>
      <RSEXP>
       <PARAMETER>EV_ALMACEN</PARAMETER>
       <TYP>LGORT_D</TYP>
      </RSEXP>
      <RSEXP>
       <PARAMETER>EV_ERROR</PARAMETER>
       <TYP>FLAG</TYP>
      </RSEXP>
     </EXPORT>
     <DOCUMENTATION>
      <RSFDO>
       <PARAMETER>P_EMBARQUE</PARAMETER>
       <KIND>P</KIND>
       <STEXT>Número de documento comercial</STEXT>
       <INDEX> 001</INDEX>
      </RSFDO>
      <RSFDO>
       <PARAMETER>EV_PLANTAS</PARAMETER>
       <KIND>P</KIND>
       <STEXT>Campo de texto, longitud 10</STEXT>
       <INDEX> 002</INDEX>
      </RSFDO>
      <RSFDO>
       <PARAMETER>EV_ALMACEN</PARAMETER>
       <KIND>P</KIND>
       <STEXT>Almacén</STEXT>
       <INDEX> 003</INDEX>
      </RSFDO>
      <RSFDO>
       <PARAMETER>EV_ERROR</PARAMETER>
       <KIND>P</KIND>
       <STEXT>Indicador general</STEXT>
       <INDEX> 004</INDEX>
      </RSFDO>
     </DOCUMENTATION>
    </item>
    <item>
     <FUNCNAME>ZVBELN_EXPORT_XML_PDF</FUNCNAME>
     <REMOTE_CALL>R</REMOTE_CALL>
     <SHORT_TEXT>Devuelve XML y PDF de Entrega de Mercancía</SHORT_TEXT>
     <IMPORT>
      <RSIMP>
       <PARAMETER>I_VBELN</PARAMETER>
       <TYP>VBELN</TYP>
      </RSIMP>
     </IMPORT>
     <EXPORT>
      <RSEXP>
       <PARAMETER>E_CODE</PARAMETER>
       <TYP>CVDEERRCOD</TYP>
      </RSEXP>
      <RSEXP>
       <PARAMETER>E_MSG</PARAMETER>
       <TYP>ZDESCERROR</TYP>
      </RSEXP>
     </EXPORT>
     <DOCUMENTATION>
      <RSFDO>
       <PARAMETER>I_VBELN</PARAMETER>
       <KIND>P</KIND>
       <STEXT>Número de documento comercial</STEXT>
       <INDEX> 001</INDEX>
      </RSFDO>
      <RSFDO>
       <PARAMETER>E_CODE</PARAMETER>
       <KIND>P</KIND>
       <STEXT>Código de error</STEXT>
       <INDEX> 002</INDEX>
      </RSFDO>
      <RSFDO>
       <PARAMETER>E_MSG</PARAMETER>
       <KIND>P</KIND>
       <STEXT>Descripcion Error</STEXT>
       <INDEX> 003</INDEX>
      </RSFDO>
     </DOCUMENTATION>
    </item>
   </FUNCTIONS>
  </asx:values>
 </asx:abap>
</abapGit>
