﻿<?xml version="1.0" encoding="utf-8"?>
<abapGit version="v1.0.0" serializer="LCL_OBJECT_ENHO" serializer_version="v1.0.0">
 <asx:abap xmlns:asx="http://www.sap.com/abapxml" version="1.0">
  <asx:values>
   <TOOL>HOOK_IMPL</TOOL>
   <SHORTTEXT>Texto metodo de pago por &quot;NA&quot;</SHORTTEXT>
   <ORIGINAL_OBJECT>
    <PGMID>R3TR</PGMID>
    <ORG_OBJ_TYPE>FUGR</ORG_OBJ_TYPE>
    <ORG_OBJ_NAME>IDMX_DI_UTILITY</ORG_OBJ_NAME>
    <ORG_MAIN_TYPE>FUGR</ORG_MAIN_TYPE>
    <ORG_MAIN_NAME>IDMX_DI_UTILITY</ORG_MAIN_NAME>
    <PROGRAMNAME>SAPLIDMX_DI_UTILITY</PROGRAMNAME>
   </ORIGINAL_OBJECT>
   <ENHANCEMENTS>
    <ENH_HOOK_IMPL>
     <PROGRAMNAME>SAPLIDMX_DI_UTILITY</PROGRAMNAME>
     <EXTID>1</EXTID>
     <ID>1</ID>
     <ENHMODE>D</ENHMODE>
     <FULL_NAME>\FU:IDMX_DI_GET_MEANS_OF_PAYMENT\SE:END\EI</FULL_NAME>
     <SOURCE>
      <item/>
      <item>IF ev_means_of_payment = lc_means_of_payment_unknown. &quot; &apos;No identificado&apos;</item>
      <item/>
      <item>CLEAR  ev_means_of_payment.</item>
      <item/>
      <item>ENDIF.</item>
      <item/>
     </SOURCE>
    </ENH_HOOK_IMPL>
   </ENHANCEMENTS>
   <SPACES>
    <item>
     <FULL_NAME>\FU:IDMX_DI_GET_MEANS_OF_PAYMENT\SE:END\EI</FULL_NAME>
     <SPACES>
      <item>0</item>
      <item>4</item>
      <item>0</item>
      <item>6</item>
      <item>0</item>
      <item>4</item>
      <item>0</item>
     </SPACES>
    </item>
   </SPACES>
  </asx:values>
 </asx:abap>
</abapGit>
