﻿<?xml version="1.0" encoding="utf-8"?>
<abapGit version="v1.0.0" serializer="LCL_OBJECT_DTEL" serializer_version="v1.0.0">
 <asx:abap xmlns:asx="http://www.sap.com/abapxml" version="1.0">
  <asx:values>
   <DD04V>
    <ROLLNAME>ZFHENTRADA</ROLLNAME>
    <DDLANGUAGE>S</DDLANGUAGE>
    <DOMNAME>DATUM</DOMNAME>
    <HEADLEN>08</HEADLEN>
    <SCRLEN1>06</SCRLEN1>
    <SCRLEN2>15</SCRLEN2>
    <SCRLEN3>25</SCRLEN3>
    <DDTEXT>Fecha entrada real</DDTEXT>
    <REPTEXT>Fe.Ent.R</REPTEXT>
    <SCRTEXT_S>F.Real</SCRTEXT_S>
    <SCRTEXT_M>Fe.Ent.Real</SCRTEXT_M>
    <SCRTEXT_L>Fecha Entrada Real</SCRTEXT_L>
    <DTELMASTER>S</DTELMASTER>
    <REFKIND>D</REFKIND>
   </DD04V>
  </asx:values>
 </asx:abap>
</abapGit>
