﻿<?xml version="1.0" encoding="utf-8"?>
<abapGit version="v1.0.0" serializer="LCL_OBJECT_ENHO" serializer_version="v1.0.0">
 <asx:abap xmlns:asx="http://www.sap.com/abapxml" version="1.0">
  <asx:values>
   <TOOL>HOOK_IMPL</TOOL>
   <SHORTTEXT>Cambios en clasificación correo cliente</SHORTTEXT>
   <ORIGINAL_OBJECT>
    <PGMID>R3TR</PGMID>
    <ORG_OBJ_TYPE>FUGR</ORG_OBJ_TYPE>
    <ORG_OBJ_NAME>SZA6</ORG_OBJ_NAME>
    <ORG_MAIN_TYPE>FUGR</ORG_MAIN_TYPE>
    <ORG_MAIN_NAME>SZA6</ORG_MAIN_NAME>
    <PROGRAMNAME>SAPLSZA6</PROGRAMNAME>
   </ORIGINAL_OBJECT>
   <ENHANCEMENTS>
    <ENH_HOOK_IMPL>
     <PROGRAMNAME>SAPLSZA6</PROGRAMNAME>
     <EXTID>1</EXTID>
     <ID>1</ID>
     <ENHMODE>D</ENHMODE>
     <FULL_NAME>\PR:SAPLSZA6\FO:DYNPRO_UPDATE_LINE\SE:END\EI</FULL_NAME>
     <SOURCE>
      <item/>
      <item>CONSTANTS: l_field(15) VALUE &apos;ZZADR-COMM_TYPE&apos;.</item>
      <item/>
      <item>FIELD-SYMBOLS: &lt;l_field_comm&gt;,</item>
      <item>&lt;lv_comm_type_s&gt;  LIKE zzadr-comm_type.</item>
      <item/>
      <item/>
      <item>IF sy-dynnr = &apos;0600&apos;.</item>
      <item/>
      <item>ASSIGN (l_field) TO &lt;lv_comm_type_s&gt;.</item>
      <item/>
      <item>CHECK  &lt;lv_comm_type_s&gt; IS ASSIGNED.</item>
      <item/>
      <item>IF &lt;lv_comm_type&gt; &lt;&gt; &lt;lv_comm_type_s&gt;.</item>
      <item/>
      <item>lv_changes =  c_yes.</item>
      <item/>
      <item>g_modif_clasf = c_yes.</item>
      <item/>
      <item>g_comm_data_has_changed = c_yes.</item>
      <item/>
      <item>&lt;lv_comm_type&gt;     = &lt;lv_comm_type_s&gt;.</item>
      <item/>
      <item>MODIFY ct_comm INDEX &lt;lv_current_line&gt;.</item>
      <item/>
      <item>ENDIF .</item>
      <item/>
      <item>ENDIF.</item>
      <item/>
     </SOURCE>
    </ENH_HOOK_IMPL>
   </ENHANCEMENTS>
   <SPACES>
    <item>
     <FULL_NAME>\PR:SAPLSZA6\FO:DYNPRO_UPDATE_LINE\SE:END\EI</FULL_NAME>
     <SPACES>
      <item>0</item>
      <item>4</item>
      <item>0</item>
      <item>4</item>
      <item>19</item>
      <item>0</item>
      <item>0</item>
      <item>4</item>
      <item>0</item>
      <item>6</item>
      <item>0</item>
      <item>6</item>
      <item>0</item>
      <item>6</item>
      <item>0</item>
      <item>8</item>
      <item>0</item>
      <item>8</item>
      <item>0</item>
      <item>8</item>
      <item>0</item>
      <item>8</item>
      <item>0</item>
      <item>8</item>
      <item>0</item>
      <item>6</item>
      <item>0</item>
      <item>4</item>
      <item>0</item>
     </SPACES>
    </item>
   </SPACES>
  </asx:values>
 </asx:abap>
</abapGit>
