﻿<?xml version="1.0" encoding="utf-8"?>
<abapGit version="v1.0.0" serializer="LCL_OBJECT_ENHO" serializer_version="v1.0.0">
 <asx:abap xmlns:asx="http://www.sap.com/abapxml" version="1.0">
  <asx:values>
   <TOOL>HOOK_IMPL</TOOL>
   <SHORTTEXT>Guarda Clasificación Correo Clientes</SHORTTEXT>
   <ORIGINAL_OBJECT>
    <PGMID>R3TR</PGMID>
    <ORG_OBJ_TYPE>FUGR</ORG_OBJ_TYPE>
    <ORG_OBJ_NAME>SZA6</ORG_OBJ_NAME>
    <ORG_MAIN_TYPE>FUGR</ORG_MAIN_TYPE>
    <ORG_MAIN_NAME>SZA6</ORG_MAIN_NAME>
    <PROGRAMNAME>SAPLSZA6</PROGRAMNAME>
   </ORIGINAL_OBJECT>
   <ENHANCEMENTS>
    <ENH_HOOK_IMPL>
     <PROGRAMNAME>SAPLSZA6</PROGRAMNAME>
     <EXTID>1</EXTID>
     <ID>1</ID>
     <ENHMODE>S</ENHMODE>
     <FULL_NAME>\PR:SAPLSZA6\FO:D0600_SAVE_DATA\SE:END\EI</FULL_NAME>
     <SOURCE>
      <item>DATA: ls_adr TYPE zzadr,</item>
      <item>lt_adr TYPE TABLE OF zzadr,</item>
      <item>ls_dyn LIKE LINE OF g_d0600_adsmtp.</item>
      <item/>
      <item/>
      <item>***GUARDA DATOS</item>
      <item/>
      <item>IF sy-tcode = &apos;XD01&apos;.</item>
      <item/>
      <item>EXPORT g_d0600_adsmtp TO MEMORY ID &apos;ZADSMTP&apos;.</item>
      <item/>
      <item>ELSEIF g_modif_clasf = c_yes.</item>
      <item/>
      <item>REFRESH lt_adr.</item>
      <item/>
      <item>DELETE FROM zzadr WHERE addrnumber = g_address_number.</item>
      <item/>
      <item>COMMIT WORK AND WAIT.</item>
      <item/>
      <item>LOOP AT g_d0600_adsmtp INTO ls_dyn.</item>
      <item/>
      <item>CLEAR ls_adr.</item>
      <item/>
      <item>ls_adr-addrnumber = g_address_number.</item>
      <item/>
      <item>ls_adr-consnumber = ls_dyn-consnumber.</item>
      <item/>
      <item>ls_adr-comm_type  = ls_dyn-comm_type.</item>
      <item/>
      <item>APPEND ls_adr TO lt_adr.</item>
      <item/>
      <item>ENDLOOP.</item>
      <item/>
      <item>INSERT zzadr FROM TABLE lt_adr.</item>
      <item/>
      <item>COMMIT WORK AND WAIT.</item>
      <item/>
      <item>ENDIF.</item>
      <item/>
     </SOURCE>
    </ENH_HOOK_IMPL>
   </ENHANCEMENTS>
   <SPACES>
    <item>
     <FULL_NAME>\PR:SAPLSZA6\FO:D0600_SAVE_DATA\SE:END\EI</FULL_NAME>
     <SPACES>
      <item>4</item>
      <item>10</item>
      <item>10</item>
      <item>0</item>
      <item>0</item>
      <item>0</item>
      <item>0</item>
      <item>4</item>
      <item>0</item>
      <item>6</item>
      <item>0</item>
      <item>2</item>
      <item>0</item>
      <item>6</item>
      <item>0</item>
      <item>6</item>
      <item>0</item>
      <item>6</item>
      <item>0</item>
      <item>6</item>
      <item>0</item>
      <item>8</item>
      <item>0</item>
      <item>8</item>
      <item>0</item>
      <item>8</item>
      <item>0</item>
      <item>8</item>
      <item>0</item>
      <item>8</item>
      <item>0</item>
      <item>6</item>
      <item>0</item>
      <item>6</item>
      <item>0</item>
      <item>6</item>
      <item>0</item>
      <item>4</item>
      <item>0</item>
     </SPACES>
    </item>
   </SPACES>
  </asx:values>
 </asx:abap>
</abapGit>
