﻿<?xml version="1.0" encoding="utf-8"?>
<abapGit version="v1.0.0" serializer="LCL_OBJECT_ENHO" serializer_version="v1.0.0">
 <asx:abap xmlns:asx="http://www.sap.com/abapxml" version="1.0">
  <asx:values>
   <TOOL>HOOK_IMPL</TOOL>
   <SHORTTEXT>Obtiene datos clasificación correo electrónico</SHORTTEXT>
   <ORIGINAL_OBJECT>
    <PGMID>R3TR</PGMID>
    <ORG_OBJ_TYPE>FUGR</ORG_OBJ_TYPE>
    <ORG_OBJ_NAME>SZA6</ORG_OBJ_NAME>
    <ORG_MAIN_TYPE>FUGR</ORG_MAIN_TYPE>
    <ORG_MAIN_NAME>SZA6</ORG_MAIN_NAME>
    <PROGRAMNAME>SAPLSZA6</PROGRAMNAME>
   </ORIGINAL_OBJECT>
   <ENHANCEMENTS>
    <ENH_HOOK_IMPL>
     <PROGRAMNAME>SAPLSZA6</PROGRAMNAME>
     <EXTID>1</EXTID>
     <ID>1</ID>
     <ENHMODE>D</ENHMODE>
     <FULL_NAME>\PR:SAPLSZA6\FO:D0600_INIT\SE:END\EI</FULL_NAME>
     <SOURCE>
      <item/>
      <item>DATA: ls_adr TYPE zzadr,</item>
      <item>lt_adr TYPE TABLE OF zzadr.</item>
      <item/>
      <item>FIELD-symbols: &lt;wa&gt; LIKE LINE OF g_d0600_adsmtp.</item>
      <item/>
      <item>**CARGA DATOS</item>
      <item/>
      <item>IF sy-tcode = &apos;XD01&apos;.</item>
      <item/>
      <item>*     REFRESH g_d0600_adsmtp.</item>
      <item/>
      <item>IMPORT g_d0600_adsmtp  TO g_d0600_adsmtp FROM MEMORY ID &apos;ZADSMTP&apos;.</item>
      <item/>
      <item>ELSE.</item>
      <item/>
      <item>REFRESH lt_adr.</item>
      <item/>
      <item>SELECT * FROM zzadr INTO TABLE lt_adr</item>
      <item>WHERE addrnumber = g_address_number.</item>
      <item/>
      <item/>
      <item>IF sy-subrc EQ 0.</item>
      <item/>
      <item>LOOP AT g_d0600_adsmtp ASSIGNING &lt;wa&gt;.</item>
      <item/>
      <item>CLEAR ls_adr.</item>
      <item/>
      <item>READ TABLE lt_adr INTO ls_adr</item>
      <item>WITH KEY addrnumber = g_address_number</item>
      <item>consnumber = &lt;wa&gt;-consnumber.</item>
      <item/>
      <item>IF sy-subrc EQ 0.</item>
      <item/>
      <item>&lt;wa&gt;-comm_type  = ls_adr-comm_type.</item>
      <item/>
      <item>ENDIF.</item>
      <item/>
      <item>ENDLOOP.</item>
      <item/>
      <item>ENDIF.</item>
      <item/>
      <item>ENDIF.</item>
      <item/>
     </SOURCE>
    </ENH_HOOK_IMPL>
   </ENHANCEMENTS>
   <SPACES>
    <item>
     <FULL_NAME>\PR:SAPLSZA6\FO:D0600_INIT\SE:END\EI</FULL_NAME>
     <SPACES>
      <item>0</item>
      <item>4</item>
      <item>10</item>
      <item>0</item>
      <item>4</item>
      <item>0</item>
      <item>0</item>
      <item>0</item>
      <item>4</item>
      <item>0</item>
      <item>0</item>
      <item>0</item>
      <item>5</item>
      <item>0</item>
      <item>4</item>
      <item>0</item>
      <item>6</item>
      <item>0</item>
      <item>6</item>
      <item>6</item>
      <item>0</item>
      <item>0</item>
      <item>6</item>
      <item>0</item>
      <item>8</item>
      <item>0</item>
      <item>10</item>
      <item>0</item>
      <item>10</item>
      <item>10</item>
      <item>10</item>
      <item>0</item>
      <item>10</item>
      <item>0</item>
      <item>12</item>
      <item>0</item>
      <item>10</item>
      <item>0</item>
      <item>8</item>
      <item>0</item>
      <item>6</item>
      <item>0</item>
      <item>4</item>
      <item>0</item>
     </SPACES>
    </item>
   </SPACES>
  </asx:values>
 </asx:abap>
</abapGit>
