﻿<?xml version="1.0" encoding="utf-8"?>
<abapGit version="v1.0.0" serializer="LCL_OBJECT_FUGR" serializer_version="v1.0.0">
 <asx:abap xmlns:asx="http://www.sap.com/abapxml" version="1.0">
  <asx:values>
   <AREAT>MF devuelve No. de Pagos en el mes</AREAT>
   <INCLUDES>
    <SOBJ_NAME>LZFI_INTER_PAGOSTOP</SOBJ_NAME>
    <SOBJ_NAME>SAPLZFI_INTER_PAGOS</SOBJ_NAME>
   </INCLUDES>
   <FUNCTIONS>
    <item>
     <FUNCNAME>ZFI_PAGOS_MES</FUNCNAME>
     <SHORT_TEXT>Devuelve Pagos en el mes</SHORT_TEXT>
     <IMPORT>
      <RSIMP>
       <PARAMETER>IDATE</PARAMETER>
       <REFERENCE>X</REFERENCE>
       <TYP>DATE</TYP>
      </RSIMP>
     </IMPORT>
     <EXPORT>
      <RSEXP>
       <PARAMETER>E_RESULT</PARAMETER>
       <REFERENCE>X</REFERENCE>
       <TYP>BRF_RESULT_VALUE</TYP>
      </RSEXP>
     </EXPORT>
     <DOCUMENTATION>
      <RSFDO>
       <PARAMETER>IDATE</PARAMETER>
       <KIND>P</KIND>
       <STEXT>Fecha con formato CHAR</STEXT>
       <INDEX> 001</INDEX>
      </RSFDO>
      <RSFDO>
       <PARAMETER>E_RESULT</PARAMETER>
       <KIND>P</KIND>
       <STEXT>Resultado</STEXT>
       <INDEX> 002</INDEX>
      </RSFDO>
     </DOCUMENTATION>
    </item>
   </FUNCTIONS>
  </asx:values>
 </asx:abap>
</abapGit>
