﻿<?xml version="1.0" encoding="utf-8"?>
<abapGit version="v1.0.0" serializer="LCL_OBJECT_FUGR" serializer_version="v1.0.0">
 <asx:abap xmlns:asx="http://www.sap.com/abapxml" version="1.0">
  <asx:values>
   <AREAT>Grupo Funcion RFC Interfaces</AREAT>
   <INCLUDES>
    <SOBJ_NAME>LZFUNCTIONSTOP</SOBJ_NAME>
    <SOBJ_NAME>SAPLZFUNCTIONS</SOBJ_NAME>
   </INCLUDES>
   <FUNCTIONS>
    <item>
     <FUNCNAME>ZCALL_BAPI_01</FUNCNAME>
     <REMOTE_CALL>R</REMOTE_CALL>
     <SHORT_TEXT>Llamado BAPI en Interfaces</SHORT_TEXT>
     <IMPORT>
      <RSIMP>
       <PARAMETER>NAME_BAPI</PARAMETER>
       <TYP>RS38L_FNAM</TYP>
      </RSIMP>
      <RSIMP>
       <PARAMETER>I_DATE</PARAMETER>
       <TYP>TB_DVALUTX</TYP>
      </RSIMP>
     </IMPORT>
     <EXPORT>
      <RSEXP>
       <PARAMETER>E_RESULT</PARAMETER>
       <TYP>BRF_RESULT_VALUE</TYP>
      </RSEXP>
     </EXPORT>
     <EXCEPTION>
      <RSEXC>
       <EXCEPTION>MISSING_NAME</EXCEPTION>
      </RSEXC>
      <RSEXC>
       <EXCEPTION>MISSING_DATE</EXCEPTION>
      </RSEXC>
      <RSEXC>
       <EXCEPTION>BAPI_NO_FOUND</EXCEPTION>
      </RSEXC>
      <RSEXC>
       <EXCEPTION>DATE_ERROR</EXCEPTION>
      </RSEXC>
     </EXCEPTION>
     <DOCUMENTATION>
      <RSFDO>
       <PARAMETER>NAME_BAPI</PARAMETER>
       <KIND>P</KIND>
       <STEXT>Nombre del módulo de funciones</STEXT>
       <INDEX> 001</INDEX>
      </RSFDO>
      <RSFDO>
       <PARAMETER>I_DATE</PARAMETER>
       <KIND>P</KIND>
       <STEXT>Fecha con formato CHAR</STEXT>
       <INDEX> 002</INDEX>
      </RSFDO>
      <RSFDO>
       <PARAMETER>E_RESULT</PARAMETER>
       <KIND>P</KIND>
       <STEXT>Resultado</STEXT>
       <INDEX> 003</INDEX>
      </RSFDO>
      <RSFDO>
       <PARAMETER>MISSING_NAME</PARAMETER>
       <KIND>X</KIND>
       <INDEX> 004</INDEX>
      </RSFDO>
      <RSFDO>
       <PARAMETER>MISSING_DATE</PARAMETER>
       <KIND>X</KIND>
       <INDEX> 005</INDEX>
      </RSFDO>
      <RSFDO>
       <PARAMETER>BAPI_NO_FOUND</PARAMETER>
       <KIND>X</KIND>
       <INDEX> 006</INDEX>
      </RSFDO>
      <RSFDO>
       <PARAMETER>DATE_ERROR</PARAMETER>
       <KIND>X</KIND>
       <INDEX> 007</INDEX>
      </RSFDO>
     </DOCUMENTATION>
    </item>
   </FUNCTIONS>
  </asx:values>
 </asx:abap>
</abapGit>
