﻿<?xml version="1.0" encoding="utf-8"?>
<abapGit version="v1.0.0" serializer="LCL_OBJECT_DTEL" serializer_version="v1.0.0">
 <asx:abap xmlns:asx="http://www.sap.com/abapxml" version="1.0">
  <asx:values>
   <DD04V>
    <ROLLNAME>ZGPO_MAT</ROLLNAME>
    <DDLANGUAGE>S</DDLANGUAGE>
    <DOMNAME>ZGPO_MAT</DOMNAME>
    <HEADLEN>20</HEADLEN>
    <SCRLEN1>05</SCRLEN1>
    <SCRLEN2>10</SCRLEN2>
    <SCRLEN3>15</SCRLEN3>
    <DDTEXT>Calve de Grupo de Material</DDTEXT>
    <REPTEXT>Clave Grupo Material</REPTEXT>
    <SCRTEXT_S>CGpo.</SCRTEXT_S>
    <SCRTEXT_M>Cve.Gpo.</SCRTEXT_M>
    <SCRTEXT_L>Clave Gpo. Mat.</SCRTEXT_L>
    <DTELMASTER>S</DTELMASTER>
    <REFKIND>D</REFKIND>
   </DD04V>
  </asx:values>
 </asx:abap>
</abapGit>
