﻿<?xml version="1.0" encoding="utf-8"?>
<abapGit version="v1.0.0" serializer="LCL_OBJECT_ENHO" serializer_version="v1.0.0">
 <asx:abap xmlns:asx="http://www.sap.com/abapxml" version="1.0">
  <asx:values>
   <TOOL>HOOK_IMPL</TOOL>
   <SHORTTEXT>Fecha propuesta Entrega</SHORTTEXT>
   <ORIGINAL_OBJECT>
    <PGMID>R3TR</PGMID>
    <ORG_OBJ_TYPE>PROG</ORG_OBJ_TYPE>
    <ORG_OBJ_NAME>SAPMV50A</ORG_OBJ_NAME>
    <ORG_MAIN_TYPE>PROG</ORG_MAIN_TYPE>
    <ORG_MAIN_NAME>SAPMV50A</ORG_MAIN_NAME>
    <PROGRAMNAME>SAPMV50A</PROGRAMNAME>
   </ORIGINAL_OBJECT>
   <ENHANCEMENTS>
    <ENH_HOOK_IMPL>
     <PROGRAMNAME>SAPMV50A</PROGRAMNAME>
     <EXTID>3</EXTID>
     <ID>3</ID>
     <ENHMODE>D</ENHMODE>
     <FULL_NAME>\PR:SAPMV50A\FO:USEREXIT_READ_DOCUMENT\SE:BEGIN\EI</FULL_NAME>
     <SOURCE>
      <item>DATA: IT_FECPROP TYPE STANDARD TABLE OF ZLIKP_FECPROP.</item>
      <item/>
      <item>IF SY-TCODE = &apos;VL01N&apos; OR SY-TCODE = &apos;VL02N&apos;.</item>
      <item>SELECT * INTO CORRESPONDING FIELDS OF TABLE IT_FECPROP</item>
      <item>FROM zlikp_fecprop WHERE VBELN = likp-vbeln.</item>
      <item>IF SY-SUBRC NE 0 AND likp-vstel EQ &apos;2000&apos;.</item>
      <item>MESSAGE &apos;Favor de proponer una fecha de entrega en la opción Pasar a/Cabecera/Datos extra.&apos; TYPE &apos;I&apos;.</item>
      <item>ENDIF.</item>
      <item>ENDIF.</item>
     </SOURCE>
    </ENH_HOOK_IMPL>
    <ENH_HOOK_IMPL>
     <PROGRAMNAME>SAPMV50A</PROGRAMNAME>
     <EXTID>4</EXTID>
     <ID>4</ID>
     <ENHMODE>D</ENHMODE>
     <FULL_NAME>\PR:SAPMV50A\FO:USEREXIT_SAVE_DOCUMENT_PREPARE\SE:BEGIN\EI</FULL_NAME>
     <SOURCE>
      <item>*  DATA: IT_FECPROP TYPE STANDARD TABLE OF ZLIKP_FECPROP.</item>
      <item>*</item>
      <item>*  IF SY-TCODE = &apos;VL01N&apos; OR SY-TCODE = &apos;VL02N&apos;.</item>
      <item>*    SELECT * INTO CORRESPONDING FIELDS OF TABLE IT_FECPROP</item>
      <item>*      FROM zlikp_fecprop WHERE VBELN = likp-vbeln.</item>
      <item>*    IF SY-SUBRC NE 0.</item>
      <item>*      MESSAGE &apos;Favor de proponer una fecha de entrega en la opción Pasar a/Cabecera/Datos extra.&apos; TYPE &apos;I&apos;.</item>
      <item>*</item>
      <item>*      &quot;Se utiliza para permanecer en la pantalla sin guardar y obligar a que generen una fecha propuesta:</item>
      <item>**      PERFORM FOLGE_GLEICHSETZEN(SAPLV00F).</item>
      <item>**      FCODE = &apos;ENT1&apos;.</item>
      <item>**      SET SCREEN SYST-DYNNR.</item>
      <item>**      LEAVE SCREEN.</item>
      <item>*    ENDIF.</item>
      <item>*  ENDIF.</item>
      <item/>
     </SOURCE>
    </ENH_HOOK_IMPL>
    <ENH_HOOK_IMPL>
     <PROGRAMNAME>SAPMV50A</PROGRAMNAME>
     <EXTID>5</EXTID>
     <ID>5</ID>
     <ENHMODE>S</ENHMODE>
     <FULL_NAME>\PR:SAPMV50A\FO:USEREXIT_SAVE_DOCUMENT\SE:END\EI</FULL_NAME>
     <SOURCE>
      <item>DATA: LV_FECPROP    TYPE ZLIKP_FECPROP,</item>
      <item>zlikp_fecprop TYPE zlikp_fecprop.</item>
      <item>IF SY-TCODE = &apos;VL01N&apos; OR SY-TCODE = &apos;VL02N&apos;.</item>
      <item>IMPORT lv_fecprop FROM MEMORY ID &apos;ZLIKP_FECPROP_IT&apos;.</item>
      <item>IF lv_fecprop IS NOT INITIAL.</item>
      <item>lv_fecprop-vbeln = likp-vbeln.</item>
      <item>SELECT * FROM zlikp_fecprop WHERE VBELN = likp-vbeln.ENDSELECT.</item>
      <item>IF SY-SUBRC EQ 0.</item>
      <item>MODIFY zlikp_fecprop FROM lv_fecprop.</item>
      <item>ELSE.</item>
      <item>INSERT zlikp_fecprop FROM lv_fecprop.</item>
      <item>ENDIF.</item>
      <item>ELSE.</item>
      <item>IF likp-vstel EQ &apos;2000&apos;.</item>
      <item>MESSAGE &apos;Favor de proponer una fecha de entrega en la opción Pasar a/Cabecera/Datos extra.&apos; TYPE &apos;I&apos;.</item>
      <item>ENDIF.</item>
      <item>ENDIF.</item>
      <item>FREE MEMORY ID &apos;ZLIKP_FECPROP_IT&apos;.</item>
      <item>ENDIF.</item>
     </SOURCE>
    </ENH_HOOK_IMPL>
   </ENHANCEMENTS>
   <SPACES>
    <item>
     <FULL_NAME>\PR:SAPMV50A\FO:USEREXIT_READ_DOCUMENT\SE:BEGIN\EI</FULL_NAME>
     <SPACES>
      <item>2</item>
      <item>0</item>
      <item>2</item>
      <item>4</item>
      <item>6</item>
      <item>4</item>
      <item>6</item>
      <item>4</item>
      <item>2</item>
     </SPACES>
    </item>
    <item>
     <FULL_NAME>\PR:SAPMV50A\FO:USEREXIT_SAVE_DOCUMENT_PREPARE\SE:BEGIN\EI</FULL_NAME>
     <SPACES>
      <item>0</item>
      <item>0</item>
      <item>0</item>
      <item>0</item>
      <item>0</item>
      <item>0</item>
      <item>0</item>
      <item>0</item>
      <item>0</item>
      <item>0</item>
      <item>0</item>
      <item>0</item>
      <item>0</item>
      <item>0</item>
      <item>0</item>
      <item>0</item>
     </SPACES>
    </item>
    <item>
     <FULL_NAME>\PR:SAPMV50A\FO:USEREXIT_SAVE_DOCUMENT\SE:END\EI</FULL_NAME>
     <SPACES>
      <item>2</item>
      <item>8</item>
      <item>2</item>
      <item>4</item>
      <item>4</item>
      <item>6</item>
      <item>6</item>
      <item>6</item>
      <item>8</item>
      <item>6</item>
      <item>8</item>
      <item>6</item>
      <item>4</item>
      <item>6</item>
      <item>8</item>
      <item>6</item>
      <item>4</item>
      <item>4</item>
      <item>2</item>
     </SPACES>
    </item>
   </SPACES>
  </asx:values>
 </asx:abap>
</abapGit>
