﻿<?xml version="1.0" encoding="utf-8"?>
<abapGit version="v1.0.0" serializer="LCL_OBJECT_ENHO" serializer_version="v1.0.0">
 <asx:abap xmlns:asx="http://www.sap.com/abapxml" version="1.0">
  <asx:values>
   <TOOL>HOOK_IMPL</TOOL>
   <SHORTTEXT>Vía de Pago Entrega</SHORTTEXT>
   <ORIGINAL_OBJECT>
    <PGMID>R3TR</PGMID>
    <ORG_OBJ_TYPE>PROG</ORG_OBJ_TYPE>
    <ORG_OBJ_NAME>SAPMV50A</ORG_OBJ_NAME>
    <ORG_MAIN_TYPE>PROG</ORG_MAIN_TYPE>
    <ORG_MAIN_NAME>SAPMV50A</ORG_MAIN_NAME>
    <PROGRAMNAME>SAPMV50A</PROGRAMNAME>
   </ORIGINAL_OBJECT>
   <ENHANCEMENTS>
    <ENH_HOOK_IMPL>
     <PROGRAMNAME>SAPMV50A</PROGRAMNAME>
     <EXTID>2</EXTID>
     <ID>2</ID>
     <ENHMODE>D</ENHMODE>
     <FULL_NAME>\PR:SAPMV50A\FO:USEREXIT_SAVE_DOCUMENT\SE:END\EI</FULL_NAME>
     <SOURCE>
      <item/>
      <item>data: g_zlsch type zpaymethod_sat,</item>
      <item>*       g_bankn type bankn,</item>
      <item>l_zwels type zpaymethod_sat,</item>
      <item>ls_zlikp type zlikp_zlsch.</item>
      <item/>
      <item/>
      <item>IF SY-TCODE = &apos;VL01N&apos;.</item>
      <item/>
      <item>IMPORT G_ZLSCH FROM MEMORY ID &apos;ZLIKP_ZLSCH&apos;.</item>
      <item>*      IMPORT G_BANKN FROM MEMORY ID &apos;ZLIKP_ZLSCH_BANKN&apos;.</item>
      <item/>
      <item>select single zwels_sat INTO l_zwels</item>
      <item>from zidmx_cat_fopago</item>
      <item>where zwels_sat = g_zlsch.</item>
      <item/>
      <item>if sy-subrc ne 0.</item>
      <item/>
      <item>CLEAR g_zlsch.</item>
      <item/>
      <item>endif.</item>
      <item/>
      <item>ls_zlikp-vbeln = likp-vbeln.</item>
      <item>ls_zlikp-zlsch = g_zlsch.</item>
      <item>*        ls_zlikp-bankn = g_bankn.</item>
      <item/>
      <item>modify zlikp_zlsch from ls_zlikp.</item>
      <item/>
      <item/>
      <item>FREE MEMORY ID &apos;ZLIKP_ZLSCH&apos;.</item>
      <item>*      FREE MEMORY ID &apos;ZLIKP_ZLSCH_BANKN&apos;.</item>
      <item/>
      <item>ENDIF.</item>
      <item/>
     </SOURCE>
    </ENH_HOOK_IMPL>
   </ENHANCEMENTS>
   <SPACES>
    <item>
     <FULL_NAME>\PR:SAPMV50A\FO:USEREXIT_SAVE_DOCUMENT\SE:END\EI</FULL_NAME>
     <SPACES>
      <item>0</item>
      <item>1</item>
      <item>0</item>
      <item>7</item>
      <item>7</item>
      <item>0</item>
      <item>0</item>
      <item>4</item>
      <item>0</item>
      <item>6</item>
      <item>0</item>
      <item>0</item>
      <item>6</item>
      <item>6</item>
      <item>6</item>
      <item>0</item>
      <item>6</item>
      <item>0</item>
      <item>8</item>
      <item>0</item>
      <item>6</item>
      <item>0</item>
      <item>8</item>
      <item>8</item>
      <item>0</item>
      <item>0</item>
      <item>8</item>
      <item>0</item>
      <item>0</item>
      <item>6</item>
      <item>0</item>
      <item>0</item>
      <item>4</item>
      <item>0</item>
     </SPACES>
    </item>
   </SPACES>
  </asx:values>
 </asx:abap>
</abapGit>
