﻿<?xml version="1.0" encoding="utf-8"?>
<abapGit version="v1.0.0" serializer="LCL_OBJECT_DTEL" serializer_version="v1.0.0">
 <asx:abap xmlns:asx="http://www.sap.com/abapxml" version="1.0">
  <asx:values>
   <DD04V>
    <ROLLNAME>ZNO_LOG_PP</ROLLNAME>
    <DDLANGUAGE>S</DDLANGUAGE>
    <DOMNAME>ZNO_LOG_PP</DOMNAME>
    <HEADLEN>05</HEADLEN>
    <SCRLEN1>07</SCRLEN1>
    <SCRLEN2>10</SCRLEN2>
    <SCRLEN3>15</SCRLEN3>
    <DDTEXT>Número de Log diferencias de produción</DDTEXT>
    <REPTEXT>Log</REPTEXT>
    <SCRTEXT_S>No. Log</SCRTEXT_S>
    <SCRTEXT_M>No. de Log</SCRTEXT_M>
    <SCRTEXT_L>Número de Log</SCRTEXT_L>
    <DTELMASTER>S</DTELMASTER>
    <REFKIND>D</REFKIND>
   </DD04V>
  </asx:values>
 </asx:abap>
</abapGit>
