﻿<?xml version="1.0" encoding="utf-8"?>
<abapGit version="v1.0.0" serializer="LCL_OBJECT_DTEL" serializer_version="v1.0.0">
 <asx:abap xmlns:asx="http://www.sap.com/abapxml" version="1.0">
  <asx:values>
   <DD04V>
    <ROLLNAME>ZNUMFLETE</ROLLNAME>
    <DDLANGUAGE>S</DDLANGUAGE>
    <DOMNAME>ZFLETE</DOMNAME>
    <HEADLEN>25</HEADLEN>
    <SCRLEN1>05</SCRLEN1>
    <SCRLEN2>10</SCRLEN2>
    <SCRLEN3>15</SCRLEN3>
    <DDTEXT>No. del bloque de registro de fletes</DDTEXT>
    <REPTEXT>No. Registro de Fletes</REPTEXT>
    <SCRTEXT_S>ReFte</SCRTEXT_S>
    <SCRTEXT_M>Reg.Flete</SCRTEXT_M>
    <SCRTEXT_L>No. Reg. Fletes</SCRTEXT_L>
    <DTELMASTER>S</DTELMASTER>
    <REFKIND>D</REFKIND>
   </DD04V>
  </asx:values>
 </asx:abap>
</abapGit>
