﻿<?xml version="1.0" encoding="utf-8"?>
<abapGit version="v1.0.0" serializer="LCL_OBJECT_DTEL" serializer_version="v1.0.0">
 <asx:abap xmlns:asx="http://www.sap.com/abapxml" version="1.0">
  <asx:values>
   <DD04V>
    <ROLLNAME>ZOBSERV</ROLLNAME>
    <DDLANGUAGE>S</DDLANGUAGE>
    <HEADLEN>10</HEADLEN>
    <SCRLEN1>05</SCRLEN1>
    <SCRLEN2>10</SCRLEN2>
    <SCRLEN3>20</SCRLEN3>
    <DDTEXT>Campo Texto Observaciones</DDTEXT>
    <REPTEXT>Observ</REPTEXT>
    <SCRTEXT_S>Obser</SCRTEXT_S>
    <SCRTEXT_M>Observ</SCRTEXT_M>
    <SCRTEXT_L>Observaciones</SCRTEXT_L>
    <DTELMASTER>S</DTELMASTER>
    <DATATYPE>STRG</DATATYPE>
   </DD04V>
  </asx:values>
 </asx:abap>
</abapGit>
