﻿<?xml version="1.0" encoding="utf-8"?>
<abapGit version="v1.0.0" serializer="LCL_OBJECT_DTEL" serializer_version="v1.0.0">
 <asx:abap xmlns:asx="http://www.sap.com/abapxml" version="1.0">
  <asx:values>
   <DD04V>
    <ROLLNAME>ZPAYMETHOD_SAT</ROLLNAME>
    <DDLANGUAGE>S</DDLANGUAGE>
    <DOMNAME>ZPAYMETHOD</DOMNAME>
    <HEADLEN>15</HEADLEN>
    <SCRLEN1>05</SCRLEN1>
    <SCRLEN2>10</SCRLEN2>
    <SCRLEN3>25</SCRLEN3>
    <DDTEXT>Forma de Pago CFDI Versión 3.3</DDTEXT>
    <REPTEXT>Vía Pago</REPTEXT>
    <SCRTEXT_S>Vía</SCRTEXT_S>
    <SCRTEXT_M>Vía Pago</SCRTEXT_M>
    <SCRTEXT_L>Vía de Pago SAT</SCRTEXT_L>
    <DTELMASTER>S</DTELMASTER>
    <REFKIND>D</REFKIND>
   </DD04V>
  </asx:values>
 </asx:abap>
</abapGit>
