﻿<?xml version="1.0" encoding="utf-8"?>
<abapGit version="v1.0.0" serializer="LCL_OBJECT_DTEL" serializer_version="v1.0.0">
 <asx:abap xmlns:asx="http://www.sap.com/abapxml" version="1.0">
  <asx:values>
   <DD04V>
    <ROLLNAME>ZPIEZAS</ROLLNAME>
    <DDLANGUAGE>S</DDLANGUAGE>
    <HEADLEN>17</HEADLEN>
    <SCRLEN1>10</SCRLEN1>
    <SCRLEN2>15</SCRLEN2>
    <SCRLEN3>20</SCRLEN3>
    <DDTEXT>Numero de Piezas (VIGAS-CANALES)</DDTEXT>
    <REPTEXT>Num_Piezas</REPTEXT>
    <SCRTEXT_S>Num_Piezas</SCRTEXT_S>
    <SCRTEXT_M>Num_Piezas</SCRTEXT_M>
    <SCRTEXT_L>Num_Piezas</SCRTEXT_L>
    <DTELMASTER>S</DTELMASTER>
    <DATATYPE>QUAN</DATATYPE>
    <LENG>000013</LENG>
    <OUTPUTLEN>000017</OUTPUTLEN>
   </DD04V>
  </asx:values>
 </asx:abap>
</abapGit>
