﻿<?xml version="1.0" encoding="utf-8"?>
<abapGit version="v1.0.0" serializer="LCL_OBJECT_DTEL" serializer_version="v1.0.0">
 <asx:abap xmlns:asx="http://www.sap.com/abapxml" version="1.0">
  <asx:values>
   <DD04V>
    <ROLLNAME>ZPLANTA</ROLLNAME>
    <DDLANGUAGE>S</DDLANGUAGE>
    <DOMNAME>ZPLANTA</DOMNAME>
    <HEADLEN>20</HEADLEN>
    <SCRLEN1>05</SCRLEN1>
    <SCRLEN2>10</SCRLEN2>
    <SCRLEN3>15</SCRLEN3>
    <DDTEXT>Indica en que planta se produce el grupo de articulos</DDTEXT>
    <REPTEXT>Planta Producción</REPTEXT>
    <SCRTEXT_S>Plan.</SCRTEXT_S>
    <SCRTEXT_M>Planta</SCRTEXT_M>
    <SCRTEXT_L>Planta Prod.</SCRTEXT_L>
    <DTELMASTER>S</DTELMASTER>
    <REFKIND>D</REFKIND>
   </DD04V>
  </asx:values>
 </asx:abap>
</abapGit>
