﻿<?xml version="1.0" encoding="utf-8"?>
<abapGit version="v1.0.0" serializer="LCL_OBJECT_DTEL" serializer_version="v1.0.0">
 <asx:abap xmlns:asx="http://www.sap.com/abapxml" version="1.0">
  <asx:values>
   <DD04V>
    <ROLLNAME>ZPP_MOTIVO</ROLLNAME>
    <DDLANGUAGE>S</DDLANGUAGE>
    <DOMNAME>ZPP_MOTIVO</DOMNAME>
    <HEADLEN>08</HEADLEN>
    <SCRLEN1>07</SCRLEN1>
    <SCRLEN2>10</SCRLEN2>
    <SCRLEN3>15</SCRLEN3>
    <DDTEXT>Clave Motivo diferencias producción</DDTEXT>
    <REPTEXT>Motivo</REPTEXT>
    <SCRTEXT_S>Motivo</SCRTEXT_S>
    <SCRTEXT_M>Cve. Mot.</SCRTEXT_M>
    <SCRTEXT_L>Clave Motivo</SCRTEXT_L>
    <DTELMASTER>S</DTELMASTER>
    <REFKIND>D</REFKIND>
   </DD04V>
  </asx:values>
 </asx:abap>
</abapGit>
