﻿<?xml version="1.0" encoding="utf-8"?>
<abapGit version="v1.0.0" serializer="LCL_OBJECT_DTEL" serializer_version="v1.0.0">
 <asx:abap xmlns:asx="http://www.sap.com/abapxml" version="1.0">
  <asx:values>
   <DD04V>
    <ROLLNAME>ZPP_AREA</ROLLNAME>
    <DDLANGUAGE>S</DDLANGUAGE>
    <DOMNAME>ZPP_AREA</DOMNAME>
    <HEADLEN>05</HEADLEN>
    <SCRLEN1>05</SCRLEN1>
    <SCRLEN2>10</SCRLEN2>
    <SCRLEN3>15</SCRLEN3>
    <DDTEXT>Clave de área motivo de cambios programación</DDTEXT>
    <REPTEXT>Area</REPTEXT>
    <SCRTEXT_S>Area</SCRTEXT_S>
    <SCRTEXT_M>Cve.Area</SCRTEXT_M>
    <SCRTEXT_L>Clave de Area</SCRTEXT_L>
    <DTELMASTER>S</DTELMASTER>
    <REFKIND>D</REFKIND>
   </DD04V>
  </asx:values>
 </asx:abap>
</abapGit>
