﻿<?xml version="1.0" encoding="utf-8"?>
<abapGit version="v1.0.0" serializer="LCL_OBJECT_DTEL" serializer_version="v1.0.0">
 <asx:abap xmlns:asx="http://www.sap.com/abapxml" version="1.0">
  <asx:values>
   <DD04V>
    <ROLLNAME>ZPPRCLI</ROLLNAME>
    <DDLANGUAGE>S</DDLANGUAGE>
    <SCRLEN1>10</SCRLEN1>
    <DDTEXT>Precio Promedio</DDTEXT>
    <SCRTEXT_S>precio</SCRTEXT_S>
    <DTELMASTER>S</DTELMASTER>
    <DATATYPE>QUAN</DATATYPE>
    <LENG>000013</LENG>
    <DECIMALS>000004</DECIMALS>
    <OUTPUTLEN>000016</OUTPUTLEN>
   </DD04V>
  </asx:values>
 </asx:abap>
</abapGit>
