﻿<?xml version="1.0" encoding="utf-8"?>
<abapGit version="v1.0.0" serializer="LCL_OBJECT_DTEL" serializer_version="v1.0.0">
 <asx:abap xmlns:asx="http://www.sap.com/abapxml" version="1.0">
  <asx:values>
   <DD04V>
    <ROLLNAME>ZRECALCULA</ROLLNAME>
    <DDLANGUAGE>S</DDLANGUAGE>
    <DOMNAME>XFELD</DOMNAME>
    <HEADLEN>17</HEADLEN>
    <SCRLEN1>10</SCRLEN1>
    <SCRLEN2>15</SCRLEN2>
    <SCRLEN3>25</SCRLEN3>
    <DDTEXT>Condición de precio recalculado</DDTEXT>
    <REPTEXT>Cond precio</REPTEXT>
    <SCRTEXT_S>Precio</SCRTEXT_S>
    <SCRTEXT_M>Cond precio</SCRTEXT_M>
    <SCRTEXT_L>Cond precio recalculado</SCRTEXT_L>
    <DTELMASTER>S</DTELMASTER>
    <REFKIND>D</REFKIND>
   </DD04V>
  </asx:values>
 </asx:abap>
</abapGit>
