﻿<?xml version="1.0" encoding="utf-8"?>
<abapGit version="v1.0.0" serializer="LCL_OBJECT_FUGR" serializer_version="v1.0.0">
 <asx:abap xmlns:asx="http://www.sap.com/abapxml" version="1.0">
  <asx:values>
   <AREAT>Información Representante de Ventas</AREAT>
   <INCLUDES>
    <SOBJ_NAME>LZRPSALES_INFOTOP</SOBJ_NAME>
    <SOBJ_NAME>SAPLZRPSALES_INFO</SOBJ_NAME>
   </INCLUDES>
   <FUNCTIONS>
    <item>
     <FUNCNAME>ZGET_INFO_RPSALES</FUNCNAME>
     <REMOTE_CALL>R</REMOTE_CALL>
     <SHORT_TEXT>Información Representante de Ventas</SHORT_TEXT>
     <IMPORT>
      <RSIMP>
       <PARAMETER>I_IDCLIENTE</PARAMETER>
       <TYP>KUNNR</TYP>
      </RSIMP>
     </IMPORT>
     <TABLES>
      <RSTBL>
       <PARAMETER>T_INFO</PARAMETER>
       <TYP>ZZINFO_T_SALES_RP</TYP>
      </RSTBL>
     </TABLES>
     <DOCUMENTATION>
      <RSFDO>
       <PARAMETER>I_IDCLIENTE</PARAMETER>
       <KIND>P</KIND>
       <STEXT>Número de deudor</STEXT>
       <INDEX> 001</INDEX>
      </RSFDO>
      <RSFDO>
       <PARAMETER>T_INFO</PARAMETER>
       <KIND>P</KIND>
       <STEXT>Información Representante de Ventas</STEXT>
       <INDEX> 002</INDEX>
      </RSFDO>
     </DOCUMENTATION>
    </item>
   </FUNCTIONS>
  </asx:values>
 </asx:abap>
</abapGit>
