﻿<?xml version="1.0" encoding="utf-8"?>
<abapGit version="v1.0.0" serializer="LCL_OBJECT_ENHO" serializer_version="v1.0.0">
 <asx:abap xmlns:asx="http://www.sap.com/abapxml" version="1.0">
  <asx:values>
   <TOOL>HOOK_IMPL</TOOL>
   <SHORTTEXT>Ampliaciones Anulación Factura VF11</SHORTTEXT>
   <ORIGINAL_OBJECT>
    <PGMID>R3TR</PGMID>
    <ORG_OBJ_TYPE>PROG</ORG_OBJ_TYPE>
    <ORG_OBJ_NAME>SAPMV60A</ORG_OBJ_NAME>
    <ORG_MAIN_TYPE>PROG</ORG_MAIN_TYPE>
    <ORG_MAIN_NAME>SAPMV60A</ORG_MAIN_NAME>
    <PROGRAMNAME>SAPMV60A</PROGRAMNAME>
   </ORIGINAL_OBJECT>
   <ENHANCEMENTS>
    <ENH_HOOK_IMPL>
     <PROGRAMNAME>SAPMV60A</PROGRAMNAME>
     <EXTID>1</EXTID>
     <ID>1</ID>
     <ENHMODE>D</ENHMODE>
     <FULL_NAME>\PR:SAPMV60A\FO:TRANSAKTION_INIT\SE:BEGIN\EI</FULL_NAME>
     <SOURCE>
      <item>RV60A-FKDAT = sy-datum.</item>
     </SOURCE>
    </ENH_HOOK_IMPL>
    <ENH_HOOK_IMPL>
     <PROGRAMNAME>SAPMV60A</PROGRAMNAME>
     <EXTID>2</EXTID>
     <ID>2</ID>
     <ENHMODE>D</ENHMODE>
     <FULL_NAME>\PR:SAPMV60A\FO:XKOMFK_AUFSETZEN\SE:END\EI</FULL_NAME>
     <SOURCE>
      <item>* Validar Fecha sea del mes en curso</item>
      <item/>
     </SOURCE>
    </ENH_HOOK_IMPL>
   </ENHANCEMENTS>
   <SPACES>
    <item>
     <FULL_NAME>\PR:SAPMV60A\FO:TRANSAKTION_INIT\SE:BEGIN\EI</FULL_NAME>
     <SPACES>
      <item>2</item>
     </SPACES>
    </item>
    <item>
     <FULL_NAME>\PR:SAPMV60A\FO:XKOMFK_AUFSETZEN\SE:END\EI</FULL_NAME>
     <SPACES>
      <item>0</item>
      <item>0</item>
     </SPACES>
    </item>
   </SPACES>
  </asx:values>
 </asx:abap>
</abapGit>
