﻿<?xml version="1.0" encoding="utf-8"?>
<abapGit version="v1.0.0" serializer="LCL_OBJECT_FUGR" serializer_version="v1.0.0">
 <asx:abap xmlns:asx="http://www.sap.com/abapxml" version="1.0">
  <asx:values>
   <AREAT>Grupo de Funciones TYASA Ventas</AREAT>
   <INCLUDES>
    <SOBJ_NAME>LZSD_VENTAS_HTOP</SOBJ_NAME>
    <SOBJ_NAME>SAPLZSD_VENTAS_H</SOBJ_NAME>
   </INCLUDES>
   <FUNCTIONS>
    <item>
     <FUNCNAME>ZSD_HA_MATERIAL_SECTOR</FUNCNAME>
     <REMOTE_CALL>R</REMOTE_CALL>
     <SHORT_TEXT>Devuelve sector del Material</SHORT_TEXT>
     <IMPORT>
      <RSIMP>
       <PARAMETER>CENTRO</PARAMETER>
       <OPTIONAL>X</OPTIONAL>
       <TYP>WERKS_V</TYP>
      </RSIMP>
      <RSIMP>
       <PARAMETER>PLANTA</PARAMETER>
       <OPTIONAL>X</OPTIONAL>
       <TYP>CHAR2</TYP>
      </RSIMP>
     </IMPORT>
     <EXPORT>
      <RSEXP>
       <PARAMETER>ALMACEN</PARAMETER>
       <TYP>LGORT_D</TYP>
      </RSEXP>
     </EXPORT>
     <TABLES>
      <RSTBL>
       <PARAMETER>T_MATERIALES</PARAMETER>
       <DBSTRUCT>ZSD_BAPIMATSECTOR</DBSTRUCT>
      </RSTBL>
      <RSTBL>
       <PARAMETER>T_MAT_SECTOR</PARAMETER>
       <DBSTRUCT>ZSD_BAPIMATSECTOR</DBSTRUCT>
      </RSTBL>
     </TABLES>
     <DOCUMENTATION>
      <RSFDO>
       <PARAMETER>CENTRO</PARAMETER>
       <KIND>P</KIND>
       <STEXT>Tabla de centro para National Contracts</STEXT>
       <INDEX> 001</INDEX>
      </RSFDO>
      <RSFDO>
       <PARAMETER>PLANTA</PARAMETER>
       <KIND>P</KIND>
       <STEXT>Componente del número de versión</STEXT>
       <INDEX> 002</INDEX>
      </RSFDO>
      <RSFDO>
       <PARAMETER>ALMACEN</PARAMETER>
       <KIND>P</KIND>
       <STEXT>Vista de maestro-mat para selección de almacén y lotes</STEXT>
       <INDEX> 003</INDEX>
      </RSFDO>
      <RSFDO>
       <PARAMETER>T_MATERIALES</PARAMETER>
       <KIND>P</KIND>
       <STEXT>Listado de Materiales y su sector</STEXT>
       <INDEX> 004</INDEX>
      </RSFDO>
      <RSFDO>
       <PARAMETER>T_MAT_SECTOR</PARAMETER>
       <KIND>P</KIND>
       <STEXT>Listado de Materiales y su sector</STEXT>
       <INDEX> 005</INDEX>
      </RSFDO>
     </DOCUMENTATION>
    </item>
    <item>
     <FUNCNAME>ZSD_HA_PED_REMISION_GRUPOS_V2</FUNCNAME>
     <REMOTE_CALL>R</REMOTE_CALL>
     <SHORT_TEXT>Pedido Remision</SHORT_TEXT>
     <IMPORT>
      <RSIMP>
       <PARAMETER>ENTREGA</PARAMETER>
       <OPTIONAL>X</OPTIONAL>
       <TYP>VBELN_VL</TYP>
      </RSIMP>
      <RSIMP>
       <PARAMETER>WERKS</PARAMETER>
       <TYP>WERKS_EXT</TYP>
      </RSIMP>
      <RSIMP>
       <PARAMETER>KUNAG</PARAMETER>
       <OPTIONAL>X</OPTIONAL>
       <TYP>KUNAG</TYP>
      </RSIMP>
      <RSIMP>
       <PARAMETER>F_INICIAL</PARAMETER>
       <OPTIONAL>X</OPTIONAL>
       <TYP>MBDAT</TYP>
      </RSIMP>
      <RSIMP>
       <PARAMETER>F_FINAL</PARAMETER>
       <OPTIONAL>X</OPTIONAL>
       <TYP>MBDAT</TYP>
      </RSIMP>
     </IMPORT>
     <TABLES>
      <RSTBL>
       <PARAMETER>T_PEDIDO_REM_G</PARAMETER>
       <DBSTRUCT>ZSD_BAPIPED_REMISION_V2</DBSTRUCT>
      </RSTBL>
     </TABLES>
     <DOCUMENTATION>
      <RSFDO>
       <PARAMETER>ENTREGA</PARAMETER>
       <KIND>P</KIND>
       <STEXT>Número de documento comercial</STEXT>
       <INDEX> 001</INDEX>
      </RSFDO>
      <RSFDO>
       <PARAMETER>WERKS</PARAMETER>
       <KIND>P</KIND>
       <STEXT>Centro (propio o externo)</STEXT>
       <INDEX> 002</INDEX>
      </RSFDO>
      <RSFDO>
       <PARAMETER>KUNAG</PARAMETER>
       <KIND>P</KIND>
       <STEXT>Número de deudor</STEXT>
       <INDEX> 003</INDEX>
      </RSFDO>
      <RSFDO>
       <PARAMETER>F_INICIAL</PARAMETER>
       <KIND>P</KIND>
       <STEXT>Fecha preferente de entrega</STEXT>
       <INDEX> 004</INDEX>
      </RSFDO>
      <RSFDO>
       <PARAMETER>F_FINAL</PARAMETER>
       <KIND>P</KIND>
       <STEXT>Fecha preferente de entrega</STEXT>
       <INDEX> 005</INDEX>
      </RSFDO>
      <RSFDO>
       <PARAMETER>T_PEDIDO_REM_G</PARAMETER>
       <KIND>P</KIND>
       <STEXT>Informacion Pedido-Remision</STEXT>
       <INDEX> 006</INDEX>
      </RSFDO>
     </DOCUMENTATION>
    </item>
    <item>
     <FUNCNAME>ZSD_MATERIAL_SECTOR</FUNCNAME>
     <REMOTE_CALL>R</REMOTE_CALL>
     <SHORT_TEXT>Devuelve sector del Material</SHORT_TEXT>
     <IMPORT>
      <RSIMP>
       <PARAMETER>CENTRO</PARAMETER>
       <OPTIONAL>X</OPTIONAL>
       <TYP>WERKS_V</TYP>
      </RSIMP>
      <RSIMP>
       <PARAMETER>PLANTA</PARAMETER>
       <OPTIONAL>X</OPTIONAL>
       <TYP>CHAR2</TYP>
      </RSIMP>
     </IMPORT>
     <EXPORT>
      <RSEXP>
       <PARAMETER>ALMACEN</PARAMETER>
       <TYP>LGORT_D</TYP>
      </RSEXP>
     </EXPORT>
     <TABLES>
      <RSTBL>
       <PARAMETER>T_MATERIALES</PARAMETER>
       <DBSTRUCT>ZSD_BAPIMATSECTOR</DBSTRUCT>
      </RSTBL>
      <RSTBL>
       <PARAMETER>T_MAT_SECTOR</PARAMETER>
       <DBSTRUCT>ZSD_BAPIMATSECTOR</DBSTRUCT>
      </RSTBL>
     </TABLES>
     <DOCUMENTATION>
      <RSFDO>
       <PARAMETER>CENTRO</PARAMETER>
       <KIND>P</KIND>
       <STEXT>Tabla de centro para National Contracts</STEXT>
       <INDEX> 001</INDEX>
      </RSFDO>
      <RSFDO>
       <PARAMETER>PLANTA</PARAMETER>
       <KIND>P</KIND>
       <STEXT>Componente del número de versión</STEXT>
       <INDEX> 002</INDEX>
      </RSFDO>
      <RSFDO>
       <PARAMETER>ALMACEN</PARAMETER>
       <KIND>P</KIND>
       <STEXT>Vista de maestro-mat para selección de almacén y lotes</STEXT>
       <INDEX> 003</INDEX>
      </RSFDO>
      <RSFDO>
       <PARAMETER>T_MATERIALES</PARAMETER>
       <KIND>P</KIND>
       <STEXT>Listado de Materiales y su sector</STEXT>
       <INDEX> 004</INDEX>
      </RSFDO>
      <RSFDO>
       <PARAMETER>T_MAT_SECTOR</PARAMETER>
       <KIND>P</KIND>
       <STEXT>Listado de Materiales y su sector</STEXT>
       <INDEX> 005</INDEX>
      </RSFDO>
     </DOCUMENTATION>
    </item>
    <item>
     <FUNCNAME>ZSD_PEDIDO_REMISION_GRUPOS_V2</FUNCNAME>
     <REMOTE_CALL>R</REMOTE_CALL>
     <SHORT_TEXT>Pedido Remision</SHORT_TEXT>
     <IMPORT>
      <RSIMP>
       <PARAMETER>ENTREGA</PARAMETER>
       <OPTIONAL>X</OPTIONAL>
       <TYP>VBELN_VL</TYP>
      </RSIMP>
      <RSIMP>
       <PARAMETER>WERKS</PARAMETER>
       <TYP>WERKS_EXT</TYP>
      </RSIMP>
      <RSIMP>
       <PARAMETER>KUNAG</PARAMETER>
       <OPTIONAL>X</OPTIONAL>
       <TYP>KUNAG</TYP>
      </RSIMP>
      <RSIMP>
       <PARAMETER>F_INICIAL</PARAMETER>
       <OPTIONAL>X</OPTIONAL>
       <TYP>MBDAT</TYP>
      </RSIMP>
      <RSIMP>
       <PARAMETER>F_FINAL</PARAMETER>
       <OPTIONAL>X</OPTIONAL>
       <TYP>MBDAT</TYP>
      </RSIMP>
      <RSIMP>
       <PARAMETER>VBELN</PARAMETER>
       <OPTIONAL>X</OPTIONAL>
       <TYP>VBELN_VA</TYP>
      </RSIMP>
     </IMPORT>
     <TABLES>
      <RSTBL>
       <PARAMETER>T_PEDIDO_REM_G</PARAMETER>
       <DBSTRUCT>ZSD_BAPIPED_REMISION_V2</DBSTRUCT>
      </RSTBL>
     </TABLES>
     <DOCUMENTATION>
      <RSFDO>
       <PARAMETER>ENTREGA</PARAMETER>
       <KIND>P</KIND>
       <STEXT>Número de documento comercial</STEXT>
       <INDEX> 001</INDEX>
      </RSFDO>
      <RSFDO>
       <PARAMETER>WERKS</PARAMETER>
       <KIND>P</KIND>
       <STEXT>Centro (propio o externo)</STEXT>
       <INDEX> 002</INDEX>
      </RSFDO>
      <RSFDO>
       <PARAMETER>KUNAG</PARAMETER>
       <KIND>P</KIND>
       <STEXT>Número de deudor</STEXT>
       <INDEX> 003</INDEX>
      </RSFDO>
      <RSFDO>
       <PARAMETER>F_INICIAL</PARAMETER>
       <KIND>P</KIND>
       <STEXT>Fecha preferente de entrega</STEXT>
       <INDEX> 004</INDEX>
      </RSFDO>
      <RSFDO>
       <PARAMETER>F_FINAL</PARAMETER>
       <KIND>P</KIND>
       <STEXT>Fecha preferente de entrega</STEXT>
       <INDEX> 005</INDEX>
      </RSFDO>
      <RSFDO>
       <PARAMETER>VBELN</PARAMETER>
       <KIND>P</KIND>
       <STEXT>Documento de ventas</STEXT>
       <INDEX> 006</INDEX>
      </RSFDO>
      <RSFDO>
       <PARAMETER>T_PEDIDO_REM_G</PARAMETER>
       <KIND>P</KIND>
       <STEXT>Informacion Pedido-Remision</STEXT>
       <INDEX> 007</INDEX>
      </RSFDO>
     </DOCUMENTATION>
    </item>
   </FUNCTIONS>
  </asx:values>
 </asx:abap>
</abapGit>
