﻿<?xml version="1.0" encoding="utf-8"?>
<abapGit version="v1.0.0" serializer="LCL_OBJECT_FUGR" serializer_version="v1.0.0">
 <asx:abap xmlns:asx="http://www.sap.com/abapxml" version="1.0">
  <asx:values>
   <AREAT>Grupo de Funciones de Venta</AREAT>
   <INCLUDES>
    <SOBJ_NAME>LZSD_VENTAS_LTOP</SOBJ_NAME>
    <SOBJ_NAME>SAPLZSD_VENTAS_L</SOBJ_NAME>
   </INCLUDES>
   <FUNCTIONS>
    <item>
     <FUNCNAME>ZSD_BAPI_REMISION_VS_ENTREGA</FUNCNAME>
     <REMOTE_CALL>R</REMOTE_CALL>
     <SHORT_TEXT>Remision vs Entrega</SHORT_TEXT>
     <IMPORT>
      <RSIMP>
       <PARAMETER>VBELN_MIN</PARAMETER>
       <TYP>VBELN</TYP>
      </RSIMP>
      <RSIMP>
       <PARAMETER>VBELN_MAX</PARAMETER>
       <TYP>VBELN</TYP>
      </RSIMP>
      <RSIMP>
       <PARAMETER>WERKS</PARAMETER>
       <TYP>WERKS_D</TYP>
      </RSIMP>
     </IMPORT>
     <TABLES>
      <RSTBL>
       <PARAMETER>T_INFO_ENTREGAS</PARAMETER>
       <DBSTRUCT>ZSDBAPI_REM_ENTREGA</DBSTRUCT>
      </RSTBL>
     </TABLES>
     <DOCUMENTATION>
      <RSFDO>
       <PARAMETER>VBELN_MIN</PARAMETER>
       <KIND>P</KIND>
       <STEXT>Número de documento comercial</STEXT>
       <INDEX> 001</INDEX>
      </RSFDO>
      <RSFDO>
       <PARAMETER>VBELN_MAX</PARAMETER>
       <KIND>P</KIND>
       <STEXT>Número de documento comercial</STEXT>
       <INDEX> 002</INDEX>
      </RSFDO>
      <RSFDO>
       <PARAMETER>WERKS</PARAMETER>
       <KIND>P</KIND>
       <STEXT>Centro</STEXT>
       <INDEX> 003</INDEX>
      </RSFDO>
      <RSFDO>
       <PARAMETER>T_INFO_ENTREGAS</PARAMETER>
       <KIND>P</KIND>
       <STEXT>Informacion Entregas</STEXT>
       <INDEX> 004</INDEX>
      </RSFDO>
     </DOCUMENTATION>
    </item>
    <item>
     <FUNCNAME>ZSD_ESTADOS</FUNCNAME>
     <REMOTE_CALL>R</REMOTE_CALL>
     <SHORT_TEXT>Devuelve Estados del pais</SHORT_TEXT>
     <IMPORT>
      <RSIMP>
       <PARAMETER>PAIS</PARAMETER>
       <TYP>LAND1</TYP>
      </RSIMP>
     </IMPORT>
     <TABLES>
      <RSTBL>
       <PARAMETER>T_ESTADOS</PARAMETER>
       <DBSTRUCT>T005U</DBSTRUCT>
      </RSTBL>
     </TABLES>
     <DOCUMENTATION>
      <RSFDO>
       <PARAMETER>PAIS</PARAMETER>
       <KIND>P</KIND>
       <STEXT>Clave de país</STEXT>
       <INDEX> 001</INDEX>
      </RSFDO>
      <RSFDO>
       <PARAMETER>T_ESTADOS</PARAMETER>
       <KIND>P</KIND>
       <STEXT>City: Textos</STEXT>
       <INDEX> 002</INDEX>
      </RSFDO>
     </DOCUMENTATION>
    </item>
    <item>
     <FUNCNAME>ZSD_HA_BAPI_REM_VS_ENTREGA</FUNCNAME>
     <REMOTE_CALL>R</REMOTE_CALL>
     <SHORT_TEXT>Remision vs Entrega</SHORT_TEXT>
     <IMPORT>
      <RSIMP>
       <PARAMETER>VBELN_MIN</PARAMETER>
       <TYP>VBELN</TYP>
      </RSIMP>
      <RSIMP>
       <PARAMETER>VBELN_MAX</PARAMETER>
       <TYP>VBELN</TYP>
      </RSIMP>
      <RSIMP>
       <PARAMETER>WERKS</PARAMETER>
       <TYP>WERKS_D</TYP>
      </RSIMP>
     </IMPORT>
     <TABLES>
      <RSTBL>
       <PARAMETER>T_INFO_ENTREGAS</PARAMETER>
       <DBSTRUCT>ZSDBAPI_REM_ENTREGA</DBSTRUCT>
      </RSTBL>
     </TABLES>
     <DOCUMENTATION>
      <RSFDO>
       <PARAMETER>VBELN_MIN</PARAMETER>
       <KIND>P</KIND>
       <STEXT>Número de documento comercial</STEXT>
       <INDEX> 001</INDEX>
      </RSFDO>
      <RSFDO>
       <PARAMETER>VBELN_MAX</PARAMETER>
       <KIND>P</KIND>
       <STEXT>Número de documento comercial</STEXT>
       <INDEX> 002</INDEX>
      </RSFDO>
      <RSFDO>
       <PARAMETER>WERKS</PARAMETER>
       <KIND>P</KIND>
       <STEXT>Centro</STEXT>
       <INDEX> 003</INDEX>
      </RSFDO>
      <RSFDO>
       <PARAMETER>T_INFO_ENTREGAS</PARAMETER>
       <KIND>P</KIND>
       <STEXT>Informacion Entregas</STEXT>
       <INDEX> 004</INDEX>
      </RSFDO>
     </DOCUMENTATION>
    </item>
    <item>
     <FUNCNAME>ZSD_HA_LISTA_CLIENTES</FUNCNAME>
     <REMOTE_CALL>R</REMOTE_CALL>
     <SHORT_TEXT>Listado clientes Tx. ZSD4</SHORT_TEXT>
     <IMPORT>
      <RSIMP>
       <PARAMETER>VKORG</PARAMETER>
       <DBFIELD>KNVV-VKORG</DBFIELD>
      </RSIMP>
      <RSIMP>
       <PARAMETER>KUNNR</PARAMETER>
       <DBFIELD>KNA1-KUNNR</DBFIELD>
       <OPTIONAL>X</OPTIONAL>
      </RSIMP>
      <RSIMP>
       <PARAMETER>ERDAT_INI</PARAMETER>
       <DBFIELD>KNA1-ERDAT</DBFIELD>
      </RSIMP>
      <RSIMP>
       <PARAMETER>ERDAT_FIN</PARAMETER>
       <DBFIELD>KNA1-ERDAT</DBFIELD>
      </RSIMP>
      <RSIMP>
       <PARAMETER>VKGRP</PARAMETER>
       <DBFIELD>KNVV-VKGRP</DBFIELD>
      </RSIMP>
     </IMPORT>
     <TABLES>
      <RSTBL>
       <PARAMETER>T_CLIENTES</PARAMETER>
       <DBSTRUCT>ZBAPI_LISTA_CLIENTES</DBSTRUCT>
      </RSTBL>
     </TABLES>
     <DOCUMENTATION>
      <RSFDO>
       <PARAMETER>VKORG</PARAMETER>
       <KIND>P</KIND>
       <STEXT>Organización de ventas</STEXT>
       <INDEX> 001</INDEX>
      </RSFDO>
      <RSFDO>
       <PARAMETER>KUNNR</PARAMETER>
       <KIND>P</KIND>
       <STEXT>Número de deudor</STEXT>
       <INDEX> 002</INDEX>
      </RSFDO>
      <RSFDO>
       <PARAMETER>ERDAT_INI</PARAMETER>
       <KIND>P</KIND>
       <STEXT>Fecha de creación del registro</STEXT>
       <INDEX> 003</INDEX>
      </RSFDO>
      <RSFDO>
       <PARAMETER>ERDAT_FIN</PARAMETER>
       <KIND>P</KIND>
       <STEXT>Fecha de creación del registro</STEXT>
       <INDEX> 004</INDEX>
      </RSFDO>
      <RSFDO>
       <PARAMETER>VKGRP</PARAMETER>
       <KIND>P</KIND>
       <STEXT>Grupo de vendedores</STEXT>
       <INDEX> 005</INDEX>
      </RSFDO>
      <RSFDO>
       <PARAMETER>T_CLIENTES</PARAMETER>
       <KIND>P</KIND>
       <STEXT>Tabla usada en Bapi Lista Clientes</STEXT>
       <INDEX> 006</INDEX>
      </RSFDO>
     </DOCUMENTATION>
    </item>
    <item>
     <FUNCNAME>ZSD_LISTA_CLIENTES</FUNCNAME>
     <REMOTE_CALL>R</REMOTE_CALL>
     <SHORT_TEXT>Listado clientes Tx. ZSD4</SHORT_TEXT>
     <IMPORT>
      <RSIMP>
       <PARAMETER>VKORG</PARAMETER>
       <DBFIELD>KNVV-VKORG</DBFIELD>
      </RSIMP>
      <RSIMP>
       <PARAMETER>KUNNR</PARAMETER>
       <DBFIELD>KNA1-KUNNR</DBFIELD>
       <OPTIONAL>X</OPTIONAL>
      </RSIMP>
      <RSIMP>
       <PARAMETER>ERDAT_INI</PARAMETER>
       <DBFIELD>KNA1-ERDAT</DBFIELD>
      </RSIMP>
      <RSIMP>
       <PARAMETER>ERDAT_FIN</PARAMETER>
       <DBFIELD>KNA1-ERDAT</DBFIELD>
      </RSIMP>
      <RSIMP>
       <PARAMETER>VKGRP</PARAMETER>
       <DBFIELD>KNVV-VKGRP</DBFIELD>
      </RSIMP>
     </IMPORT>
     <TABLES>
      <RSTBL>
       <PARAMETER>T_CLIENTES</PARAMETER>
       <DBSTRUCT>ZBAPI_LISTA_CLIENTES</DBSTRUCT>
      </RSTBL>
     </TABLES>
     <DOCUMENTATION>
      <RSFDO>
       <PARAMETER>VKORG</PARAMETER>
       <KIND>P</KIND>
       <STEXT>Organización de ventas</STEXT>
       <INDEX> 001</INDEX>
      </RSFDO>
      <RSFDO>
       <PARAMETER>KUNNR</PARAMETER>
       <KIND>P</KIND>
       <STEXT>Número de deudor</STEXT>
       <INDEX> 002</INDEX>
      </RSFDO>
      <RSFDO>
       <PARAMETER>ERDAT_INI</PARAMETER>
       <KIND>P</KIND>
       <STEXT>Fecha de creación del registro</STEXT>
       <INDEX> 003</INDEX>
      </RSFDO>
      <RSFDO>
       <PARAMETER>ERDAT_FIN</PARAMETER>
       <KIND>P</KIND>
       <STEXT>Fecha de creación del registro</STEXT>
       <INDEX> 004</INDEX>
      </RSFDO>
      <RSFDO>
       <PARAMETER>VKGRP</PARAMETER>
       <KIND>P</KIND>
       <STEXT>Grupo de vendedores</STEXT>
       <INDEX> 005</INDEX>
      </RSFDO>
      <RSFDO>
       <PARAMETER>T_CLIENTES</PARAMETER>
       <KIND>P</KIND>
       <STEXT>Tabla usada en Bapi Lista Clientes</STEXT>
       <INDEX> 006</INDEX>
      </RSFDO>
     </DOCUMENTATION>
    </item>
   </FUNCTIONS>
  </asx:values>
 </asx:abap>
</abapGit>
