﻿<?xml version="1.0" encoding="utf-8"?>
<abapGit version="v1.0.0" serializer="LCL_OBJECT_FUGR" serializer_version="v1.0.0">
 <asx:abap xmlns:asx="http://www.sap.com/abapxml" version="1.0">
  <asx:values>
   <AREAT>Grupo de Funciones TYASA Ventas</AREAT>
   <INCLUDES>
    <SOBJ_NAME>LZSD_VENTAS_ATOP</SOBJ_NAME>
    <SOBJ_NAME>SAPLZSD_VENTAS_A</SOBJ_NAME>
   </INCLUDES>
   <FUNCTIONS>
    <item>
     <FUNCNAME>ZSD_CLIENTE_GETLIST</FUNCNAME>
     <REMOTE_CALL>R</REMOTE_CALL>
     <SHORT_TEXT>Listado Clientes de Venta</SHORT_TEXT>
     <IMPORT>
      <RSIMP>
       <PARAMETER>SOCIEDAD</PARAMETER>
       <TYP>BUKRS</TYP>
      </RSIMP>
      <RSIMP>
       <PARAMETER>ORG_VENTAS</PARAMETER>
       <OPTIONAL>X</OPTIONAL>
       <TYP>VKORG</TYP>
      </RSIMP>
      <RSIMP>
       <PARAMETER>STATUS</PARAMETER>
       <TYP>LOEVM</TYP>
      </RSIMP>
      <RSIMP>
       <PARAMETER>ORG_VENTAS_EXTRA</PARAMETER>
       <OPTIONAL>X</OPTIONAL>
       <TYP>VKORG</TYP>
      </RSIMP>
      <RSIMP>
       <PARAMETER>CLIENTE</PARAMETER>
       <OPTIONAL>X</OPTIONAL>
       <TYP>KUNNR</TYP>
      </RSIMP>
     </IMPORT>
     <TABLES>
      <RSTBL>
       <PARAMETER>T_CLIENTES</PARAMETER>
       <DBSTRUCT>ZTY_BAPICLIENTES</DBSTRUCT>
      </RSTBL>
     </TABLES>
     <DOCUMENTATION>
      <RSFDO>
       <PARAMETER>SOCIEDAD</PARAMETER>
       <KIND>P</KIND>
       <STEXT>Sociedad</STEXT>
       <INDEX> 001</INDEX>
      </RSFDO>
      <RSFDO>
       <PARAMETER>ORG_VENTAS</PARAMETER>
       <KIND>P</KIND>
       <STEXT>Organización de ventas</STEXT>
       <INDEX> 002</INDEX>
      </RSFDO>
      <RSFDO>
       <PARAMETER>STATUS</PARAMETER>
       <KIND>P</KIND>
       <STEXT>Indicador de borrado</STEXT>
       <INDEX> 003</INDEX>
      </RSFDO>
      <RSFDO>
       <PARAMETER>ORG_VENTAS_EXTRA</PARAMETER>
       <KIND>P</KIND>
       <STEXT>Organización de ventas</STEXT>
       <INDEX> 004</INDEX>
      </RSFDO>
      <RSFDO>
       <PARAMETER>CLIENTE</PARAMETER>
       <KIND>P</KIND>
       <STEXT>Número de deudor</STEXT>
       <INDEX> 005</INDEX>
      </RSFDO>
      <RSFDO>
       <PARAMETER>T_CLIENTES</PARAMETER>
       <KIND>P</KIND>
       <STEXT>Listado de Clientes por Sociedad y Org Ventas</STEXT>
       <INDEX> 006</INDEX>
      </RSFDO>
     </DOCUMENTATION>
    </item>
    <item>
     <FUNCNAME>ZSD_DATOS_FACTURA</FUNCNAME>
     <SHORT_TEXT>Funcion que obtiene los datos de un proveedor</SHORT_TEXT>
     <IMPORT>
      <RSIMP>
       <PARAMETER>IV_CUSTOMER</PARAMETER>
       <TYP>BAPI3007_1-CUSTOMER</TYP>
      </RSIMP>
     </IMPORT>
     <TABLES>
      <RSTBL>
       <PARAMETER>T_DATOS_FACTURA</PARAMETER>
       <DBSTRUCT>ZTY_DATOS_FACTURA</DBSTRUCT>
      </RSTBL>
     </TABLES>
     <DOCUMENTATION>
      <RSFDO>
       <PARAMETER>IV_CUSTOMER</PARAMETER>
       <KIND>P</KIND>
       <STEXT>Número de cuenta del cliente</STEXT>
       <INDEX> 001</INDEX>
      </RSFDO>
      <RSFDO>
       <PARAMETER>T_DATOS_FACTURA</PARAMETER>
       <KIND>P</KIND>
       <STEXT>Almacena los datos de los clientes</STEXT>
       <INDEX> 002</INDEX>
      </RSFDO>
     </DOCUMENTATION>
    </item>
    <item>
     <FUNCNAME>ZSD_EMBARQUES_WEB</FUNCNAME>
     <REMOTE_CALL>R</REMOTE_CALL>
     <SHORT_TEXT>Listado de embarques para pagina web</SHORT_TEXT>
     <IMPORT>
      <RSIMP>
       <PARAMETER>IV_FECHA_EMBARQUE</PARAMETER>
       <TYP>WADAK</TYP>
      </RSIMP>
      <RSIMP>
       <PARAMETER>IV_ORG_VENTAS</PARAMETER>
       <OPTIONAL>X</OPTIONAL>
       <TYP>VKORG</TYP>
      </RSIMP>
      <RSIMP>
       <PARAMETER>IV_VISIBLEHESA</PARAMETER>
       <OPTIONAL>X</OPTIONAL>
       <TYP>CHAR1</TYP>
      </RSIMP>
      <RSIMP>
       <PARAMETER>IV_FECHA_FINAL</PARAMETER>
       <OPTIONAL>X</OPTIONAL>
       <TYP>WADAK</TYP>
      </RSIMP>
     </IMPORT>
     <TABLES>
      <RSTBL>
       <PARAMETER>T_EMBARQUES_WEB</PARAMETER>
       <DBSTRUCT>ZTY_EMBARQUES_WEB</DBSTRUCT>
      </RSTBL>
      <RSTBL>
       <PARAMETER>T_PRODUCTOS_WEB</PARAMETER>
       <DBSTRUCT>ZMM_STOCK_MATERIAL</DBSTRUCT>
      </RSTBL>
     </TABLES>
     <DOCUMENTATION>
      <RSFDO>
       <PARAMETER>IV_FECHA_EMBARQUE</PARAMETER>
       <KIND>P</KIND>
       <STEXT>Fecha prevista para movimiento de mercancías</STEXT>
       <INDEX> 001</INDEX>
      </RSFDO>
      <RSFDO>
       <PARAMETER>IV_ORG_VENTAS</PARAMETER>
       <KIND>P</KIND>
       <STEXT>Organización de ventas</STEXT>
       <INDEX> 002</INDEX>
      </RSFDO>
      <RSFDO>
       <PARAMETER>IV_VISIBLEHESA</PARAMETER>
       <KIND>P</KIND>
       <STEXT>Indicador de una posición</STEXT>
       <INDEX> 003</INDEX>
      </RSFDO>
      <RSFDO>
       <PARAMETER>IV_FECHA_FINAL</PARAMETER>
       <KIND>P</KIND>
       <STEXT>Fecha final</STEXT>
       <INDEX> 004</INDEX>
      </RSFDO>
      <RSFDO>
       <PARAMETER>T_EMBARQUES_WEB</PARAMETER>
       <KIND>P</KIND>
       <STEXT>Estructura que almacena listado de embarques pag web</STEXT>
       <INDEX> 005</INDEX>
      </RSFDO>
      <RSFDO>
       <PARAMETER>T_PRODUCTOS_WEB</PARAMETER>
       <KIND>P</KIND>
       <STEXT>Stock del material por centro</STEXT>
       <INDEX> 006</INDEX>
      </RSFDO>
     </DOCUMENTATION>
    </item>
    <item>
     <FUNCNAME>ZSD_EMBARQUES_WEB_V2</FUNCNAME>
     <REMOTE_CALL>R</REMOTE_CALL>
     <SHORT_TEXT>Listado de embarques para pagina web</SHORT_TEXT>
     <IMPORT>
      <RSIMP>
       <PARAMETER>IV_FECHA_EMBARQUE_I</PARAMETER>
       <OPTIONAL>X</OPTIONAL>
       <TYP>WADAK</TYP>
      </RSIMP>
      <RSIMP>
       <PARAMETER>IV_FECHA_EMBARQUE_F</PARAMETER>
       <OPTIONAL>X</OPTIONAL>
       <TYP>WADAK</TYP>
      </RSIMP>
      <RSIMP>
       <PARAMETER>IV_ORG_VENTAS</PARAMETER>
       <OPTIONAL>X</OPTIONAL>
       <TYP>VKORG</TYP>
      </RSIMP>
      <RSIMP>
       <PARAMETER>IV_NUM_EMBARQUE</PARAMETER>
       <OPTIONAL>X</OPTIONAL>
       <TYP>VBELN_VL</TYP>
      </RSIMP>
     </IMPORT>
     <TABLES>
      <RSTBL>
       <PARAMETER>T_EMBARQUES_WEB</PARAMETER>
       <DBSTRUCT>ZTY_EMBARQUES_WEB_V2</DBSTRUCT>
      </RSTBL>
      <RSTBL>
       <PARAMETER>T_ENTREGAS</PARAMETER>
       <DBSTRUCT>ZTY_EMBARQUES_WEB_V2</DBSTRUCT>
       <OPTIONAL>X</OPTIONAL>
      </RSTBL>
     </TABLES>
     <DOCUMENTATION>
      <RSFDO>
       <PARAMETER>IV_FECHA_EMBARQUE_I</PARAMETER>
       <KIND>P</KIND>
       <STEXT>Fecha prevista para movimiento de mercancías</STEXT>
       <INDEX> 001</INDEX>
      </RSFDO>
      <RSFDO>
       <PARAMETER>IV_FECHA_EMBARQUE_F</PARAMETER>
       <KIND>P</KIND>
       <STEXT>Fecha prevista para movimiento de mercancías</STEXT>
       <INDEX> 002</INDEX>
      </RSFDO>
      <RSFDO>
       <PARAMETER>IV_ORG_VENTAS</PARAMETER>
       <KIND>P</KIND>
       <STEXT>Organización de ventas</STEXT>
       <INDEX> 003</INDEX>
      </RSFDO>
      <RSFDO>
       <PARAMETER>IV_NUM_EMBARQUE</PARAMETER>
       <KIND>P</KIND>
       <STEXT>Entrega</STEXT>
       <INDEX> 004</INDEX>
      </RSFDO>
      <RSFDO>
       <PARAMETER>T_EMBARQUES_WEB</PARAMETER>
       <KIND>P</KIND>
       <STEXT>Estructura que almacena listado de embarques pag web</STEXT>
       <INDEX> 005</INDEX>
      </RSFDO>
      <RSFDO>
       <PARAMETER>T_ENTREGAS</PARAMETER>
       <KIND>P</KIND>
       <STEXT>Estructura que almacena listado de embarques pag web</STEXT>
       <INDEX> 006</INDEX>
      </RSFDO>
     </DOCUMENTATION>
    </item>
    <item>
     <FUNCNAME>ZSD_EMBARQUES_WEB_V3</FUNCNAME>
     <REMOTE_CALL>R</REMOTE_CALL>
     <SHORT_TEXT>Listado de embarques para pagina web</SHORT_TEXT>
     <IMPORT>
      <RSIMP>
       <PARAMETER>IV_FECHA_EMBARQUE</PARAMETER>
       <TYP>WADAK</TYP>
      </RSIMP>
      <RSIMP>
       <PARAMETER>IV_ORG_VENTAS</PARAMETER>
       <OPTIONAL>X</OPTIONAL>
       <TYP>VKORG</TYP>
      </RSIMP>
      <RSIMP>
       <PARAMETER>IV_VISIBLEHESA</PARAMETER>
       <OPTIONAL>X</OPTIONAL>
       <TYP>CHAR1</TYP>
      </RSIMP>
      <RSIMP>
       <PARAMETER>IV_FECHA_FINAL</PARAMETER>
       <OPTIONAL>X</OPTIONAL>
       <TYP>WADAK</TYP>
      </RSIMP>
     </IMPORT>
     <TABLES>
      <RSTBL>
       <PARAMETER>T_EMBARQUES_WEB</PARAMETER>
       <DBSTRUCT>ZTY_EMBARQUES_WEB</DBSTRUCT>
      </RSTBL>
      <RSTBL>
       <PARAMETER>T_PRODUCTOS_WEB</PARAMETER>
       <DBSTRUCT>ZMM_STOCK_MATERIAL</DBSTRUCT>
      </RSTBL>
     </TABLES>
     <DOCUMENTATION>
      <RSFDO>
       <PARAMETER>IV_FECHA_EMBARQUE</PARAMETER>
       <KIND>P</KIND>
       <STEXT>Fecha prevista para movimiento de mercancías</STEXT>
       <INDEX> 001</INDEX>
      </RSFDO>
      <RSFDO>
       <PARAMETER>IV_ORG_VENTAS</PARAMETER>
       <KIND>P</KIND>
       <STEXT>Organización de ventas</STEXT>
       <INDEX> 002</INDEX>
      </RSFDO>
      <RSFDO>
       <PARAMETER>IV_VISIBLEHESA</PARAMETER>
       <KIND>P</KIND>
       <STEXT>Indicador de una posición</STEXT>
       <INDEX> 003</INDEX>
      </RSFDO>
      <RSFDO>
       <PARAMETER>IV_FECHA_FINAL</PARAMETER>
       <KIND>P</KIND>
       <STEXT>Fecha final</STEXT>
       <INDEX> 004</INDEX>
      </RSFDO>
      <RSFDO>
       <PARAMETER>T_EMBARQUES_WEB</PARAMETER>
       <KIND>P</KIND>
       <STEXT>Estructura que almacena listado de embarques pag web</STEXT>
       <INDEX> 005</INDEX>
      </RSFDO>
      <RSFDO>
       <PARAMETER>T_PRODUCTOS_WEB</PARAMETER>
       <KIND>P</KIND>
       <STEXT>Stock del material por centro</STEXT>
       <INDEX> 006</INDEX>
      </RSFDO>
     </DOCUMENTATION>
    </item>
    <item>
     <FUNCNAME>ZSD_ENTRADA_MERCANCIAS</FUNCNAME>
     <REMOTE_CALL>R</REMOTE_CALL>
     <SHORT_TEXT>Entrada mercancias con verificacion de doc. referencia</SHORT_TEXT>
     <IMPORT>
      <RSIMP>
       <PARAMETER>IV_GOODSMVT_HEADER</PARAMETER>
       <TYP>BAPI2017_GM_HEAD_01</TYP>
      </RSIMP>
      <RSIMP>
       <PARAMETER>IV_GOODSMVT_CODE</PARAMETER>
       <TYP>BAPI2017_GM_CODE</TYP>
      </RSIMP>
     </IMPORT>
     <EXPORT>
      <RSEXP>
       <PARAMETER>EV_GOODSMVT_HEADRET</PARAMETER>
       <TYP>BAPI2017_GM_HEAD_RET</TYP>
      </RSEXP>
      <RSEXP>
       <PARAMETER>EV_MAT_DOC</PARAMETER>
       <TYP>BAPI2017_GM_HEAD_RET-MAT_DOC</TYP>
      </RSEXP>
     </EXPORT>
     <TABLES>
      <RSTBL>
       <PARAMETER>T_GOODSMVT_ITEM</PARAMETER>
       <DBSTRUCT>BAPI2017_GM_ITEM_CREATE</DBSTRUCT>
      </RSTBL>
      <RSTBL>
       <PARAMETER>RETURN</PARAMETER>
       <DBSTRUCT>BAPIRET2</DBSTRUCT>
      </RSTBL>
     </TABLES>
     <DOCUMENTATION>
      <RSFDO>
       <PARAMETER>IV_GOODSMVT_HEADER</PARAMETER>
       <KIND>P</KIND>
       <STEXT>Estructura de comunicación: doc.material datos cabecera</STEXT>
       <INDEX> 001</INDEX>
      </RSFDO>
      <RSFDO>
       <PARAMETER>IV_GOODSMVT_CODE</PARAMETER>
       <KIND>P</KIND>
       <STEXT>MMIM: conversión GM_CODE en transacción de la gestión stocks</STEXT>
       <INDEX> 002</INDEX>
      </RSFDO>
      <RSFDO>
       <PARAMETER>EV_GOODSMVT_HEADRET</PARAMETER>
       <KIND>P</KIND>
       <STEXT>MMIM: Estructura output p.MF general p.movimiento mcía.</STEXT>
       <INDEX> 003</INDEX>
      </RSFDO>
      <RSFDO>
       <PARAMETER>EV_MAT_DOC</PARAMETER>
       <KIND>P</KIND>
       <STEXT>Número de documento material</STEXT>
       <INDEX> 004</INDEX>
      </RSFDO>
      <RSFDO>
       <PARAMETER>T_GOODSMVT_ITEM</PARAMETER>
       <KIND>P</KIND>
       <STEXT>Estructura de comunicación BAPI: crear posición doc.material</STEXT>
       <INDEX> 005</INDEX>
      </RSFDO>
      <RSFDO>
       <PARAMETER>RETURN</PARAMETER>
       <KIND>P</KIND>
       <STEXT>Parámetro de retorno</STEXT>
       <INDEX> 006</INDEX>
      </RSFDO>
     </DOCUMENTATION>
    </item>
    <item>
     <FUNCNAME>ZSD_FACTURA_X_PEDIDO</FUNCNAME>
     <REMOTE_CALL>R</REMOTE_CALL>
     <SHORT_TEXT>Funcion que obtiene las facturas por pedido</SHORT_TEXT>
     <IMPORT>
      <RSIMP>
       <PARAMETER>IV_PEDIDO</PARAMETER>
       <TYP>VBELN_VA</TYP>
      </RSIMP>
      <RSIMP>
       <PARAMETER>IV_COMPANYCODE</PARAMETER>
       <TYP>BAPI3007_1-COMP_CODE</TYP>
      </RSIMP>
      <RSIMP>
       <PARAMETER>IV_CUSTOMER</PARAMETER>
       <TYP>BAPI3007_1-CUSTOMER</TYP>
      </RSIMP>
     </IMPORT>
     <EXPORT>
      <RSEXP>
       <PARAMETER>RETURN</PARAMETER>
       <TYP>BAPIRETURN</TYP>
      </RSEXP>
     </EXPORT>
     <TABLES>
      <RSTBL>
       <PARAMETER>T_FACTURAS</PARAMETER>
       <DBSTRUCT>ZTY_FAC_X_PEDIDO</DBSTRUCT>
      </RSTBL>
     </TABLES>
     <DOCUMENTATION>
      <RSFDO>
       <PARAMETER>IV_PEDIDO</PARAMETER>
       <KIND>P</KIND>
       <STEXT>Documento de ventas</STEXT>
       <INDEX> 001</INDEX>
      </RSFDO>
      <RSFDO>
       <PARAMETER>IV_COMPANYCODE</PARAMETER>
       <KIND>P</KIND>
       <STEXT>Sociedad</STEXT>
       <INDEX> 002</INDEX>
      </RSFDO>
      <RSFDO>
       <PARAMETER>IV_CUSTOMER</PARAMETER>
       <KIND>P</KIND>
       <STEXT>Número de deudor</STEXT>
       <INDEX> 003</INDEX>
      </RSFDO>
      <RSFDO>
       <PARAMETER>RETURN</PARAMETER>
       <KIND>P</KIND>
       <STEXT>Parámetro de retorno</STEXT>
       <INDEX> 004</INDEX>
      </RSFDO>
      <RSFDO>
       <PARAMETER>T_FACTURAS</PARAMETER>
       <KIND>P</KIND>
       <STEXT>Almacena el listado de facturas por pedido</STEXT>
       <INDEX> 005</INDEX>
      </RSFDO>
     </DOCUMENTATION>
    </item>
    <item>
     <FUNCNAME>ZSD_GET_GOS_TYPE</FUNCNAME>
     <REMOTE_CALL>R</REMOTE_CALL>
     <SHORT_TEXT>Obtener documento GOS</SHORT_TEXT>
     <IMPORT>
      <RSIMP>
       <PARAMETER>E_OBJKEY</PARAMETER>
       <TYP>BORIDENT-OBJTYPE</TYP>
      </RSIMP>
      <RSIMP>
       <PARAMETER>E_PATH</PARAMETER>
       <OPTIONAL>X</OPTIONAL>
       <TYP>STRING</TYP>
      </RSIMP>
      <RSIMP>
       <PARAMETER>E_TIPO</PARAMETER>
       <OPTIONAL>X</OPTIONAL>
       <TYP>CHAR3</TYP>
      </RSIMP>
     </IMPORT>
     <EXPORT>
      <RSEXP>
       <PARAMETER>MENSAJE</PARAMETER>
       <TYP>CHAR50</TYP>
      </RSEXP>
      <RSEXP>
       <PARAMETER>XSTRING</PARAMETER>
       <TYP>XSTRING</TYP>
      </RSEXP>
     </EXPORT>
     <DOCUMENTATION>
      <RSFDO>
       <PARAMETER>E_OBJKEY</PARAMETER>
       <KIND>P</KIND>
       <STEXT>Tipo de objeto</STEXT>
       <INDEX> 001</INDEX>
      </RSFDO>
      <RSFDO>
       <PARAMETER>E_PATH</PARAMETER>
       <KIND>P</KIND>
       <INDEX> 002</INDEX>
      </RSFDO>
      <RSFDO>
       <PARAMETER>E_TIPO</PARAMETER>
       <KIND>P</KIND>
       <STEXT>Campo con longitud de 3 byte</STEXT>
       <INDEX> 003</INDEX>
      </RSFDO>
      <RSFDO>
       <PARAMETER>MENSAJE</PARAMETER>
       <KIND>P</KIND>
       <STEXT>Comentario</STEXT>
       <INDEX> 004</INDEX>
      </RSFDO>
      <RSFDO>
       <PARAMETER>XSTRING</PARAMETER>
       <KIND>P</KIND>
       <STEXT>Cadena</STEXT>
       <INDEX> 005</INDEX>
      </RSFDO>
     </DOCUMENTATION>
    </item>
    <item>
     <FUNCNAME>ZSD_GET_GOS_TYPE_V2</FUNCNAME>
     <REMOTE_CALL>R</REMOTE_CALL>
     <SHORT_TEXT>Obtener documento GOS</SHORT_TEXT>
     <IMPORT>
      <RSIMP>
       <PARAMETER>E_OBJKEY</PARAMETER>
       <TYP>STRING</TYP>
      </RSIMP>
      <RSIMP>
       <PARAMETER>E_PATH</PARAMETER>
       <OPTIONAL>X</OPTIONAL>
       <TYP>STRING</TYP>
      </RSIMP>
      <RSIMP>
       <PARAMETER>E_TIPO</PARAMETER>
       <OPTIONAL>X</OPTIONAL>
       <TYP>CHAR3</TYP>
      </RSIMP>
      <RSIMP>
       <PARAMETER>E_TYPEID</PARAMETER>
       <OPTIONAL>X</OPTIONAL>
       <TYP>BKPF-AWTYP</TYP>
      </RSIMP>
     </IMPORT>
     <EXPORT>
      <RSEXP>
       <PARAMETER>MENSAJE</PARAMETER>
       <TYP>CHAR50</TYP>
      </RSEXP>
      <RSEXP>
       <PARAMETER>XSTRING</PARAMETER>
       <TYP>XSTRING</TYP>
      </RSEXP>
     </EXPORT>
     <DOCUMENTATION>
      <RSFDO>
       <PARAMETER>E_OBJKEY</PARAMETER>
       <KIND>P</KIND>
       <STEXT>Tipo de objeto</STEXT>
       <INDEX> 001</INDEX>
      </RSFDO>
      <RSFDO>
       <PARAMETER>E_PATH</PARAMETER>
       <KIND>P</KIND>
       <INDEX> 002</INDEX>
      </RSFDO>
      <RSFDO>
       <PARAMETER>E_TIPO</PARAMETER>
       <KIND>P</KIND>
       <STEXT>Campo con longitud de 3 byte</STEXT>
       <INDEX> 003</INDEX>
      </RSFDO>
      <RSFDO>
       <PARAMETER>E_TYPEID</PARAMETER>
       <KIND>P</KIND>
       <STEXT>Operación de referencia</STEXT>
       <INDEX> 004</INDEX>
      </RSFDO>
      <RSFDO>
       <PARAMETER>MENSAJE</PARAMETER>
       <KIND>P</KIND>
       <STEXT>Comentario</STEXT>
       <INDEX> 005</INDEX>
      </RSFDO>
      <RSFDO>
       <PARAMETER>XSTRING</PARAMETER>
       <KIND>P</KIND>
       <STEXT>Cadena</STEXT>
       <INDEX> 006</INDEX>
      </RSFDO>
     </DOCUMENTATION>
    </item>
    <item>
     <FUNCNAME>ZSD_GET_PRICE_FLETE</FUNCNAME>
     <REMOTE_CALL>R</REMOTE_CALL>
     <SHORT_TEXT>Obtiene el precio de flete por material y tipo de transporte</SHORT_TEXT>
     <IMPORT>
      <RSIMP>
       <PARAMETER>IV_TKOMP</PARAMETER>
       <TYP>KOMP</TYP>
      </RSIMP>
     </IMPORT>
     <CHANGING>
      <RSCHA>
       <PARAMETER>XV_XKOMV</PARAMETER>
       <DBFIELD>KOMV</DBFIELD>
      </RSCHA>
     </CHANGING>
     <EXPORT>
      <RSEXP>
       <PARAMETER>EV_PRFLE</PARAMETER>
       <TYP>KOMV-KWERT</TYP>
      </RSEXP>
     </EXPORT>
     <TABLES>
      <RSTBL>
       <PARAMETER>IT_XKOMV</PARAMETER>
       <DBSTRUCT>KOMV</DBSTRUCT>
      </RSTBL>
     </TABLES>
     <DOCUMENTATION>
      <RSFDO>
       <PARAMETER>IV_TKOMP</PARAMETER>
       <KIND>P</KIND>
       <STEXT>Determ.precio posición comunicación</STEXT>
       <INDEX> 001</INDEX>
      </RSFDO>
      <RSFDO>
       <PARAMETER>EV_PRFLE</PARAMETER>
       <KIND>P</KIND>
       <STEXT>Valor de la condición</STEXT>
       <INDEX> 002</INDEX>
      </RSFDO>
      <RSFDO>
       <PARAMETER>IT_XKOMV</PARAMETER>
       <KIND>P</KIND>
       <STEXT>Determinación precio registro de condición comunicación</STEXT>
       <INDEX> 003</INDEX>
      </RSFDO>
      <RSFDO>
       <PARAMETER>XV_XKOMV</PARAMETER>
       <KIND>P</KIND>
       <STEXT>Determinación precio registro de condición comunicación</STEXT>
       <INDEX> 004</INDEX>
      </RSFDO>
     </DOCUMENTATION>
    </item>
    <item>
     <FUNCNAME>ZSD_HA_CLIENTE_GETLIST</FUNCNAME>
     <REMOTE_CALL>R</REMOTE_CALL>
     <SHORT_TEXT>Listado de Clientes por Sociedad TYASA</SHORT_TEXT>
     <IMPORT>
      <RSIMP>
       <PARAMETER>SOCIEDAD</PARAMETER>
       <TYP>BUKRS</TYP>
      </RSIMP>
      <RSIMP>
       <PARAMETER>ORG_VENTAS</PARAMETER>
       <OPTIONAL>X</OPTIONAL>
       <TYP>VKORG</TYP>
      </RSIMP>
      <RSIMP>
       <PARAMETER>STATUS</PARAMETER>
       <TYP>LOEVM</TYP>
      </RSIMP>
      <RSIMP>
       <PARAMETER>ORG_VENTAS_EXTRA</PARAMETER>
       <OPTIONAL>X</OPTIONAL>
       <TYP>VKORG</TYP>
      </RSIMP>
      <RSIMP>
       <PARAMETER>CLIENTE</PARAMETER>
       <OPTIONAL>X</OPTIONAL>
       <TYP>KUNNR</TYP>
      </RSIMP>
     </IMPORT>
     <TABLES>
      <RSTBL>
       <PARAMETER>T_CLIENTES</PARAMETER>
       <DBSTRUCT>ZTY_BAPICLIENTES</DBSTRUCT>
      </RSTBL>
     </TABLES>
     <DOCUMENTATION>
      <RSFDO>
       <PARAMETER>SOCIEDAD</PARAMETER>
       <KIND>P</KIND>
       <STEXT>Sociedad</STEXT>
       <INDEX> 001</INDEX>
      </RSFDO>
      <RSFDO>
       <PARAMETER>ORG_VENTAS</PARAMETER>
       <KIND>P</KIND>
       <STEXT>Organización de ventas</STEXT>
       <INDEX> 002</INDEX>
      </RSFDO>
      <RSFDO>
       <PARAMETER>STATUS</PARAMETER>
       <KIND>P</KIND>
       <STEXT>Indicador de borrado</STEXT>
       <INDEX> 003</INDEX>
      </RSFDO>
      <RSFDO>
       <PARAMETER>ORG_VENTAS_EXTRA</PARAMETER>
       <KIND>P</KIND>
       <STEXT>Organización de ventas</STEXT>
       <INDEX> 004</INDEX>
      </RSFDO>
      <RSFDO>
       <PARAMETER>CLIENTE</PARAMETER>
       <KIND>P</KIND>
       <STEXT>Número de deudor</STEXT>
       <INDEX> 005</INDEX>
      </RSFDO>
      <RSFDO>
       <PARAMETER>T_CLIENTES</PARAMETER>
       <KIND>P</KIND>
       <STEXT>Listado de Clientes por Sociedad y Org Ventas</STEXT>
       <INDEX> 006</INDEX>
      </RSFDO>
     </DOCUMENTATION>
    </item>
    <item>
     <FUNCNAME>ZSD_HA_PEDVENTAMAT_POSICION_V2</FUNCNAME>
     <REMOTE_CALL>R</REMOTE_CALL>
     <SHORT_TEXT>BAPI Devuelve posiciones cantidad y unidad medida de material por pedido</SHORT_TEXT>
     <IMPORT>
      <RSIMP>
       <PARAMETER>ENTREGA</PARAMETER>
       <TYP>VBELN</TYP>
      </RSIMP>
     </IMPORT>
     <TABLES>
      <RSTBL>
       <PARAMETER>T_PEDIDOVENTA_POS</PARAMETER>
       <DBSTRUCT>ZTY_BAPIMATVENTAPOS</DBSTRUCT>
      </RSTBL>
      <RSTBL>
       <PARAMETER>RETURN</PARAMETER>
       <DBSTRUCT>BAPIRET2</DBSTRUCT>
      </RSTBL>
     </TABLES>
     <DOCUMENTATION>
      <RSFDO>
       <PARAMETER>ENTREGA</PARAMETER>
       <KIND>P</KIND>
       <STEXT>Número de documento comercial</STEXT>
       <INDEX> 001</INDEX>
      </RSFDO>
      <RSFDO>
       <PARAMETER>T_PEDIDOVENTA_POS</PARAMETER>
       <KIND>P</KIND>
       <STEXT>Almacena Posicion y Numero de Material por pedido</STEXT>
       <INDEX> 002</INDEX>
      </RSFDO>
      <RSFDO>
       <PARAMETER>RETURN</PARAMETER>
       <KIND>P</KIND>
       <STEXT>Parámetro de retorno</STEXT>
       <INDEX> 003</INDEX>
      </RSFDO>
     </DOCUMENTATION>
    </item>
    <item>
     <FUNCNAME>ZSD_INSERT_TO_CLAS_CLIENTE</FUNCNAME>
     <SHORT_TEXT>Inserta ids de prod terminados a tabla de Cancel HU</SHORT_TEXT>
    </item>
    <item>
     <FUNCNAME>ZSD_INSERT_TO_PRESUPUESTO</FUNCNAME>
     <SHORT_TEXT>Inserta ids de prod terminados a tabla de Cancel HU</SHORT_TEXT>
    </item>
    <item>
     <FUNCNAME>ZSD_LISTA_GOS</FUNCNAME>
     <REMOTE_CALL>R</REMOTE_CALL>
     <SHORT_TEXT>Listado de Documentos Contables</SHORT_TEXT>
     <IMPORT>
      <RSIMP>
       <PARAMETER>IV_PATH</PARAMETER>
       <OPTIONAL>X</OPTIONAL>
       <TYP>STRING</TYP>
      </RSIMP>
      <RSIMP>
       <PARAMETER>IV_TIPO</PARAMETER>
       <OPTIONAL>X</OPTIONAL>
       <TYP>CHAR3</TYP>
      </RSIMP>
      <RSIMP>
       <PARAMETER>IV_FECHA</PARAMETER>
       <OPTIONAL>X</OPTIONAL>
       <TYP>RSELOPTION</TYP>
      </RSIMP>
     </IMPORT>
     <DOCUMENTATION>
      <RSFDO>
       <PARAMETER>IV_PATH</PARAMETER>
       <KIND>P</KIND>
       <INDEX> 001</INDEX>
      </RSFDO>
      <RSFDO>
       <PARAMETER>IV_TIPO</PARAMETER>
       <KIND>P</KIND>
       <STEXT>Campo con longitud de 3 byte</STEXT>
       <INDEX> 002</INDEX>
      </RSFDO>
      <RSFDO>
       <PARAMETER>IV_FECHA</PARAMETER>
       <KIND>P</KIND>
       <STEXT>Fecha</STEXT>
       <INDEX> 003</INDEX>
      </RSFDO>
     </DOCUMENTATION>
    </item>
    <item>
     <FUNCNAME>ZSD_MAT_DIF_PESO</FUNCNAME>
     <REMOTE_CALL>R</REMOTE_CALL>
     <SHORT_TEXT>Materiales que no toman diferencia en peso de bascula</SHORT_TEXT>
     <IMPORT>
      <RSIMP>
       <PARAMETER>MATERIAL</PARAMETER>
       <TYP>MATNR</TYP>
      </RSIMP>
      <RSIMP>
       <PARAMETER>CENTRO</PARAMETER>
       <TYP>WERKS_D</TYP>
      </RSIMP>
     </IMPORT>
     <EXPORT>
      <RSEXP>
       <PARAMETER>DIF_PESO</PARAMETER>
       <TYP>ABAPTYPE</TYP>
      </RSEXP>
     </EXPORT>
     <DOCUMENTATION>
      <RSFDO>
       <PARAMETER>MATERIAL</PARAMETER>
       <KIND>P</KIND>
       <STEXT>Número de material</STEXT>
       <INDEX> 001</INDEX>
      </RSFDO>
      <RSFDO>
       <PARAMETER>CENTRO</PARAMETER>
       <KIND>P</KIND>
       <STEXT>Tabla de centro para National Contracts</STEXT>
       <INDEX> 002</INDEX>
      </RSFDO>
      <RSFDO>
       <PARAMETER>DIF_PESO</PARAMETER>
       <KIND>P</KIND>
       <STEXT>Tipo de datos ABAP</STEXT>
       <INDEX> 003</INDEX>
      </RSFDO>
     </DOCUMENTATION>
    </item>
    <item>
     <FUNCNAME>ZSD_ORDEN_COMPRA</FUNCNAME>
     <REMOTE_CALL>R</REMOTE_CALL>
     <SHORT_TEXT>Funcion que regresa informacion de orden de compra</SHORT_TEXT>
     <IMPORT>
      <RSIMP>
       <PARAMETER>IV_COMPANYCODE</PARAMETER>
       <TYP>BAPIVENDOR_01-COMP_CODE</TYP>
      </RSIMP>
      <RSIMP>
       <PARAMETER>IV_DOCUMENTO</PARAMETER>
       <TYP>BAPIVBELN-VBELN</TYP>
      </RSIMP>
     </IMPORT>
     <TABLES>
      <RSTBL>
       <PARAMETER>T_DATOS_PROVEEDOR</PARAMETER>
       <DBSTRUCT>ZTY_DATOS_PROVEEDOR</DBSTRUCT>
      </RSTBL>
      <RSTBL>
       <PARAMETER>T_DATOS_ORDEN_COMPRA</PARAMETER>
       <DBSTRUCT>ZTY_DATOS_ORDEN_COMPRA</DBSTRUCT>
      </RSTBL>
     </TABLES>
     <DOCUMENTATION>
      <RSFDO>
       <PARAMETER>IV_COMPANYCODE</PARAMETER>
       <KIND>P</KIND>
       <STEXT>Sociedad</STEXT>
       <INDEX> 001</INDEX>
      </RSFDO>
      <RSFDO>
       <PARAMETER>IV_DOCUMENTO</PARAMETER>
       <KIND>P</KIND>
       <STEXT>Documento de ventas</STEXT>
       <INDEX> 002</INDEX>
      </RSFDO>
      <RSFDO>
       <PARAMETER>T_DATOS_PROVEEDOR</PARAMETER>
       <KIND>P</KIND>
       <STEXT>Informacion general de proveedores</STEXT>
       <INDEX> 003</INDEX>
      </RSFDO>
      <RSFDO>
       <PARAMETER>T_DATOS_ORDEN_COMPRA</PARAMETER>
       <KIND>P</KIND>
       <STEXT>Datos de material de orden de compra</STEXT>
       <INDEX> 004</INDEX>
      </RSFDO>
     </DOCUMENTATION>
    </item>
    <item>
     <FUNCNAME>ZSD_ORDEN_COMPRA_X_PROVEEDOR</FUNCNAME>
     <REMOTE_CALL>R</REMOTE_CALL>
     <SHORT_TEXT>Funcion que obtiene las ordenes de compra y estatus por proveedor</SHORT_TEXT>
     <IMPORT>
      <RSIMP>
       <PARAMETER>IV_PROVEEDOR</PARAMETER>
       <TYP>EKKO-LIFNR</TYP>
      </RSIMP>
     </IMPORT>
     <TABLES>
      <RSTBL>
       <PARAMETER>T_ORDENCOMPRA_PROV</PARAMETER>
       <DBSTRUCT>ZTY_ORDENCOMPRA_PROV</DBSTRUCT>
      </RSTBL>
     </TABLES>
     <DOCUMENTATION>
      <RSFDO>
       <PARAMETER>IV_PROVEEDOR</PARAMETER>
       <KIND>P</KIND>
       <STEXT>Número de cuenta del proveedor</STEXT>
       <INDEX> 001</INDEX>
      </RSFDO>
      <RSFDO>
       <PARAMETER>T_ORDENCOMPRA_PROV</PARAMETER>
       <KIND>P</KIND>
       <STEXT>Almacena las ordenes de compra y estatus por proveedor</STEXT>
       <INDEX> 002</INDEX>
      </RSFDO>
     </DOCUMENTATION>
    </item>
    <item>
     <FUNCNAME>ZSD_PEDIDOVENTAMAT_POSICION</FUNCNAME>
     <REMOTE_CALL>R</REMOTE_CALL>
     <SHORT_TEXT>BAPI Devuelve posiciones cantidad y unidad medida de material por pedido</SHORT_TEXT>
     <IMPORT>
      <RSIMP>
       <PARAMETER>PEDIDO</PARAMETER>
       <TYP>VBELN</TYP>
      </RSIMP>
     </IMPORT>
     <TABLES>
      <RSTBL>
       <PARAMETER>T_PEDIDOVENTA_POS</PARAMETER>
       <DBSTRUCT>ZTY_BAPIMATVENTAPOS</DBSTRUCT>
      </RSTBL>
      <RSTBL>
       <PARAMETER>RETURN</PARAMETER>
       <DBSTRUCT>BAPIRET2</DBSTRUCT>
      </RSTBL>
     </TABLES>
     <DOCUMENTATION>
      <RSFDO>
       <PARAMETER>PEDIDO</PARAMETER>
       <KIND>P</KIND>
       <STEXT>Número de documento comercial</STEXT>
       <INDEX> 001</INDEX>
      </RSFDO>
      <RSFDO>
       <PARAMETER>T_PEDIDOVENTA_POS</PARAMETER>
       <KIND>P</KIND>
       <STEXT>Almacena Posicion y Numero de Material por pedido</STEXT>
       <INDEX> 002</INDEX>
      </RSFDO>
      <RSFDO>
       <PARAMETER>RETURN</PARAMETER>
       <KIND>P</KIND>
       <STEXT>Parámetro de retorno</STEXT>
       <INDEX> 003</INDEX>
      </RSFDO>
     </DOCUMENTATION>
    </item>
    <item>
     <FUNCNAME>ZSD_PEDIDOVENTAMAT_POSICION_V2</FUNCNAME>
     <REMOTE_CALL>R</REMOTE_CALL>
     <SHORT_TEXT>BAPI Devuelve posiciones cantidad y unidad medida de material por pedido</SHORT_TEXT>
     <IMPORT>
      <RSIMP>
       <PARAMETER>ENTREGA</PARAMETER>
       <TYP>VBELN</TYP>
      </RSIMP>
     </IMPORT>
     <TABLES>
      <RSTBL>
       <PARAMETER>T_PEDIDOVENTA_POS</PARAMETER>
       <DBSTRUCT>ZTY_BAPIMATVENTAPOS</DBSTRUCT>
      </RSTBL>
      <RSTBL>
       <PARAMETER>RETURN</PARAMETER>
       <DBSTRUCT>BAPIRET2</DBSTRUCT>
      </RSTBL>
     </TABLES>
     <DOCUMENTATION>
      <RSFDO>
       <PARAMETER>ENTREGA</PARAMETER>
       <KIND>P</KIND>
       <STEXT>Número de documento comercial</STEXT>
       <INDEX> 001</INDEX>
      </RSFDO>
      <RSFDO>
       <PARAMETER>T_PEDIDOVENTA_POS</PARAMETER>
       <KIND>P</KIND>
       <STEXT>Almacena Posicion y Numero de Material por pedido</STEXT>
       <INDEX> 002</INDEX>
      </RSFDO>
      <RSFDO>
       <PARAMETER>RETURN</PARAMETER>
       <KIND>P</KIND>
       <STEXT>Parámetro de retorno</STEXT>
       <INDEX> 003</INDEX>
      </RSFDO>
     </DOCUMENTATION>
    </item>
    <item>
     <FUNCNAME>ZSD_PEDIDO_DETALLE</FUNCNAME>
     <REMOTE_CALL>R</REMOTE_CALL>
     <SHORT_TEXT>Listado de status de embarques</SHORT_TEXT>
     <IMPORT>
      <RSIMP>
       <PARAMETER>V_PEDIDO</PARAMETER>
       <TYP>VBELN_VA</TYP>
      </RSIMP>
      <RSIMP>
       <PARAMETER>V_CLIENTE</PARAMETER>
       <TYP>KUNAG</TYP>
      </RSIMP>
     </IMPORT>
     <TABLES>
      <RSTBL>
       <PARAMETER>T_PEDIDO_DETALLE</PARAMETER>
       <DBSTRUCT>ZTY_DETALLE_EMBARQUES</DBSTRUCT>
      </RSTBL>
     </TABLES>
     <DOCUMENTATION>
      <RSFDO>
       <PARAMETER>V_PEDIDO</PARAMETER>
       <KIND>P</KIND>
       <STEXT>Documento de ventas</STEXT>
       <INDEX> 001</INDEX>
      </RSFDO>
      <RSFDO>
       <PARAMETER>V_CLIENTE</PARAMETER>
       <KIND>P</KIND>
       <STEXT>Solicitante</STEXT>
       <INDEX> 002</INDEX>
      </RSFDO>
      <RSFDO>
       <PARAMETER>T_PEDIDO_DETALLE</PARAMETER>
       <KIND>P</KIND>
       <STEXT>Listado de detalle de pedido</STEXT>
       <INDEX> 003</INDEX>
      </RSFDO>
     </DOCUMENTATION>
    </item>
    <item>
     <FUNCNAME>ZSD_PEDIDO_EMBARQUE</FUNCNAME>
     <REMOTE_CALL>R</REMOTE_CALL>
     <SHORT_TEXT>Funcion que obtiene pedidos y embarques</SHORT_TEXT>
     <IMPORT>
      <RSIMP>
       <PARAMETER>IV_ORDEN</PARAMETER>
       <OPTIONAL>X</OPTIONAL>
       <TYP>AESKD</TYP>
      </RSIMP>
      <RSIMP>
       <PARAMETER>IV_FECHA_DESDE</PARAMETER>
       <OPTIONAL>X</OPTIONAL>
       <TYP>BLDAT</TYP>
      </RSIMP>
      <RSIMP>
       <PARAMETER>IV_FECHA_HASTA</PARAMETER>
       <OPTIONAL>X</OPTIONAL>
       <TYP>BLDAT</TYP>
      </RSIMP>
      <RSIMP>
       <PARAMETER>IV_CLIENTE</PARAMETER>
       <OPTIONAL>X</OPTIONAL>
       <TYP>KUNAG</TYP>
      </RSIMP>
     </IMPORT>
     <TABLES>
      <RSTBL>
       <PARAMETER>T_PEDIDO_EMBARQUE</PARAMETER>
       <DBSTRUCT>ZTY_PEDIDO_EMBARQUE</DBSTRUCT>
      </RSTBL>
     </TABLES>
     <DOCUMENTATION>
      <RSFDO>
       <PARAMETER>IV_ORDEN</PARAMETER>
       <KIND>P</KIND>
       <STEXT>Estado modific.cliente</STEXT>
       <INDEX> 001</INDEX>
      </RSFDO>
      <RSFDO>
       <PARAMETER>IV_FECHA_DESDE</PARAMETER>
       <KIND>P</KIND>
       <STEXT>Fecha de documento en documento</STEXT>
       <INDEX> 002</INDEX>
      </RSFDO>
      <RSFDO>
       <PARAMETER>IV_FECHA_HASTA</PARAMETER>
       <KIND>P</KIND>
       <STEXT>Fecha de documento en documento</STEXT>
       <INDEX> 003</INDEX>
      </RSFDO>
      <RSFDO>
       <PARAMETER>IV_CLIENTE</PARAMETER>
       <KIND>P</KIND>
       <STEXT>Solicitante</STEXT>
       <INDEX> 004</INDEX>
      </RSFDO>
      <RSFDO>
       <PARAMETER>T_PEDIDO_EMBARQUE</PARAMETER>
       <KIND>P</KIND>
       <STEXT>Almacena datos de pedidos, embarques y clientes</STEXT>
       <INDEX> 005</INDEX>
      </RSFDO>
     </DOCUMENTATION>
    </item>
    <item>
     <FUNCNAME>ZSD_PEDIDO_EMBARQUE_V2</FUNCNAME>
     <REMOTE_CALL>R</REMOTE_CALL>
     <SHORT_TEXT>Funcion que obtiene pedidos y embarques</SHORT_TEXT>
     <IMPORT>
      <RSIMP>
       <PARAMETER>IV_ORDEN</PARAMETER>
       <OPTIONAL>X</OPTIONAL>
       <TYP>AESKD</TYP>
      </RSIMP>
      <RSIMP>
       <PARAMETER>IV_FECHA_DESDE</PARAMETER>
       <OPTIONAL>X</OPTIONAL>
       <TYP>BLDAT</TYP>
      </RSIMP>
      <RSIMP>
       <PARAMETER>IV_FECHA_HASTA</PARAMETER>
       <OPTIONAL>X</OPTIONAL>
       <TYP>BLDAT</TYP>
      </RSIMP>
      <RSIMP>
       <PARAMETER>IV_CLIENTE</PARAMETER>
       <OPTIONAL>X</OPTIONAL>
       <TYP>KUNAG</TYP>
      </RSIMP>
     </IMPORT>
     <TABLES>
      <RSTBL>
       <PARAMETER>T_PEDIDO_EMBARQUE</PARAMETER>
       <DBSTRUCT>ZTY_PEDIDO_EMBARQUE</DBSTRUCT>
      </RSTBL>
     </TABLES>
     <DOCUMENTATION>
      <RSFDO>
       <PARAMETER>IV_ORDEN</PARAMETER>
       <KIND>P</KIND>
       <STEXT>Estado modific.cliente</STEXT>
       <INDEX> 001</INDEX>
      </RSFDO>
      <RSFDO>
       <PARAMETER>IV_FECHA_DESDE</PARAMETER>
       <KIND>P</KIND>
       <STEXT>Fecha de documento en documento</STEXT>
       <INDEX> 002</INDEX>
      </RSFDO>
      <RSFDO>
       <PARAMETER>IV_FECHA_HASTA</PARAMETER>
       <KIND>P</KIND>
       <STEXT>Fecha de documento en documento</STEXT>
       <INDEX> 003</INDEX>
      </RSFDO>
      <RSFDO>
       <PARAMETER>IV_CLIENTE</PARAMETER>
       <KIND>P</KIND>
       <STEXT>Solicitante</STEXT>
       <INDEX> 004</INDEX>
      </RSFDO>
      <RSFDO>
       <PARAMETER>T_PEDIDO_EMBARQUE</PARAMETER>
       <KIND>P</KIND>
       <STEXT>Almacena datos de pedidos, embarques y clientes</STEXT>
       <INDEX> 005</INDEX>
      </RSFDO>
     </DOCUMENTATION>
    </item>
    <item>
     <FUNCNAME>ZSD_RECALCULATE_PRICE</FUNCNAME>
     <REMOTE_CALL>R</REMOTE_CALL>
     <SHORT_TEXT>Obtiene el precio de flete por material y tipo de transporte</SHORT_TEXT>
     <IMPORT>
      <RSIMP>
       <PARAMETER>IV_TKOMP</PARAMETER>
       <TYP>KOMP</TYP>
      </RSIMP>
      <RSIMP>
       <PARAMETER>IV_KUNNR</PARAMETER>
       <TYP>KUNNR</TYP>
      </RSIMP>
     </IMPORT>
     <EXPORT>
      <RSEXP>
       <PARAMETER>EV_MESSAGE</PARAMETER>
       <TYP>CHAR1</TYP>
      </RSEXP>
     </EXPORT>
     <TABLES>
      <RSTBL>
       <PARAMETER>IT_XKOMV</PARAMETER>
       <DBSTRUCT>KOMV</DBSTRUCT>
      </RSTBL>
      <RSTBL>
       <PARAMETER>IT_XVBAP</PARAMETER>
       <DBSTRUCT>VBAP</DBSTRUCT>
      </RSTBL>
     </TABLES>
     <DOCUMENTATION>
      <RSFDO>
       <PARAMETER>IV_TKOMP</PARAMETER>
       <KIND>P</KIND>
       <STEXT>Determ.precio posición comunicación</STEXT>
       <INDEX> 001</INDEX>
      </RSFDO>
      <RSFDO>
       <PARAMETER>IV_KUNNR</PARAMETER>
       <KIND>P</KIND>
       <STEXT>Número de deudor</STEXT>
       <INDEX> 002</INDEX>
      </RSFDO>
      <RSFDO>
       <PARAMETER>EV_MESSAGE</PARAMETER>
       <KIND>P</KIND>
       <STEXT>Indicador de una posición</STEXT>
       <INDEX> 003</INDEX>
      </RSFDO>
      <RSFDO>
       <PARAMETER>IT_XKOMV</PARAMETER>
       <KIND>P</KIND>
       <STEXT>Determinación precio registro de condición comunicación</STEXT>
       <INDEX> 004</INDEX>
      </RSFDO>
      <RSFDO>
       <PARAMETER>IT_XVBAP</PARAMETER>
       <KIND>P</KIND>
       <STEXT>Documento de ventas: Datos de posición</STEXT>
       <INDEX> 005</INDEX>
      </RSFDO>
     </DOCUMENTATION>
    </item>
    <item>
     <FUNCNAME>ZSD_REMISION_X_PEDIDO</FUNCNAME>
     <REMOTE_CALL>R</REMOTE_CALL>
     <SHORT_TEXT>Funcion que obtiene listado de remisiones por pedido</SHORT_TEXT>
     <IMPORT>
      <RSIMP>
       <PARAMETER>IV_PEDIDO</PARAMETER>
       <TYP>VBELN_VA</TYP>
      </RSIMP>
     </IMPORT>
     <TABLES>
      <RSTBL>
       <PARAMETER>T_REMISIONES</PARAMETER>
       <DBSTRUCT>ZTY_REM_X_PEDIDO</DBSTRUCT>
      </RSTBL>
     </TABLES>
     <DOCUMENTATION>
      <RSFDO>
       <PARAMETER>IV_PEDIDO</PARAMETER>
       <KIND>P</KIND>
       <STEXT>Documento de ventas</STEXT>
       <INDEX> 001</INDEX>
      </RSFDO>
      <RSFDO>
       <PARAMETER>T_REMISIONES</PARAMETER>
       <KIND>P</KIND>
       <STEXT>Almacena el listado de remisiones por pedido</STEXT>
       <INDEX> 002</INDEX>
      </RSFDO>
     </DOCUMENTATION>
    </item>
    <item>
     <FUNCNAME>ZSD_SALDO_ENTREGA</FUNCNAME>
     <REMOTE_CALL>R</REMOTE_CALL>
     <SHORT_TEXT>Obtiene el monto del cliente en base a la entrega</SHORT_TEXT>
     <IMPORT>
      <RSIMP>
       <PARAMETER>IV_ENTREGA</PARAMETER>
       <TYP>VBELN_VL</TYP>
      </RSIMP>
      <RSIMP>
       <PARAMETER>IV_AREA_CONTROL</PARAMETER>
       <TYP>KKBER</TYP>
      </RSIMP>
     </IMPORT>
     <EXPORT>
      <RSEXP>
       <PARAMETER>LV_MONTO</PARAMETER>
       <TYP>NETWR_AK</TYP>
      </RSEXP>
      <RSEXP>
       <PARAMETER>LV_CREDITO</PARAMETER>
       <TYP>KLIMK</TYP>
      </RSEXP>
      <RSEXP>
       <PARAMETER>LV_SALDO</PARAMETER>
       <TYP>KLIMK</TYP>
      </RSEXP>
      <RSEXP>
       <PARAMETER>LV_COND_PAGO</PARAMETER>
       <TYP>CHAR10</TYP>
      </RSEXP>
     </EXPORT>
     <DOCUMENTATION>
      <RSFDO>
       <PARAMETER>IV_ENTREGA</PARAMETER>
       <KIND>P</KIND>
       <STEXT>Entrega</STEXT>
       <INDEX> 001</INDEX>
      </RSFDO>
      <RSFDO>
       <PARAMETER>IV_AREA_CONTROL</PARAMETER>
       <KIND>P</KIND>
       <STEXT>Área de control de créditos</STEXT>
       <INDEX> 002</INDEX>
      </RSFDO>
      <RSFDO>
       <PARAMETER>LV_MONTO</PARAMETER>
       <KIND>P</KIND>
       <STEXT>Valor neto del pedido en moneda del documento</STEXT>
       <INDEX> 003</INDEX>
      </RSFDO>
      <RSFDO>
       <PARAMETER>LV_CREDITO</PARAMETER>
       <KIND>P</KIND>
       <STEXT>Límite de crédito del cliente</STEXT>
       <INDEX> 004</INDEX>
      </RSFDO>
      <RSFDO>
       <PARAMETER>LV_SALDO</PARAMETER>
       <KIND>P</KIND>
       <STEXT>Límite de crédito del cliente</STEXT>
       <INDEX> 005</INDEX>
      </RSFDO>
      <RSFDO>
       <PARAMETER>LV_COND_PAGO</PARAMETER>
       <KIND>P</KIND>
       <STEXT>Campo de texto, longitud 10</STEXT>
       <INDEX> 006</INDEX>
      </RSFDO>
     </DOCUMENTATION>
    </item>
    <item>
     <FUNCNAME>ZSD_SALESORDER_GETDETAIL</FUNCNAME>
     <REMOTE_CALL>R</REMOTE_CALL>
     <SHORT_TEXT>Listado de status de embarques</SHORT_TEXT>
     <IMPORT>
      <RSIMP>
       <PARAMETER>V_CUSTOMER</PARAMETER>
       <TYP>BAPI1007-CUSTOMER</TYP>
      </RSIMP>
      <RSIMP>
       <PARAMETER>V_ORG</PARAMETER>
       <TYP>BAPIORDERS-SALES_ORG</TYP>
      </RSIMP>
      <RSIMP>
       <PARAMETER>V_DOCUMENT_DATE</PARAMETER>
       <TYP>BAPIORDERS-DOC_DATE</TYP>
      </RSIMP>
      <RSIMP>
       <PARAMETER>V_DOCUMENT_DATE_TO</PARAMETER>
       <TYP>BAPIORDERS-DOC_DATE</TYP>
      </RSIMP>
     </IMPORT>
     <TABLES>
      <RSTBL>
       <PARAMETER>T_DETALLE_EMBARQUE</PARAMETER>
       <DBSTRUCT>ZTY_DETALLE_EMBARQUES</DBSTRUCT>
      </RSTBL>
     </TABLES>
     <DOCUMENTATION>
      <RSFDO>
       <PARAMETER>V_CUSTOMER</PARAMETER>
       <KIND>P</KIND>
       <STEXT>Número de deudor</STEXT>
       <INDEX> 001</INDEX>
      </RSFDO>
      <RSFDO>
       <PARAMETER>V_ORG</PARAMETER>
       <KIND>P</KIND>
       <STEXT>Organización de ventas</STEXT>
       <INDEX> 002</INDEX>
      </RSFDO>
      <RSFDO>
       <PARAMETER>V_DOCUMENT_DATE</PARAMETER>
       <KIND>P</KIND>
       <STEXT>Fecha de documento (fecha de entrada o salida)</STEXT>
       <INDEX> 003</INDEX>
      </RSFDO>
      <RSFDO>
       <PARAMETER>V_DOCUMENT_DATE_TO</PARAMETER>
       <KIND>P</KIND>
       <STEXT>Fecha de documento (fecha de entrada o salida)</STEXT>
       <INDEX> 004</INDEX>
      </RSFDO>
      <RSFDO>
       <PARAMETER>T_DETALLE_EMBARQUE</PARAMETER>
       <KIND>P</KIND>
       <STEXT>Listado de Detalle de Embarque</STEXT>
       <INDEX> 005</INDEX>
      </RSFDO>
     </DOCUMENTATION>
    </item>
    <item>
     <FUNCNAME>ZSD_SALESORDER_GETLIST</FUNCNAME>
     <REMOTE_CALL>R</REMOTE_CALL>
     <SHORT_TEXT>Listado de Pedidos por cliente</SHORT_TEXT>
     <IMPORT>
      <RSIMP>
       <PARAMETER>V_CUSTOMER</PARAMETER>
       <TYP>BAPI1007-CUSTOMER</TYP>
      </RSIMP>
      <RSIMP>
       <PARAMETER>V_ORG</PARAMETER>
       <TYP>BAPIORDERS-SALES_ORG</TYP>
      </RSIMP>
      <RSIMP>
       <PARAMETER>V_DOCUMENT_DATE</PARAMETER>
       <OPTIONAL>X</OPTIONAL>
       <TYP>BAPIORDERS-DOC_DATE</TYP>
      </RSIMP>
      <RSIMP>
       <PARAMETER>V_DOCUMENT_DATE_TO</PARAMETER>
       <OPTIONAL>X</OPTIONAL>
       <TYP>BAPIORDERS-DOC_DATE</TYP>
      </RSIMP>
     </IMPORT>
     <EXPORT>
      <RSEXP>
       <PARAMETER>RETURN</PARAMETER>
       <DBFIELD>BAPIRETURN</DBFIELD>
      </RSEXP>
     </EXPORT>
     <TABLES>
      <RSTBL>
       <PARAMETER>T_SALES_ORDERS</PARAMETER>
       <DBSTRUCT>ZTY_ORDERS</DBSTRUCT>
      </RSTBL>
     </TABLES>
     <DOCUMENTATION>
      <RSFDO>
       <PARAMETER>V_CUSTOMER</PARAMETER>
       <KIND>P</KIND>
       <STEXT>Número de deudor</STEXT>
       <INDEX> 001</INDEX>
      </RSFDO>
      <RSFDO>
       <PARAMETER>V_ORG</PARAMETER>
       <KIND>P</KIND>
       <STEXT>Organización de ventas</STEXT>
       <INDEX> 002</INDEX>
      </RSFDO>
      <RSFDO>
       <PARAMETER>V_DOCUMENT_DATE</PARAMETER>
       <KIND>P</KIND>
       <STEXT>Fecha de documento (fecha de entrada o salida)</STEXT>
       <INDEX> 003</INDEX>
      </RSFDO>
      <RSFDO>
       <PARAMETER>V_DOCUMENT_DATE_TO</PARAMETER>
       <KIND>P</KIND>
       <STEXT>Fecha de documento (fecha de entrada o salida)</STEXT>
       <INDEX> 004</INDEX>
      </RSFDO>
      <RSFDO>
       <PARAMETER>RETURN</PARAMETER>
       <KIND>P</KIND>
       <STEXT>Parámetro de retorno</STEXT>
       <INDEX> 005</INDEX>
      </RSFDO>
      <RSFDO>
       <PARAMETER>T_SALES_ORDERS</PARAMETER>
       <KIND>P</KIND>
       <STEXT>Estructura que almacena el listado de pedidos</STEXT>
       <INDEX> 006</INDEX>
      </RSFDO>
     </DOCUMENTATION>
    </item>
    <item>
     <FUNCNAME>ZSD_SALESORDER_GETLIST_DAY</FUNCNAME>
     <REMOTE_CALL>R</REMOTE_CALL>
     <SHORT_TEXT>Listado de Pedidos por cliente por dia</SHORT_TEXT>
     <IMPORT>
      <RSIMP>
       <PARAMETER>V_CUSTOMER</PARAMETER>
       <TYP>BAPI1007-CUSTOMER</TYP>
      </RSIMP>
      <RSIMP>
       <PARAMETER>V_ORG</PARAMETER>
       <TYP>BAPIORDERS-SALES_ORG</TYP>
      </RSIMP>
      <RSIMP>
       <PARAMETER>V_DOCUMENT_DATE</PARAMETER>
       <OPTIONAL>X</OPTIONAL>
       <TYP>BAPIORDERS-DOC_DATE</TYP>
      </RSIMP>
      <RSIMP>
       <PARAMETER>V_DOCUMENT_DATE_TO</PARAMETER>
       <OPTIONAL>X</OPTIONAL>
       <TYP>BAPIORDERS-DOC_DATE</TYP>
      </RSIMP>
     </IMPORT>
     <EXPORT>
      <RSEXP>
       <PARAMETER>RETURN</PARAMETER>
       <DBFIELD>BAPIRETURN</DBFIELD>
      </RSEXP>
     </EXPORT>
     <TABLES>
      <RSTBL>
       <PARAMETER>T_SALES_ORDERS</PARAMETER>
       <DBSTRUCT>ZTY_ORDERS_DAY</DBSTRUCT>
      </RSTBL>
     </TABLES>
     <DOCUMENTATION>
      <RSFDO>
       <PARAMETER>V_CUSTOMER</PARAMETER>
       <KIND>P</KIND>
       <STEXT>Número de deudor</STEXT>
       <INDEX> 001</INDEX>
      </RSFDO>
      <RSFDO>
       <PARAMETER>V_ORG</PARAMETER>
       <KIND>P</KIND>
       <STEXT>Organización de ventas</STEXT>
       <INDEX> 002</INDEX>
      </RSFDO>
      <RSFDO>
       <PARAMETER>V_DOCUMENT_DATE</PARAMETER>
       <KIND>P</KIND>
       <STEXT>Fecha de documento (fecha de entrada o salida)</STEXT>
       <INDEX> 003</INDEX>
      </RSFDO>
      <RSFDO>
       <PARAMETER>V_DOCUMENT_DATE_TO</PARAMETER>
       <KIND>P</KIND>
       <STEXT>Fecha de documento (fecha de entrada o salida)</STEXT>
       <INDEX> 004</INDEX>
      </RSFDO>
      <RSFDO>
       <PARAMETER>RETURN</PARAMETER>
       <KIND>P</KIND>
       <STEXT>Parámetro de retorno</STEXT>
       <INDEX> 005</INDEX>
      </RSFDO>
      <RSFDO>
       <PARAMETER>T_SALES_ORDERS</PARAMETER>
       <KIND>P</KIND>
       <STEXT>Estructura que almacena el listado de pedidos</STEXT>
       <INDEX> 006</INDEX>
      </RSFDO>
     </DOCUMENTATION>
    </item>
    <item>
     <FUNCNAME>ZSD_SALESORDER_GETSTATUS</FUNCNAME>
     <REMOTE_CALL>R</REMOTE_CALL>
     <SHORT_TEXT>Listado de status de embarques</SHORT_TEXT>
     <IMPORT>
      <RSIMP>
       <PARAMETER>V_CUSTOMER</PARAMETER>
       <TYP>BAPI1007-CUSTOMER</TYP>
      </RSIMP>
      <RSIMP>
       <PARAMETER>V_ORG</PARAMETER>
       <TYP>BAPIORDERS-SALES_ORG</TYP>
      </RSIMP>
      <RSIMP>
       <PARAMETER>V_DOCUMENT_DATE</PARAMETER>
       <TYP>BAPIORDERS-DOC_DATE</TYP>
      </RSIMP>
      <RSIMP>
       <PARAMETER>V_DOCUMENT_DATE_TO</PARAMETER>
       <TYP>BAPIORDERS-DOC_DATE</TYP>
      </RSIMP>
     </IMPORT>
     <TABLES>
      <RSTBL>
       <PARAMETER>T_ESTATUS_EMBARQUES</PARAMETER>
       <DBSTRUCT>ZTY_ESTATUS_EMBARQUES</DBSTRUCT>
      </RSTBL>
     </TABLES>
     <DOCUMENTATION>
      <RSFDO>
       <PARAMETER>V_CUSTOMER</PARAMETER>
       <KIND>P</KIND>
       <STEXT>Número de deudor</STEXT>
       <INDEX> 001</INDEX>
      </RSFDO>
      <RSFDO>
       <PARAMETER>V_ORG</PARAMETER>
       <KIND>P</KIND>
       <STEXT>Organización de ventas</STEXT>
       <INDEX> 002</INDEX>
      </RSFDO>
      <RSFDO>
       <PARAMETER>V_DOCUMENT_DATE</PARAMETER>
       <KIND>P</KIND>
       <STEXT>Fecha de documento (fecha de entrada o salida)</STEXT>
       <INDEX> 003</INDEX>
      </RSFDO>
      <RSFDO>
       <PARAMETER>V_DOCUMENT_DATE_TO</PARAMETER>
       <KIND>P</KIND>
       <STEXT>Fecha de documento (fecha de entrada o salida)</STEXT>
       <INDEX> 004</INDEX>
      </RSFDO>
      <RSFDO>
       <PARAMETER>T_ESTATUS_EMBARQUES</PARAMETER>
       <KIND>P</KIND>
       <STEXT>Listado de Estatus de Embarques</STEXT>
       <INDEX> 005</INDEX>
      </RSFDO>
     </DOCUMENTATION>
    </item>
   </FUNCTIONS>
  </asx:values>
 </asx:abap>
</abapGit>
