﻿<?xml version="1.0" encoding="utf-8"?>
<abapGit version="v1.0.0" serializer="LCL_OBJECT_FUGR" serializer_version="v1.0.0">
 <asx:abap xmlns:asx="http://www.sap.com/abapxml" version="1.0">
  <asx:values>
   <AREAT>Grupo de Funciones TYASA Ventas</AREAT>
   <INCLUDES>
    <SOBJ_NAME>LZSD_VENTAS_CTOP</SOBJ_NAME>
    <SOBJ_NAME>SAPLZSD_VENTAS_C</SOBJ_NAME>
   </INCLUDES>
   <FUNCTIONS>
    <item>
     <FUNCNAME>ZSD_CLIENTE_PENDIENTE_EMBARQUE</FUNCNAME>
     <REMOTE_CALL>R</REMOTE_CALL>
     <SHORT_TEXT>BAPI Lista de Pedidos pendientes por embarcar</SHORT_TEXT>
     <IMPORT>
      <RSIMP>
       <PARAMETER>SOCIEDAD</PARAMETER>
       <TYP>BUKRS_VF</TYP>
      </RSIMP>
      <RSIMP>
       <PARAMETER>CENTRO</PARAMETER>
       <TYP>WERKS_EXT</TYP>
      </RSIMP>
      <RSIMP>
       <PARAMETER>CLIENTE</PARAMETER>
       <TYP>KUNNR</TYP>
      </RSIMP>
     </IMPORT>
     <TABLES>
      <RSTBL>
       <PARAMETER>T_PEDIDO_PEND</PARAMETER>
       <TYPES>O</TYPES>
       <TYP>ZTY_BAPICLIENTES_PEND_EMBARQUE</TYP>
      </RSTBL>
     </TABLES>
     <DOCUMENTATION>
      <RSFDO>
       <PARAMETER>SOCIEDAD</PARAMETER>
       <KIND>P</KIND>
       <STEXT>Sociedad facturadora</STEXT>
       <INDEX> 001</INDEX>
      </RSFDO>
      <RSFDO>
       <PARAMETER>CENTRO</PARAMETER>
       <KIND>P</KIND>
       <STEXT>Centro (propio o externo)</STEXT>
       <INDEX> 002</INDEX>
      </RSFDO>
      <RSFDO>
       <PARAMETER>CLIENTE</PARAMETER>
       <KIND>P</KIND>
       <STEXT>Número de deudor</STEXT>
       <INDEX> 003</INDEX>
      </RSFDO>
      <RSFDO>
       <PARAMETER>T_PEDIDO_PEND</PARAMETER>
       <KIND>P</KIND>
       <STEXT>Tabla almacena pedidos pendientes de embarcar</STEXT>
       <INDEX> 004</INDEX>
      </RSFDO>
     </DOCUMENTATION>
    </item>
    <item>
     <FUNCNAME>ZSD_CREAR_FACTURA</FUNCNAME>
     <REMOTE_CALL>R</REMOTE_CALL>
     <SHORT_TEXT>Genera factura a traves de una entrega</SHORT_TEXT>
     <IMPORT>
      <RSIMP>
       <PARAMETER>IV_ENTREGA</PARAMETER>
       <TYP>VBELN</TYP>
      </RSIMP>
     </IMPORT>
     <TABLES>
      <RSTBL>
       <PARAMETER>T_FACTURA</PARAMETER>
       <DBSTRUCT>BAPIVBRKSUCCESS</DBSTRUCT>
      </RSTBL>
      <RSTBL>
       <PARAMETER>T_RETURN</PARAMETER>
       <DBSTRUCT>BAPIRETURN1</DBSTRUCT>
      </RSTBL>
     </TABLES>
     <DOCUMENTATION>
      <RSFDO>
       <PARAMETER>IV_ENTREGA</PARAMETER>
       <KIND>P</KIND>
       <STEXT>Número de documento comercial</STEXT>
       <INDEX> 001</INDEX>
      </RSFDO>
      <RSFDO>
       <PARAMETER>T_FACTURA</PARAMETER>
       <KIND>P</KIND>
       <STEXT>Información sobre pos.factura procesadas correctamente</STEXT>
       <INDEX> 002</INDEX>
      </RSFDO>
      <RSFDO>
       <PARAMETER>T_RETURN</PARAMETER>
       <KIND>P</KIND>
       <STEXT>Parámetro de retorno</STEXT>
       <INDEX> 003</INDEX>
      </RSFDO>
     </DOCUMENTATION>
    </item>
   </FUNCTIONS>
  </asx:values>
 </asx:abap>
</abapGit>
