﻿<?xml version="1.0" encoding="utf-8"?>
<abapGit version="v1.0.0" serializer="LCL_OBJECT_FUGR" serializer_version="v1.0.0">
 <asx:abap xmlns:asx="http://www.sap.com/abapxml" version="1.0">
  <asx:values>
   <AREAT>Ref ISO</AREAT>
   <INCLUDES>
    <SOBJ_NAME>LZSD_VENTAS_PTOP</SOBJ_NAME>
    <SOBJ_NAME>SAPLZSD_VENTAS_P</SOBJ_NAME>
   </INCLUDES>
   <FUNCTIONS>
    <item>
     <FUNCNAME>ZSD_FOLIO_CARGA_V2</FUNCNAME>
     <REMOTE_CALL>R</REMOTE_CALL>
     <SHORT_TEXT>BAPI Registro de Camiones-Devuelve informacion cliente</SHORT_TEXT>
     <IMPORT>
      <RSIMP>
       <PARAMETER>ENTREGA</PARAMETER>
       <TYP>VBELN_VL</TYP>
      </RSIMP>
     </IMPORT>
     <TABLES>
      <RSTBL>
       <PARAMETER>T_FOLIO_CARGA</PARAMETER>
       <DBSTRUCT>ZSD_BAPIFOLIOCARGA_V2</DBSTRUCT>
      </RSTBL>
      <RSTBL>
       <PARAMETER>T_SECTORES</PARAMETER>
       <DBSTRUCT>ZSD_BAPISECTORES</DBSTRUCT>
       <OPTIONAL>X</OPTIONAL>
      </RSTBL>
     </TABLES>
     <DOCUMENTATION>
      <RSFDO>
       <PARAMETER>ENTREGA</PARAMETER>
       <KIND>P</KIND>
       <STEXT>Documento de ventas</STEXT>
       <INDEX> 001</INDEX>
      </RSFDO>
      <RSFDO>
       <PARAMETER>T_FOLIO_CARGA</PARAMETER>
       <KIND>P</KIND>
       <STEXT>Almacena datos del Pedido de Venta para Folio Descrip. Carga</STEXT>
       <INDEX> 002</INDEX>
      </RSFDO>
      <RSFDO>
       <PARAMETER>T_SECTORES</PARAMETER>
       <KIND>P</KIND>
       <STEXT>Considera sectores a tomar en cuanta</STEXT>
       <INDEX> 003</INDEX>
      </RSFDO>
     </DOCUMENTATION>
    </item>
    <item>
     <FUNCNAME>ZSD_GET_REF_ISO</FUNCNAME>
     <REMOTE_CALL>R</REMOTE_CALL>
     <SHORT_TEXT>Obtiene Referencia ISO por Sector</SHORT_TEXT>
     <IMPORT>
      <RSIMP>
       <PARAMETER>SPART</PARAMETER>
       <OPTIONAL>X</OPTIONAL>
       <TYP>SPART</TYP>
      </RSIMP>
     </IMPORT>
     <TABLES>
      <RSTBL>
       <PARAMETER>T_REF_ISO</PARAMETER>
       <DBSTRUCT>ZSD_REF_ISO</DBSTRUCT>
      </RSTBL>
     </TABLES>
     <DOCUMENTATION>
      <RSFDO>
       <PARAMETER>SPART</PARAMETER>
       <KIND>P</KIND>
       <STEXT>Sector</STEXT>
       <INDEX> 001</INDEX>
      </RSFDO>
      <RSFDO>
       <PARAMETER>T_REF_ISO</PARAMETER>
       <KIND>P</KIND>
       <STEXT>Tabla Referencias ISO por Sector</STEXT>
       <INDEX> 002</INDEX>
      </RSFDO>
     </DOCUMENTATION>
    </item>
   </FUNCTIONS>
  </asx:values>
 </asx:abap>
</abapGit>
