﻿<?xml version="1.0" encoding="utf-8"?>
<abapGit version="v1.0.0" serializer="LCL_OBJECT_FUGR" serializer_version="v1.0.0">
 <asx:abap xmlns:asx="http://www.sap.com/abapxml" version="1.0">
  <asx:values>
   <AREAT>Grupo Funciones Traspasos Centro-Centro.</AREAT>
   <INCLUDES>
    <SOBJ_NAME>LZSD_TRASPASOSF01</SOBJ_NAME>
    <SOBJ_NAME>LZSD_TRASPASOSTOP</SOBJ_NAME>
    <SOBJ_NAME>SAPLZSD_TRASPASOS</SOBJ_NAME>
   </INCLUDES>
   <FUNCTIONS>
    <item>
     <FUNCNAME>ZSD_BORRA_TRASPASO</FUNCNAME>
     <REMOTE_CALL>R</REMOTE_CALL>
     <SHORT_TEXT>Grupo Funciones Traspasos de Material entre Centros.</SHORT_TEXT>
     <IMPORT>
      <RSIMP>
       <PARAMETER>P_CENTRORIGEN</PARAMETER>
       <TYP>WERKS_D</TYP>
      </RSIMP>
      <RSIMP>
       <PARAMETER>P_EMBARQUE</PARAMETER>
       <TYP>VBELN</TYP>
      </RSIMP>
      <RSIMP>
       <PARAMETER>P_POSNR</PARAMETER>
       <OPTIONAL>X</OPTIONAL>
       <TYP>POSNR_VL</TYP>
      </RSIMP>
     </IMPORT>
     <EXPORT>
      <RSEXP>
       <PARAMETER>E_STATUS</PARAMETER>
       <TYP>INT1</TYP>
      </RSEXP>
     </EXPORT>
     <DOCUMENTATION>
      <RSFDO>
       <PARAMETER>P_CENTRORIGEN</PARAMETER>
       <KIND>P</KIND>
       <STEXT>Centro</STEXT>
       <INDEX> 001</INDEX>
      </RSFDO>
      <RSFDO>
       <PARAMETER>P_EMBARQUE</PARAMETER>
       <KIND>P</KIND>
       <STEXT>Número de documento comercial</STEXT>
       <INDEX> 002</INDEX>
      </RSFDO>
      <RSFDO>
       <PARAMETER>P_POSNR</PARAMETER>
       <KIND>P</KIND>
       <STEXT>Número actual para distribución entre objetos de imputación</STEXT>
       <INDEX> 003</INDEX>
      </RSFDO>
      <RSFDO>
       <PARAMETER>E_STATUS</PARAMETER>
       <KIND>P</KIND>
       <STEXT>Dummy para B20 int1 (siempre local)</STEXT>
       <INDEX> 004</INDEX>
      </RSFDO>
     </DOCUMENTATION>
    </item>
    <item>
     <FUNCNAME>ZSD_TRASPASO</FUNCNAME>
     <REMOTE_CALL>R</REMOTE_CALL>
     <SHORT_TEXT>Grupo Funciones Traspasos de Material entre Centros.</SHORT_TEXT>
     <IMPORT>
      <RSIMP>
       <PARAMETER>P_EMBARQUE</PARAMETER>
       <TYP>VBELN</TYP>
      </RSIMP>
      <RSIMP>
       <PARAMETER>P_POSNR</PARAMETER>
       <TYP>POSNR_VL</TYP>
      </RSIMP>
      <RSIMP>
       <PARAMETER>P_MATERIAL</PARAMETER>
       <TYP>MATNR</TYP>
      </RSIMP>
      <RSIMP>
       <PARAMETER>P_REMISION</PARAMETER>
       <OPTIONAL>X</OPTIONAL>
       <TYP>VBELN_OB</TYP>
      </RSIMP>
      <RSIMP>
       <PARAMETER>P_CENTRORIGEN</PARAMETER>
       <TYP>WERKS_D</TYP>
      </RSIMP>
      <RSIMP>
       <PARAMETER>P_CENTRODESTINO</PARAMETER>
       <TYP>WERKS_D</TYP>
      </RSIMP>
      <RSIMP>
       <PARAMETER>P_ALMDESTINO</PARAMETER>
       <OPTIONAL>X</OPTIONAL>
       <TYP>LGORT_D</TYP>
      </RSIMP>
      <RSIMP>
       <PARAMETER>P_FECHAENTREGA</PARAMETER>
       <TYP>LFDAT_V</TYP>
      </RSIMP>
      <RSIMP>
       <PARAMETER>P_FECHACARGA</PARAMETER>
       <OPTIONAL>X</OPTIONAL>
       <TYP>LDDAT</TYP>
      </RSIMP>
      <RSIMP>
       <PARAMETER>P_CANTIDAD</PARAMETER>
       <TYP>MENGE_D</TYP>
      </RSIMP>
      <RSIMP>
       <PARAMETER>P_TRANSPORTE</PARAMETER>
       <OPTIONAL>X</OPTIONAL>
       <TYP>CHAR1</TYP>
      </RSIMP>
     </IMPORT>
     <EXPORT>
      <RSEXP>
       <PARAMETER>E_STATUS</PARAMETER>
       <TYP>INT1</TYP>
      </RSEXP>
     </EXPORT>
     <DOCUMENTATION>
      <RSFDO>
       <PARAMETER>P_EMBARQUE</PARAMETER>
       <KIND>P</KIND>
       <STEXT>Número de documento comercial</STEXT>
       <INDEX> 001</INDEX>
      </RSFDO>
      <RSFDO>
       <PARAMETER>P_POSNR</PARAMETER>
       <KIND>P</KIND>
       <STEXT>Verif.disponibilidad: Considerar solicitudes de pedido</STEXT>
       <INDEX> 002</INDEX>
      </RSFDO>
      <RSFDO>
       <PARAMETER>P_MATERIAL</PARAMETER>
       <KIND>P</KIND>
       <STEXT>Número de material</STEXT>
       <INDEX> 003</INDEX>
      </RSFDO>
      <RSFDO>
       <PARAMETER>P_REMISION</PARAMETER>
       <KIND>P</KIND>
       <STEXT>Entrega de salida</STEXT>
       <INDEX> 004</INDEX>
      </RSFDO>
      <RSFDO>
       <PARAMETER>P_CENTRORIGEN</PARAMETER>
       <KIND>P</KIND>
       <STEXT>Centro</STEXT>
       <INDEX> 005</INDEX>
      </RSFDO>
      <RSFDO>
       <PARAMETER>P_CENTRODESTINO</PARAMETER>
       <KIND>P</KIND>
       <STEXT>Centro</STEXT>
       <INDEX> 006</INDEX>
      </RSFDO>
      <RSFDO>
       <PARAMETER>P_ALMDESTINO</PARAMETER>
       <KIND>P</KIND>
       <STEXT>Almacén</STEXT>
       <INDEX> 007</INDEX>
      </RSFDO>
      <RSFDO>
       <PARAMETER>P_FECHAENTREGA</PARAMETER>
       <KIND>P</KIND>
       <STEXT>Fecha de entrega programada</STEXT>
       <INDEX> 008</INDEX>
      </RSFDO>
      <RSFDO>
       <PARAMETER>P_FECHACARGA</PARAMETER>
       <KIND>P</KIND>
       <STEXT>Fecha de carga real</STEXT>
       <INDEX> 009</INDEX>
      </RSFDO>
      <RSFDO>
       <PARAMETER>P_CANTIDAD</PARAMETER>
       <KIND>P</KIND>
       <STEXT>Cantidad</STEXT>
       <INDEX> 010</INDEX>
      </RSFDO>
      <RSFDO>
       <PARAMETER>P_TRANSPORTE</PARAMETER>
       <KIND>P</KIND>
       <STEXT>Indicador de una posición</STEXT>
       <INDEX> 011</INDEX>
      </RSFDO>
      <RSFDO>
       <PARAMETER>E_STATUS</PARAMETER>
       <KIND>P</KIND>
       <STEXT>Dummy para B20 int1 (siempre local)</STEXT>
       <INDEX> 012</INDEX>
      </RSFDO>
     </DOCUMENTATION>
    </item>
    <item>
     <FUNCNAME>ZSD_TRASPASO_RECEPCION</FUNCNAME>
     <REMOTE_CALL>R</REMOTE_CALL>
     <SHORT_TEXT>Traspasos de Material entre Centros. RECEPCION</SHORT_TEXT>
     <IMPORT>
      <RSIMP>
       <PARAMETER>P_REMISION</PARAMETER>
       <TYP>VBELN_OB</TYP>
      </RSIMP>
      <RSIMP>
       <PARAMETER>P_MATERIAL</PARAMETER>
       <TYP>MATNR</TYP>
      </RSIMP>
      <RSIMP>
       <PARAMETER>P_FECHA</PARAMETER>
       <TYP>LFDAT_V</TYP>
      </RSIMP>
     </IMPORT>
     <EXPORT>
      <RSEXP>
       <PARAMETER>E_STATUS</PARAMETER>
       <TYP>INT1</TYP>
      </RSEXP>
     </EXPORT>
     <DOCUMENTATION>
      <RSFDO>
       <PARAMETER>P_REMISION</PARAMETER>
       <KIND>P</KIND>
       <STEXT>Entrega de salida</STEXT>
       <INDEX> 001</INDEX>
      </RSFDO>
      <RSFDO>
       <PARAMETER>P_MATERIAL</PARAMETER>
       <KIND>P</KIND>
       <STEXT>Número de material</STEXT>
       <INDEX> 002</INDEX>
      </RSFDO>
      <RSFDO>
       <PARAMETER>P_FECHA</PARAMETER>
       <KIND>P</KIND>
       <STEXT>Fecha de entrega programada</STEXT>
       <INDEX> 003</INDEX>
      </RSFDO>
      <RSFDO>
       <PARAMETER>E_STATUS</PARAMETER>
       <KIND>P</KIND>
       <STEXT>Dummy para B20 int1 (siempre local)</STEXT>
       <INDEX> 004</INDEX>
      </RSFDO>
     </DOCUMENTATION>
    </item>
   </FUNCTIONS>
  </asx:values>
 </asx:abap>
</abapGit>
