﻿<?xml version="1.0" encoding="utf-8"?>
<abapGit version="v1.0.0" serializer="LCL_OBJECT_FUGR" serializer_version="v1.0.0">
 <asx:abap xmlns:asx="http://www.sap.com/abapxml" version="1.0">
  <asx:values>
   <AREAT>Grupo de Funciones TYASA Ventas</AREAT>
   <INCLUDES>
    <SOBJ_NAME>LZSD_VENTAS_DTOP</SOBJ_NAME>
    <SOBJ_NAME>SAPLZSD_VENTAS_D</SOBJ_NAME>
   </INCLUDES>
   <FUNCTIONS>
    <item>
     <FUNCNAME>ZSD_FOLIO_CARGA</FUNCNAME>
     <REMOTE_CALL>R</REMOTE_CALL>
     <SHORT_TEXT>BAPI Registro de Camiones-Devuelve informacion cliente</SHORT_TEXT>
     <IMPORT>
      <RSIMP>
       <PARAMETER>PEDIDO</PARAMETER>
       <TYP>VBELN_VA</TYP>
      </RSIMP>
      <RSIMP>
       <PARAMETER>GRUPO</PARAMETER>
       <TYP>BSTKD_E</TYP>
      </RSIMP>
     </IMPORT>
     <TABLES>
      <RSTBL>
       <PARAMETER>T_FOLIO_CARGA</PARAMETER>
       <DBSTRUCT>ZTY_BAPIFOLIOCARGA</DBSTRUCT>
      </RSTBL>
     </TABLES>
     <DOCUMENTATION>
      <RSFDO>
       <PARAMETER>PEDIDO</PARAMETER>
       <KIND>P</KIND>
       <STEXT>Documento de ventas</STEXT>
       <INDEX> 001</INDEX>
      </RSFDO>
      <RSFDO>
       <PARAMETER>GRUPO</PARAMETER>
       <KIND>P</KIND>
       <STEXT>Nº pedido según cliente del destinatario de mercancías</STEXT>
       <INDEX> 002</INDEX>
      </RSFDO>
      <RSFDO>
       <PARAMETER>T_FOLIO_CARGA</PARAMETER>
       <KIND>P</KIND>
       <STEXT>Almacena datos del Pedido de Venta para Folio Descrip. Carga</STEXT>
       <INDEX> 003</INDEX>
      </RSFDO>
     </DOCUMENTATION>
    </item>
    <item>
     <FUNCNAME>ZSD_ZONAS_TRANSPORTES</FUNCNAME>
     <SHORT_TEXT>Listado de zonas de transporte</SHORT_TEXT>
     <IMPORT>
      <RSIMP>
       <PARAMETER>IV_PAIS</PARAMETER>
       <TYP>LAND1</TYP>
      </RSIMP>
     </IMPORT>
     <TABLES>
      <RSTBL>
       <PARAMETER>IT_ZONE</PARAMETER>
       <DBSTRUCT>TZONT</DBSTRUCT>
      </RSTBL>
     </TABLES>
     <DOCUMENTATION>
      <RSFDO>
       <PARAMETER>IV_PAIS</PARAMETER>
       <KIND>P</KIND>
       <STEXT>Clave de país</STEXT>
       <INDEX> 001</INDEX>
      </RSFDO>
      <RSFDO>
       <PARAMETER>IT_ZONE</PARAMETER>
       <KIND>P</KIND>
       <STEXT>Deudores: Zonas regionales; textos</STEXT>
       <INDEX> 002</INDEX>
      </RSFDO>
     </DOCUMENTATION>
    </item>
    <item>
     <FUNCNAME>ZSD_ZONAS_TRANSPORTES_V2</FUNCNAME>
     <REMOTE_CALL>R</REMOTE_CALL>
     <SHORT_TEXT>Listado de zonas de transporte</SHORT_TEXT>
     <IMPORT>
      <RSIMP>
       <PARAMETER>IV_PAIS</PARAMETER>
       <TYP>LAND1</TYP>
      </RSIMP>
      <RSIMP>
       <PARAMETER>CENTRO</PARAMETER>
       <OPTIONAL>X</OPTIONAL>
       <TYP>CHAR2</TYP>
      </RSIMP>
      <RSIMP>
       <PARAMETER>ESTADO</PARAMETER>
       <OPTIONAL>X</OPTIONAL>
       <TYP>CHAR3</TYP>
      </RSIMP>
     </IMPORT>
     <TABLES>
      <RSTBL>
       <PARAMETER>IT_ZONE</PARAMETER>
       <DBSTRUCT>TZONT</DBSTRUCT>
      </RSTBL>
      <RSTBL>
       <PARAMETER>T_ZONAS</PARAMETER>
       <DBSTRUCT>ZSD_BAPIZONAS</DBSTRUCT>
      </RSTBL>
     </TABLES>
     <DOCUMENTATION>
      <RSFDO>
       <PARAMETER>IV_PAIS</PARAMETER>
       <KIND>P</KIND>
       <STEXT>Clave de país</STEXT>
       <INDEX> 001</INDEX>
      </RSFDO>
      <RSFDO>
       <PARAMETER>CENTRO</PARAMETER>
       <KIND>P</KIND>
       <STEXT>Componente del número de versión</STEXT>
       <INDEX> 002</INDEX>
      </RSFDO>
      <RSFDO>
       <PARAMETER>ESTADO</PARAMETER>
       <KIND>P</KIND>
       <STEXT>Campo con longitud de 3 byte</STEXT>
       <INDEX> 003</INDEX>
      </RSFDO>
      <RSFDO>
       <PARAMETER>IT_ZONE</PARAMETER>
       <KIND>P</KIND>
       <STEXT>Deudores: Zonas regionales; textos</STEXT>
       <INDEX> 004</INDEX>
      </RSFDO>
      <RSFDO>
       <PARAMETER>T_ZONAS</PARAMETER>
       <KIND>P</KIND>
       <STEXT>Estructura usada en ZSD_ZONAS_TRANSPORTES_V2</STEXT>
       <INDEX> 005</INDEX>
      </RSFDO>
     </DOCUMENTATION>
    </item>
   </FUNCTIONS>
  </asx:values>
 </asx:abap>
</abapGit>
