﻿<?xml version="1.0" encoding="utf-8"?>
<abapGit version="v1.0.0" serializer="LCL_OBJECT_FUGR" serializer_version="v1.0.0">
 <asx:abap xmlns:asx="http://www.sap.com/abapxml" version="1.0">
  <asx:values>
   <AREAT>Grupo Funciones Fletes.</AREAT>
   <INCLUDES>
    <SOBJ_NAME>LZSD_FLETESF01</SOBJ_NAME>
    <SOBJ_NAME>LZSD_FLETESF02</SOBJ_NAME>
    <SOBJ_NAME>LZSD_FLETESI01</SOBJ_NAME>
    <SOBJ_NAME>LZSD_FLETESI02</SOBJ_NAME>
    <SOBJ_NAME>LZSD_FLETESO01</SOBJ_NAME>
    <SOBJ_NAME>LZSD_FLETESO02</SOBJ_NAME>
    <SOBJ_NAME>LZSD_FLETESTOP</SOBJ_NAME>
    <SOBJ_NAME>SAPLZSD_FLETES</SOBJ_NAME>
   </INCLUDES>
   <FUNCTIONS>
    <item>
     <FUNCNAME>CONVERSION_EXIT_ZFTE_INPUT</FUNCNAME>
     <SHORT_TEXT>Conversion exit ALPHA, external-&gt;internal</SHORT_TEXT>
     <IMPORT>
      <RSIMP>
       <PARAMETER>INPUT</PARAMETER>
       <TYP>CLIKE</TYP>
      </RSIMP>
     </IMPORT>
     <EXPORT>
      <RSEXP>
       <PARAMETER>OUTPUT</PARAMETER>
       <TYP>CLIKE</TYP>
      </RSEXP>
     </EXPORT>
     <DOCUMENTATION>
      <RSFDO>
       <PARAMETER>INPUT</PARAMETER>
       <KIND>P</KIND>
       <STEXT>C field</STEXT>
       <INDEX> 001</INDEX>
      </RSFDO>
      <RSFDO>
       <PARAMETER>OUTPUT</PARAMETER>
       <KIND>P</KIND>
       <STEXT>Internal display of INPUT, any category</STEXT>
       <INDEX> 002</INDEX>
      </RSFDO>
     </DOCUMENTATION>
    </item>
    <item>
     <FUNCNAME>CONVERSION_EXIT_ZFTE_OUTPUT</FUNCNAME>
     <SHORT_TEXT>Conversion exit ALPHA, internal-&gt;external</SHORT_TEXT>
     <IMPORT>
      <RSIMP>
       <PARAMETER>INPUT</PARAMETER>
       <TYP>CLIKE</TYP>
      </RSIMP>
     </IMPORT>
     <EXPORT>
      <RSEXP>
       <PARAMETER>OUTPUT</PARAMETER>
       <TYP>CLIKE</TYP>
      </RSEXP>
     </EXPORT>
     <DOCUMENTATION>
      <RSFDO>
       <PARAMETER>INPUT</PARAMETER>
       <KIND>P</KIND>
       <STEXT>Any ABAP field</STEXT>
       <INDEX> 001</INDEX>
      </RSFDO>
      <RSFDO>
       <PARAMETER>OUTPUT</PARAMETER>
       <KIND>P</KIND>
       <STEXT>External INPUT display, C field</STEXT>
       <INDEX> 002</INDEX>
      </RSFDO>
     </DOCUMENTATION>
    </item>
    <item>
     <FUNCNAME>CONVER_EXIT_ZTIPO_FTE_INPUT</FUNCNAME>
     <SHORT_TEXT>Conversion exit ALPHA, external-&gt;internal</SHORT_TEXT>
     <IMPORT>
      <RSIMP>
       <PARAMETER>INPUT</PARAMETER>
       <TYP>CLIKE</TYP>
      </RSIMP>
     </IMPORT>
     <EXPORT>
      <RSEXP>
       <PARAMETER>OUTPUT</PARAMETER>
       <TYP>CLIKE</TYP>
      </RSEXP>
     </EXPORT>
     <DOCUMENTATION>
      <RSFDO>
       <PARAMETER>INPUT</PARAMETER>
       <KIND>P</KIND>
       <STEXT>C field</STEXT>
       <INDEX> 001</INDEX>
      </RSFDO>
      <RSFDO>
       <PARAMETER>OUTPUT</PARAMETER>
       <KIND>P</KIND>
       <STEXT>Internal display of INPUT, any category</STEXT>
       <INDEX> 002</INDEX>
      </RSFDO>
     </DOCUMENTATION>
    </item>
    <item>
     <FUNCNAME>CONVER_EXIT_ZTIPO_FTE_OUTPUT</FUNCNAME>
     <SHORT_TEXT>Conversion exit ALPHA, internal-&gt;external</SHORT_TEXT>
     <IMPORT>
      <RSIMP>
       <PARAMETER>INPUT</PARAMETER>
       <TYP>CLIKE</TYP>
      </RSIMP>
     </IMPORT>
     <EXPORT>
      <RSEXP>
       <PARAMETER>OUTPUT</PARAMETER>
       <TYP>CLIKE</TYP>
      </RSEXP>
     </EXPORT>
     <DOCUMENTATION>
      <RSFDO>
       <PARAMETER>INPUT</PARAMETER>
       <KIND>P</KIND>
       <STEXT>Any ABAP field</STEXT>
       <INDEX> 001</INDEX>
      </RSFDO>
      <RSFDO>
       <PARAMETER>OUTPUT</PARAMETER>
       <KIND>P</KIND>
       <STEXT>External INPUT display, C field</STEXT>
       <INDEX> 002</INDEX>
      </RSFDO>
     </DOCUMENTATION>
    </item>
    <item>
     <FUNCNAME>ZSD_GET_PAYDATE</FUNCNAME>
     <SHORT_TEXT>Cargar Organización Ventas</SHORT_TEXT>
     <IMPORT>
      <RSIMP>
       <PARAMETER>E_FECHA</PARAMETER>
       <REFERENCE>X</REFERENCE>
       <TYP>BLDAT</TYP>
      </RSIMP>
     </IMPORT>
     <EXPORT>
      <RSEXP>
       <PARAMETER>EV_NETDT</PARAMETER>
       <REFERENCE>X</REFERENCE>
       <TYP>NETDT</TYP>
      </RSEXP>
      <RSEXP>
       <PARAMETER>EV_BLDAT</PARAMETER>
       <REFERENCE>X</REFERENCE>
       <TYP>BLDAT</TYP>
      </RSEXP>
     </EXPORT>
     <DOCUMENTATION>
      <RSFDO>
       <PARAMETER>E_FECHA</PARAMETER>
       <KIND>P</KIND>
       <STEXT>Fecha de documento en documento</STEXT>
       <INDEX> 001</INDEX>
      </RSFDO>
      <RSFDO>
       <PARAMETER>EV_NETDT</PARAMETER>
       <KIND>P</KIND>
       <INDEX> 002</INDEX>
      </RSFDO>
      <RSFDO>
       <PARAMETER>EV_BLDAT</PARAMETER>
       <KIND>P</KIND>
       <STEXT>Fecha de documento en documento</STEXT>
       <INDEX> 003</INDEX>
      </RSFDO>
     </DOCUMENTATION>
    </item>
    <item>
     <FUNCNAME>ZSD_XML_PARSE_AND_READ</FUNCNAME>
     <SHORT_TEXT>FM.Parse and Read XML For  CFD - CFDI</SHORT_TEXT>
     <IMPORT>
      <RSIMP>
       <PARAMETER>I_XML</PARAMETER>
       <OPTIONAL>X</OPTIONAL>
       <TYP>XSTRING</TYP>
      </RSIMP>
      <RSIMP>
       <PARAMETER>I_FLAG</PARAMETER>
       <OPTIONAL>X</OPTIONAL>
       <REFERENCE>X</REFERENCE>
       <TYP>FLAG</TYP>
      </RSIMP>
     </IMPORT>
     <EXPORT>
      <RSEXP>
       <PARAMETER>E_GROSS_AMOUNT</PARAMETER>
       <REFERENCE>X</REFERENCE>
       <TYP>TTET_AMOUNT_COM</TYP>
      </RSEXP>
      <RSEXP>
       <PARAMETER>E_NETWR</PARAMETER>
       <REFERENCE>X</REFERENCE>
       <TYP>TTET_AMOUNT_COM</TYP>
      </RSEXP>
      <RSEXP>
       <PARAMETER>E_TAX_CODE</PARAMETER>
       <REFERENCE>X</REFERENCE>
       <TYP>MWSKZ_MRM</TYP>
      </RSEXP>
      <RSEXP>
       <PARAMETER>E_RETENTION</PARAMETER>
       <REFERENCE>X</REFERENCE>
       <TYP>TTET_AMOUNT_COM</TYP>
      </RSEXP>
      <RSEXP>
       <PARAMETER>E_RET_IVA</PARAMETER>
       <REFERENCE>X</REFERENCE>
       <TYP>TTET_AMOUNT_COM</TYP>
      </RSEXP>
      <RSEXP>
       <PARAMETER>E_RET_ISR</PARAMETER>
       <REFERENCE>X</REFERENCE>
       <TYP>TTET_AMOUNT_COM</TYP>
      </RSEXP>
      <RSEXP>
       <PARAMETER>E_BLART</PARAMETER>
       <REFERENCE>X</REFERENCE>
       <TYP>BLART</TYP>
      </RSEXP>
      <RSEXP>
       <PARAMETER>E_BUKRS</PARAMETER>
       <REFERENCE>X</REFERENCE>
       <TYP>BUKRS</TYP>
      </RSEXP>
      <RSEXP>
       <PARAMETER>E_WAERS</PARAMETER>
       <REFERENCE>X</REFERENCE>
       <TYP>WAERS</TYP>
      </RSEXP>
      <RSEXP>
       <PARAMETER>E_DATE</PARAMETER>
       <REFERENCE>X</REFERENCE>
       <TYP>BLDAT</TYP>
      </RSEXP>
      <RSEXP>
       <PARAMETER>E_XBLNR</PARAMETER>
       <REFERENCE>X</REFERENCE>
       <TYP>ZIDMX_FOLIO_CFDI</TYP>
      </RSEXP>
      <RSEXP>
       <PARAMETER>E_IEPS</PARAMETER>
       <REFERENCE>X</REFERENCE>
       <TYP>TTET_AMOUNT_COM</TYP>
      </RSEXP>
      <RSEXP>
       <PARAMETER>E_IVA</PARAMETER>
       <REFERENCE>X</REFERENCE>
       <TYP>TTET_AMOUNT_COM</TYP>
      </RSEXP>
      <RSEXP>
       <PARAMETER>E_RFC_RECEPTOR</PARAMETER>
       <REFERENCE>X</REFERENCE>
       <TYP>STCD1</TYP>
      </RSEXP>
      <RSEXP>
       <PARAMETER>E_RFC_EMISOR</PARAMETER>
       <REFERENCE>X</REFERENCE>
       <TYP>STCD1</TYP>
      </RSEXP>
      <RSEXP>
       <PARAMETER>E_SERIE</PARAMETER>
       <REFERENCE>X</REFERENCE>
       <TYP>XBLNR</TYP>
      </RSEXP>
      <RSEXP>
       <PARAMETER>E_MJAHR</PARAMETER>
       <REFERENCE>X</REFERENCE>
       <TYP>MJAHR</TYP>
      </RSEXP>
      <RSEXP>
       <PARAMETER>E_DATETIMBRE</PARAMETER>
       <REFERENCE>X</REFERENCE>
       <TYP>BLDAT</TYP>
      </RSEXP>
      <RSEXP>
       <PARAMETER>E_LIFNR</PARAMETER>
       <REFERENCE>X</REFERENCE>
       <TYP>LIFNR</TYP>
      </RSEXP>
      <RSEXP>
       <PARAMETER>E_VERSION</PARAMETER>
       <REFERENCE>X</REFERENCE>
       <TYP>IDMX_DI_XML_VERSION</TYP>
      </RSEXP>
      <RSEXP>
       <PARAMETER>E_UUID</PARAMETER>
       <REFERENCE>X</REFERENCE>
       <TYP>STRING</TYP>
      </RSEXP>
      <RSEXP>
       <PARAMETER>E_NOMBRE_EMISOR</PARAMETER>
       <REFERENCE>X</REFERENCE>
       <TYP>STRING</TYP>
      </RSEXP>
      <RSEXP>
       <PARAMETER>E_TIPO</PARAMETER>
       <REFERENCE>X</REFERENCE>
       <TYP>STRING</TYP>
      </RSEXP>
      <RSEXP>
       <PARAMETER>E_USO</PARAMETER>
       <REFERENCE>X</REFERENCE>
       <TYP>ZIDMX_USO_CFDI</TYP>
      </RSEXP>
     </EXPORT>
     <EXCEPTION>
      <RSEXC>
       <EXCEPTION>INVALID_DATA_TYPE</EXCEPTION>
      </RSEXC>
      <RSEXC>
       <EXCEPTION>OTHER</EXCEPTION>
      </RSEXC>
     </EXCEPTION>
     <DOCUMENTATION>
      <RSFDO>
       <PARAMETER>I_XML</PARAMETER>
       <KIND>P</KIND>
       <STEXT>Binary XML</STEXT>
       <INDEX> 001</INDEX>
      </RSFDO>
      <RSFDO>
       <PARAMETER>I_FLAG</PARAMETER>
       <KIND>P</KIND>
       <STEXT>Indicador general</STEXT>
       <INDEX> 002</INDEX>
      </RSFDO>
      <RSFDO>
       <PARAMETER>E_GROSS_AMOUNT</PARAMETER>
       <KIND>P</KIND>
       <STEXT>Importe bruto de factura en moneda del documento</STEXT>
       <INDEX> 003</INDEX>
      </RSFDO>
      <RSFDO>
       <PARAMETER>E_NETWR</PARAMETER>
       <KIND>P</KIND>
       <STEXT>Valor neto en moneda de documento</STEXT>
       <INDEX> 004</INDEX>
      </RSFDO>
      <RSFDO>
       <PARAMETER>E_TAX_CODE</PARAMETER>
       <KIND>P</KIND>
       <STEXT>Indicador de Iva V0, V5 , V6</STEXT>
       <INDEX> 005</INDEX>
      </RSFDO>
      <RSFDO>
       <PARAMETER>E_RETENTION</PARAMETER>
       <KIND>P</KIND>
       <STEXT>Importe retención en moneda del documento</STEXT>
       <INDEX> 006</INDEX>
      </RSFDO>
      <RSFDO>
       <PARAMETER>E_RET_IVA</PARAMETER>
       <KIND>P</KIND>
       <STEXT>Importe</STEXT>
       <INDEX> 007</INDEX>
      </RSFDO>
      <RSFDO>
       <PARAMETER>E_RET_ISR</PARAMETER>
       <KIND>P</KIND>
       <STEXT>Importe</STEXT>
       <INDEX> 008</INDEX>
      </RSFDO>
      <RSFDO>
       <PARAMETER>E_BLART</PARAMETER>
       <KIND>P</KIND>
       <STEXT>Clase de documento</STEXT>
       <INDEX> 009</INDEX>
      </RSFDO>
      <RSFDO>
       <PARAMETER>E_BUKRS</PARAMETER>
       <KIND>P</KIND>
       <STEXT>Sociedad</STEXT>
       <INDEX> 010</INDEX>
      </RSFDO>
      <RSFDO>
       <PARAMETER>E_WAERS</PARAMETER>
       <KIND>P</KIND>
       <STEXT>Clave de moneda</STEXT>
       <INDEX> 011</INDEX>
      </RSFDO>
      <RSFDO>
       <PARAMETER>E_DATE</PARAMETER>
       <KIND>P</KIND>
       <STEXT>Fecha de documento en documento</STEXT>
       <INDEX> 012</INDEX>
      </RSFDO>
      <RSFDO>
       <PARAMETER>E_XBLNR</PARAMETER>
       <KIND>P</KIND>
       <STEXT>Número de documento de referencia</STEXT>
       <INDEX> 013</INDEX>
      </RSFDO>
      <RSFDO>
       <PARAMETER>E_IEPS</PARAMETER>
       <KIND>P</KIND>
       <STEXT>Importe</STEXT>
       <INDEX> 014</INDEX>
      </RSFDO>
      <RSFDO>
       <PARAMETER>E_IVA</PARAMETER>
       <KIND>P</KIND>
       <STEXT>Importe del impuesto en moneda del documento</STEXT>
       <INDEX> 015</INDEX>
      </RSFDO>
      <RSFDO>
       <PARAMETER>E_RFC_RECEPTOR</PARAMETER>
       <KIND>P</KIND>
       <STEXT>Número de identificación fiscal 1</STEXT>
       <INDEX> 016</INDEX>
      </RSFDO>
      <RSFDO>
       <PARAMETER>E_RFC_EMISOR</PARAMETER>
       <KIND>P</KIND>
       <STEXT>Número de identificación fiscal 1</STEXT>
       <INDEX> 017</INDEX>
      </RSFDO>
      <RSFDO>
       <PARAMETER>E_SERIE</PARAMETER>
       <KIND>P</KIND>
       <STEXT>Número de documento de referencia</STEXT>
       <INDEX> 018</INDEX>
      </RSFDO>
      <RSFDO>
       <PARAMETER>E_MJAHR</PARAMETER>
       <KIND>P</KIND>
       <STEXT>Ejercicio del documento de material</STEXT>
       <INDEX> 019</INDEX>
      </RSFDO>
      <RSFDO>
       <PARAMETER>E_DATETIMBRE</PARAMETER>
       <KIND>P</KIND>
       <STEXT>Fecha de timbrado del documento en documento</STEXT>
       <INDEX> 020</INDEX>
      </RSFDO>
      <RSFDO>
       <PARAMETER>E_LIFNR</PARAMETER>
       <KIND>P</KIND>
       <STEXT>Número de cuenta del proveedor o acreedor</STEXT>
       <INDEX> 021</INDEX>
      </RSFDO>
      <RSFDO>
       <PARAMETER>E_VERSION</PARAMETER>
       <KIND>P</KIND>
       <STEXT>Version XML</STEXT>
       <INDEX> 022</INDEX>
      </RSFDO>
      <RSFDO>
       <PARAMETER>E_UUID</PARAMETER>
       <KIND>P</KIND>
       <STEXT>UUID</STEXT>
       <INDEX> 023</INDEX>
      </RSFDO>
      <RSFDO>
       <PARAMETER>E_NOMBRE_EMISOR</PARAMETER>
       <KIND>P</KIND>
       <STEXT>Nombre del Proveedor</STEXT>
       <INDEX> 024</INDEX>
      </RSFDO>
      <RSFDO>
       <PARAMETER>E_TIPO</PARAMETER>
       <KIND>P</KIND>
       <INDEX> 025</INDEX>
      </RSFDO>
      <RSFDO>
       <PARAMETER>E_USO</PARAMETER>
       <KIND>P</KIND>
       <STEXT>Clave del uso que dará a esta factura el receptor del CFDI</STEXT>
       <INDEX> 026</INDEX>
      </RSFDO>
      <RSFDO>
       <PARAMETER>INVALID_DATA_TYPE</PARAMETER>
       <KIND>X</KIND>
       <INDEX> 027</INDEX>
      </RSFDO>
      <RSFDO>
       <PARAMETER>OTHER</PARAMETER>
       <KIND>X</KIND>
       <INDEX> 028</INDEX>
      </RSFDO>
     </DOCUMENTATION>
    </item>
    <item>
     <FUNCNAME>ZSD_XML_PARSE_AND_READ_V32</FUNCNAME>
     <SHORT_TEXT>FM.Parse and Read XML For  CFD - CFDI</SHORT_TEXT>
     <IMPORT>
      <RSIMP>
       <PARAMETER>I_XML</PARAMETER>
       <OPTIONAL>X</OPTIONAL>
       <TYP>XSTRING</TYP>
      </RSIMP>
      <RSIMP>
       <PARAMETER>I_FLAG</PARAMETER>
       <OPTIONAL>X</OPTIONAL>
       <REFERENCE>X</REFERENCE>
       <TYP>FLAG</TYP>
      </RSIMP>
     </IMPORT>
     <EXPORT>
      <RSEXP>
       <PARAMETER>E_GROSS_AMOUNT</PARAMETER>
       <REFERENCE>X</REFERENCE>
       <TYP>TTET_AMOUNT_COM</TYP>
      </RSEXP>
      <RSEXP>
       <PARAMETER>E_NETWR</PARAMETER>
       <REFERENCE>X</REFERENCE>
       <TYP>TTET_AMOUNT_COM</TYP>
      </RSEXP>
      <RSEXP>
       <PARAMETER>E_TAX_CODE</PARAMETER>
       <REFERENCE>X</REFERENCE>
       <TYP>MWSKZ_MRM</TYP>
      </RSEXP>
      <RSEXP>
       <PARAMETER>E_RETENTION</PARAMETER>
       <REFERENCE>X</REFERENCE>
       <TYP>TTET_AMOUNT_COM</TYP>
      </RSEXP>
      <RSEXP>
       <PARAMETER>E_BLART</PARAMETER>
       <REFERENCE>X</REFERENCE>
       <TYP>BLART</TYP>
      </RSEXP>
      <RSEXP>
       <PARAMETER>E_BUKRS</PARAMETER>
       <REFERENCE>X</REFERENCE>
       <TYP>BUKRS</TYP>
      </RSEXP>
      <RSEXP>
       <PARAMETER>E_WAERS</PARAMETER>
       <REFERENCE>X</REFERENCE>
       <TYP>WAERS</TYP>
      </RSEXP>
      <RSEXP>
       <PARAMETER>E_DATE</PARAMETER>
       <REFERENCE>X</REFERENCE>
       <TYP>BLDAT</TYP>
      </RSEXP>
      <RSEXP>
       <PARAMETER>E_XBLNR</PARAMETER>
       <REFERENCE>X</REFERENCE>
       <TYP>ZIDMX_FOLIO_CFDI</TYP>
      </RSEXP>
      <RSEXP>
       <PARAMETER>E_WMWST</PARAMETER>
       <REFERENCE>X</REFERENCE>
       <TYP>TTET_AMOUNT_COM</TYP>
      </RSEXP>
      <RSEXP>
       <PARAMETER>E_RFC_EMISOR</PARAMETER>
       <REFERENCE>X</REFERENCE>
       <TYP>STCD1</TYP>
      </RSEXP>
      <RSEXP>
       <PARAMETER>E_SERIE</PARAMETER>
       <REFERENCE>X</REFERENCE>
       <TYP>POSSERNR</TYP>
      </RSEXP>
      <RSEXP>
       <PARAMETER>E_ISR</PARAMETER>
       <REFERENCE>X</REFERENCE>
       <TYP>TTET_AMOUNT_COM</TYP>
      </RSEXP>
      <RSEXP>
       <PARAMETER>E_MJAHR</PARAMETER>
       <REFERENCE>X</REFERENCE>
       <TYP>MJAHR</TYP>
      </RSEXP>
      <RSEXP>
       <PARAMETER>E_DATETIMBRE</PARAMETER>
       <REFERENCE>X</REFERENCE>
       <TYP>BLDAT</TYP>
      </RSEXP>
      <RSEXP>
       <PARAMETER>E_LIFNR</PARAMETER>
       <REFERENCE>X</REFERENCE>
       <TYP>LIFNR</TYP>
      </RSEXP>
      <RSEXP>
       <PARAMETER>E_VERSION</PARAMETER>
       <REFERENCE>X</REFERENCE>
       <TYP>IDMX_DI_XML_VERSION</TYP>
      </RSEXP>
      <RSEXP>
       <PARAMETER>E_UUID</PARAMETER>
       <REFERENCE>X</REFERENCE>
       <TYP>STRING</TYP>
      </RSEXP>
      <RSEXP>
       <PARAMETER>E_NOMBRE_EMISOR</PARAMETER>
       <REFERENCE>X</REFERENCE>
       <TYP>STRING</TYP>
      </RSEXP>
      <RSEXP>
       <PARAMETER>E_TIPO</PARAMETER>
       <REFERENCE>X</REFERENCE>
       <TYP>STRING</TYP>
      </RSEXP>
     </EXPORT>
     <EXCEPTION>
      <RSEXC>
       <EXCEPTION>INVALID_DATA_TYPE</EXCEPTION>
      </RSEXC>
      <RSEXC>
       <EXCEPTION>OTHER</EXCEPTION>
      </RSEXC>
     </EXCEPTION>
     <DOCUMENTATION>
      <RSFDO>
       <PARAMETER>I_XML</PARAMETER>
       <KIND>P</KIND>
       <STEXT>Binary XML</STEXT>
       <INDEX> 001</INDEX>
      </RSFDO>
      <RSFDO>
       <PARAMETER>I_FLAG</PARAMETER>
       <KIND>P</KIND>
       <STEXT>Indicador general</STEXT>
       <INDEX> 002</INDEX>
      </RSFDO>
      <RSFDO>
       <PARAMETER>E_GROSS_AMOUNT</PARAMETER>
       <KIND>P</KIND>
       <STEXT>Importe bruto de factura en moneda del documento</STEXT>
       <INDEX> 003</INDEX>
      </RSFDO>
      <RSFDO>
       <PARAMETER>E_NETWR</PARAMETER>
       <KIND>P</KIND>
       <STEXT>Valor neto en moneda de documento</STEXT>
       <INDEX> 004</INDEX>
      </RSFDO>
      <RSFDO>
       <PARAMETER>E_TAX_CODE</PARAMETER>
       <KIND>P</KIND>
       <STEXT>Indicador de Iva V0, V5 , V6</STEXT>
       <INDEX> 005</INDEX>
      </RSFDO>
      <RSFDO>
       <PARAMETER>E_RETENTION</PARAMETER>
       <KIND>P</KIND>
       <STEXT>Importe retención en moneda del documento</STEXT>
       <INDEX> 006</INDEX>
      </RSFDO>
      <RSFDO>
       <PARAMETER>E_BLART</PARAMETER>
       <KIND>P</KIND>
       <STEXT>Clase de documento</STEXT>
       <INDEX> 007</INDEX>
      </RSFDO>
      <RSFDO>
       <PARAMETER>E_BUKRS</PARAMETER>
       <KIND>P</KIND>
       <STEXT>Sociedad</STEXT>
       <INDEX> 008</INDEX>
      </RSFDO>
      <RSFDO>
       <PARAMETER>E_WAERS</PARAMETER>
       <KIND>P</KIND>
       <STEXT>Clave de moneda</STEXT>
       <INDEX> 009</INDEX>
      </RSFDO>
      <RSFDO>
       <PARAMETER>E_DATE</PARAMETER>
       <KIND>P</KIND>
       <STEXT>Fecha de documento en documento</STEXT>
       <INDEX> 010</INDEX>
      </RSFDO>
      <RSFDO>
       <PARAMETER>E_XBLNR</PARAMETER>
       <KIND>P</KIND>
       <STEXT>Número de documento de referencia</STEXT>
       <INDEX> 011</INDEX>
      </RSFDO>
      <RSFDO>
       <PARAMETER>E_WMWST</PARAMETER>
       <KIND>P</KIND>
       <STEXT>Importe</STEXT>
       <INDEX> 012</INDEX>
      </RSFDO>
      <RSFDO>
       <PARAMETER>E_RFC_EMISOR</PARAMETER>
       <KIND>P</KIND>
       <STEXT>Número de identificación fiscal 1</STEXT>
       <INDEX> 013</INDEX>
      </RSFDO>
      <RSFDO>
       <PARAMETER>E_SERIE</PARAMETER>
       <KIND>P</KIND>
       <STEXT>Número de documento de referencia</STEXT>
       <INDEX> 014</INDEX>
      </RSFDO>
      <RSFDO>
       <PARAMETER>E_ISR</PARAMETER>
       <KIND>P</KIND>
       <STEXT>Importe</STEXT>
       <INDEX> 015</INDEX>
      </RSFDO>
      <RSFDO>
       <PARAMETER>E_MJAHR</PARAMETER>
       <KIND>P</KIND>
       <STEXT>Ejercicio del documento de material</STEXT>
       <INDEX> 016</INDEX>
      </RSFDO>
      <RSFDO>
       <PARAMETER>E_DATETIMBRE</PARAMETER>
       <KIND>P</KIND>
       <STEXT>Fecha de timbrado del documento en documento</STEXT>
       <INDEX> 017</INDEX>
      </RSFDO>
      <RSFDO>
       <PARAMETER>E_LIFNR</PARAMETER>
       <KIND>P</KIND>
       <STEXT>Número de cuenta del proveedor o acreedor</STEXT>
       <INDEX> 018</INDEX>
      </RSFDO>
      <RSFDO>
       <PARAMETER>E_VERSION</PARAMETER>
       <KIND>P</KIND>
       <STEXT>Version XML</STEXT>
       <INDEX> 019</INDEX>
      </RSFDO>
      <RSFDO>
       <PARAMETER>E_UUID</PARAMETER>
       <KIND>P</KIND>
       <STEXT>UUID</STEXT>
       <INDEX> 020</INDEX>
      </RSFDO>
      <RSFDO>
       <PARAMETER>E_NOMBRE_EMISOR</PARAMETER>
       <KIND>P</KIND>
       <STEXT>Nombre del Proveedor</STEXT>
       <INDEX> 021</INDEX>
      </RSFDO>
      <RSFDO>
       <PARAMETER>E_TIPO</PARAMETER>
       <KIND>P</KIND>
       <INDEX> 022</INDEX>
      </RSFDO>
      <RSFDO>
       <PARAMETER>INVALID_DATA_TYPE</PARAMETER>
       <KIND>X</KIND>
       <INDEX> 023</INDEX>
      </RSFDO>
      <RSFDO>
       <PARAMETER>OTHER</PARAMETER>
       <KIND>X</KIND>
       <INDEX> 024</INDEX>
      </RSFDO>
     </DOCUMENTATION>
    </item>
    <item>
     <FUNCNAME>ZSD_XML_PARSE_AND_READ_V33</FUNCNAME>
     <SHORT_TEXT>FM.Parse and Read XML For  CFD - CFDI</SHORT_TEXT>
     <IMPORT>
      <RSIMP>
       <PARAMETER>I_XML</PARAMETER>
       <OPTIONAL>X</OPTIONAL>
       <TYP>XSTRING</TYP>
      </RSIMP>
      <RSIMP>
       <PARAMETER>I_FLAG</PARAMETER>
       <OPTIONAL>X</OPTIONAL>
       <REFERENCE>X</REFERENCE>
       <TYP>FLAG</TYP>
      </RSIMP>
     </IMPORT>
     <EXPORT>
      <RSEXP>
       <PARAMETER>E_GROSS_AMOUNT</PARAMETER>
       <REFERENCE>X</REFERENCE>
       <TYP>TTET_AMOUNT_COM</TYP>
      </RSEXP>
      <RSEXP>
       <PARAMETER>E_NETWR</PARAMETER>
       <REFERENCE>X</REFERENCE>
       <TYP>TTET_AMOUNT_COM</TYP>
      </RSEXP>
      <RSEXP>
       <PARAMETER>E_TAX_CODE</PARAMETER>
       <REFERENCE>X</REFERENCE>
       <TYP>MWSKZ_MRM</TYP>
      </RSEXP>
      <RSEXP>
       <PARAMETER>E_RET_IVA</PARAMETER>
       <REFERENCE>X</REFERENCE>
       <TYP>TTET_AMOUNT_COM</TYP>
      </RSEXP>
      <RSEXP>
       <PARAMETER>E_RET_ISR</PARAMETER>
       <REFERENCE>X</REFERENCE>
       <TYP>TTET_AMOUNT_COM</TYP>
      </RSEXP>
      <RSEXP>
       <PARAMETER>E_RET_TOTAL</PARAMETER>
       <REFERENCE>X</REFERENCE>
       <TYP>TTET_AMOUNT_COM</TYP>
      </RSEXP>
      <RSEXP>
       <PARAMETER>E_BLART</PARAMETER>
       <REFERENCE>X</REFERENCE>
       <TYP>BLART</TYP>
      </RSEXP>
      <RSEXP>
       <PARAMETER>E_BUKRS</PARAMETER>
       <REFERENCE>X</REFERENCE>
       <TYP>BUKRS</TYP>
      </RSEXP>
      <RSEXP>
       <PARAMETER>E_WAERS</PARAMETER>
       <REFERENCE>X</REFERENCE>
       <TYP>WAERS</TYP>
      </RSEXP>
      <RSEXP>
       <PARAMETER>E_DATE</PARAMETER>
       <REFERENCE>X</REFERENCE>
       <TYP>BLDAT</TYP>
      </RSEXP>
      <RSEXP>
       <PARAMETER>E_XBLNR</PARAMETER>
       <REFERENCE>X</REFERENCE>
       <TYP>ZIDMX_FOLIO_CFDI</TYP>
      </RSEXP>
      <RSEXP>
       <PARAMETER>E_IEPS</PARAMETER>
       <REFERENCE>X</REFERENCE>
       <TYP>TTET_AMOUNT_COM</TYP>
      </RSEXP>
      <RSEXP>
       <PARAMETER>E_IVA</PARAMETER>
       <REFERENCE>X</REFERENCE>
       <TYP>TTET_AMOUNT_COM</TYP>
      </RSEXP>
      <RSEXP>
       <PARAMETER>E_RFC_RECEPTOR</PARAMETER>
       <REFERENCE>X</REFERENCE>
       <TYP>STCD1</TYP>
      </RSEXP>
      <RSEXP>
       <PARAMETER>E_RFC_EMISOR</PARAMETER>
       <REFERENCE>X</REFERENCE>
       <TYP>STCD1</TYP>
      </RSEXP>
      <RSEXP>
       <PARAMETER>E_SERIE</PARAMETER>
       <REFERENCE>X</REFERENCE>
       <TYP>POSSERNR</TYP>
      </RSEXP>
      <RSEXP>
       <PARAMETER>E_MJAHR</PARAMETER>
       <REFERENCE>X</REFERENCE>
       <TYP>MJAHR</TYP>
      </RSEXP>
      <RSEXP>
       <PARAMETER>E_DATETIMBRE</PARAMETER>
       <REFERENCE>X</REFERENCE>
       <TYP>BLDAT</TYP>
      </RSEXP>
      <RSEXP>
       <PARAMETER>E_LIFNR</PARAMETER>
       <REFERENCE>X</REFERENCE>
       <TYP>LIFNR</TYP>
      </RSEXP>
      <RSEXP>
       <PARAMETER>E_VERSION</PARAMETER>
       <REFERENCE>X</REFERENCE>
       <TYP>IDMX_DI_XML_VERSION</TYP>
      </RSEXP>
      <RSEXP>
       <PARAMETER>E_UUID</PARAMETER>
       <REFERENCE>X</REFERENCE>
       <TYP>STRING</TYP>
      </RSEXP>
      <RSEXP>
       <PARAMETER>E_NOMBRE_EMISOR</PARAMETER>
       <REFERENCE>X</REFERENCE>
       <TYP>STRING</TYP>
      </RSEXP>
      <RSEXP>
       <PARAMETER>E_TIPO</PARAMETER>
       <REFERENCE>X</REFERENCE>
       <TYP>STRING</TYP>
      </RSEXP>
      <RSEXP>
       <PARAMETER>E_USO</PARAMETER>
       <REFERENCE>X</REFERENCE>
       <TYP>ZIDMX_USO_CFDI</TYP>
      </RSEXP>
     </EXPORT>
     <DOCUMENTATION>
      <RSFDO>
       <PARAMETER>I_XML</PARAMETER>
       <KIND>P</KIND>
       <STEXT>Binary XML</STEXT>
       <INDEX> 001</INDEX>
      </RSFDO>
      <RSFDO>
       <PARAMETER>I_FLAG</PARAMETER>
       <KIND>P</KIND>
       <STEXT>Indicador general</STEXT>
       <INDEX> 002</INDEX>
      </RSFDO>
      <RSFDO>
       <PARAMETER>E_GROSS_AMOUNT</PARAMETER>
       <KIND>P</KIND>
       <STEXT>Importe bruto de factura en moneda del documento</STEXT>
       <INDEX> 003</INDEX>
      </RSFDO>
      <RSFDO>
       <PARAMETER>E_NETWR</PARAMETER>
       <KIND>P</KIND>
       <STEXT>Valor neto en moneda de documento</STEXT>
       <INDEX> 004</INDEX>
      </RSFDO>
      <RSFDO>
       <PARAMETER>E_TAX_CODE</PARAMETER>
       <KIND>P</KIND>
       <STEXT>Indicador de Iva V0, V5 , V6</STEXT>
       <INDEX> 005</INDEX>
      </RSFDO>
      <RSFDO>
       <PARAMETER>E_RET_IVA</PARAMETER>
       <KIND>P</KIND>
       <STEXT>Importe retención en moneda del documento</STEXT>
       <INDEX> 006</INDEX>
      </RSFDO>
      <RSFDO>
       <PARAMETER>E_RET_ISR</PARAMETER>
       <KIND>P</KIND>
       <STEXT>Importe</STEXT>
       <INDEX> 007</INDEX>
      </RSFDO>
      <RSFDO>
       <PARAMETER>E_RET_TOTAL</PARAMETER>
       <KIND>P</KIND>
       <STEXT>Importe</STEXT>
       <INDEX> 008</INDEX>
      </RSFDO>
      <RSFDO>
       <PARAMETER>E_BLART</PARAMETER>
       <KIND>P</KIND>
       <STEXT>Clase de documento</STEXT>
       <INDEX> 009</INDEX>
      </RSFDO>
      <RSFDO>
       <PARAMETER>E_BUKRS</PARAMETER>
       <KIND>P</KIND>
       <STEXT>Sociedad</STEXT>
       <INDEX> 010</INDEX>
      </RSFDO>
      <RSFDO>
       <PARAMETER>E_WAERS</PARAMETER>
       <KIND>P</KIND>
       <STEXT>Clave de moneda</STEXT>
       <INDEX> 011</INDEX>
      </RSFDO>
      <RSFDO>
       <PARAMETER>E_DATE</PARAMETER>
       <KIND>P</KIND>
       <STEXT>Fecha de documento en documento</STEXT>
       <INDEX> 012</INDEX>
      </RSFDO>
      <RSFDO>
       <PARAMETER>E_XBLNR</PARAMETER>
       <KIND>P</KIND>
       <STEXT>Número de documento de referencia</STEXT>
       <INDEX> 013</INDEX>
      </RSFDO>
      <RSFDO>
       <PARAMETER>E_IEPS</PARAMETER>
       <KIND>P</KIND>
       <STEXT>Importe</STEXT>
       <INDEX> 014</INDEX>
      </RSFDO>
      <RSFDO>
       <PARAMETER>E_IVA</PARAMETER>
       <KIND>P</KIND>
       <STEXT>Importe</STEXT>
       <INDEX> 015</INDEX>
      </RSFDO>
      <RSFDO>
       <PARAMETER>E_RFC_RECEPTOR</PARAMETER>
       <KIND>P</KIND>
       <STEXT>Número de identificación fiscal 1</STEXT>
       <INDEX> 016</INDEX>
      </RSFDO>
      <RSFDO>
       <PARAMETER>E_RFC_EMISOR</PARAMETER>
       <KIND>P</KIND>
       <STEXT>Número de identificación fiscal 1</STEXT>
       <INDEX> 017</INDEX>
      </RSFDO>
      <RSFDO>
       <PARAMETER>E_SERIE</PARAMETER>
       <KIND>P</KIND>
       <STEXT>Número de documento de referencia</STEXT>
       <INDEX> 018</INDEX>
      </RSFDO>
      <RSFDO>
       <PARAMETER>E_MJAHR</PARAMETER>
       <KIND>P</KIND>
       <STEXT>Ejercicio del documento de material</STEXT>
       <INDEX> 019</INDEX>
      </RSFDO>
      <RSFDO>
       <PARAMETER>E_DATETIMBRE</PARAMETER>
       <KIND>P</KIND>
       <STEXT>Fecha de timbrado del documento en documento</STEXT>
       <INDEX> 020</INDEX>
      </RSFDO>
      <RSFDO>
       <PARAMETER>E_LIFNR</PARAMETER>
       <KIND>P</KIND>
       <STEXT>Número de cuenta del proveedor o acreedor</STEXT>
       <INDEX> 021</INDEX>
      </RSFDO>
      <RSFDO>
       <PARAMETER>E_VERSION</PARAMETER>
       <KIND>P</KIND>
       <STEXT>Version XML</STEXT>
       <INDEX> 022</INDEX>
      </RSFDO>
      <RSFDO>
       <PARAMETER>E_UUID</PARAMETER>
       <KIND>P</KIND>
       <STEXT>UUID</STEXT>
       <INDEX> 023</INDEX>
      </RSFDO>
      <RSFDO>
       <PARAMETER>E_NOMBRE_EMISOR</PARAMETER>
       <KIND>P</KIND>
       <STEXT>Nombre del Proveedor</STEXT>
       <INDEX> 024</INDEX>
      </RSFDO>
      <RSFDO>
       <PARAMETER>E_TIPO</PARAMETER>
       <KIND>P</KIND>
       <INDEX> 025</INDEX>
      </RSFDO>
      <RSFDO>
       <PARAMETER>E_USO</PARAMETER>
       <KIND>P</KIND>
       <STEXT>Clave del uso que dará a esta factura el receptor del CFDI</STEXT>
       <INDEX> 026</INDEX>
      </RSFDO>
     </DOCUMENTATION>
    </item>
   </FUNCTIONS>
   <DYNPROS>
    <item>
     <HEADER>
      <PROGRAM>SAPLZSD_FLETES</PROGRAM>
      <SCREEN>0100</SCREEN>
      <LANGUAGE>S</LANGUAGE>
      <DESCRIPT>Detalle Factura Flete</DESCRIPT>
      <TYPE>M</TYPE>
      <NEXTSCREEN>0100</NEXTSCREEN>
      <LINES>020</LINES>
      <COLUMNS>088</COLUMNS>
     </HEADER>
     <CONTAINERS>
      <RPY_DYCATT>
       <TYPE>SCREEN</TYPE>
       <NAME>SCREEN</NAME>
      </RPY_DYCATT>
      <RPY_DYCATT>
       <TYPE>CUST_CTRL</TYPE>
       <NAME>CONTAINER</NAME>
       <ELEMENT_OF>SCREEN</ELEMENT_OF>
       <LINE>001</LINE>
       <COLUMN>001</COLUMN>
       <LENGTH>088</LENGTH>
       <HEIGHT>020</HEIGHT>
       <C_LINE_MIN>001</C_LINE_MIN>
       <C_COLN_MIN>001</C_COLN_MIN>
      </RPY_DYCATT>
     </CONTAINERS>
     <FIELDS>
      <RPY_DYFATC>
       <CONT_TYPE>SCREEN</CONT_TYPE>
       <CONT_NAME>SCREEN</CONT_NAME>
       <TYPE>OKCODE</TYPE>
       <NAME>OK_CODE</NAME>
       <TEXT>____________________</TEXT>
       <LENGTH>020</LENGTH>
       <VISLENGTH>020</VISLENGTH>
       <HEIGHT>001</HEIGHT>
       <FORMAT>CHAR</FORMAT>
       <INPUT_FLD>X</INPUT_FLD>
      </RPY_DYFATC>
     </FIELDS>
     <FLOW_LOGIC>
      <RPY_DYFLOW>
       <LINE>PROCESS BEFORE OUTPUT.</LINE>
      </RPY_DYFLOW>
      <RPY_DYFLOW>
       <LINE>MODULE STATUS_0100.</LINE>
      </RPY_DYFLOW>
      <RPY_DYFLOW>
       <LINE>*</LINE>
      </RPY_DYFLOW>
      <RPY_DYFLOW>
       <LINE>PROCESS AFTER INPUT.</LINE>
      </RPY_DYFLOW>
      <RPY_DYFLOW>
       <LINE>MODULE USER_COMMAND_0100.</LINE>
      </RPY_DYFLOW>
     </FLOW_LOGIC>
     <SPACES>
      <item>0</item>
      <item>1</item>
      <item>0</item>
      <item>0</item>
      <item>1</item>
     </SPACES>
    </item>
    <item>
     <HEADER>
      <PROGRAM>SAPLZSD_FLETES</PROGRAM>
      <SCREEN>9000</SCREEN>
      <LANGUAGE>S</LANGUAGE>
      <DESCRIPT>Obtiene Fecha de Pago Deseada</DESCRIPT>
      <TYPE>M</TYPE>
      <NEXTSCREEN>9000</NEXTSCREEN>
      <LINES>027</LINES>
      <COLUMNS>120</COLUMNS>
     </HEADER>
     <CONTAINERS>
      <RPY_DYCATT>
       <TYPE>SCREEN</TYPE>
       <NAME>SCREEN</NAME>
      </RPY_DYCATT>
     </CONTAINERS>
     <FIELDS>
      <RPY_DYFATC>
       <CONT_TYPE>SCREEN</CONT_TYPE>
       <CONT_NAME>SCREEN</CONT_NAME>
       <TYPE>TEXT</TYPE>
       <NAME>TIT_FECHADOC</NAME>
       <TEXT>Fe._Contabilización</TEXT>
       <LINE>001</LINE>
       <COLUMN>002</COLUMN>
       <LENGTH>019</LENGTH>
       <VISLENGTH>019</VISLENGTH>
       <HEIGHT>001</HEIGHT>
       <FORMAT>CHAR</FORMAT>
       <REQU_ENTRY>N</REQU_ENTRY>
      </RPY_DYFATC>
      <RPY_DYFATC>
       <CONT_TYPE>SCREEN</CONT_TYPE>
       <CONT_NAME>SCREEN</CONT_NAME>
       <TYPE>TEMPLATE</TYPE>
       <NAME>GV_BLDAT</NAME>
       <TEXT>___________</TEXT>
       <LINE>001</LINE>
       <COLUMN>022</COLUMN>
       <LENGTH>011</LENGTH>
       <VISLENGTH>011</VISLENGTH>
       <HEIGHT>001</HEIGHT>
       <FORMAT>DATS</FORMAT>
       <INPUT_FLD>X</INPUT_FLD>
       <OUTPUT_FLD>X</OUTPUT_FLD>
       <MATCHCODE>SRM_F4_DATUM</MATCHCODE>
      </RPY_DYFATC>
      <RPY_DYFATC>
       <CONT_TYPE>SCREEN</CONT_TYPE>
       <CONT_NAME>SCREEN</CONT_NAME>
       <TYPE>TEXT</TYPE>
       <NAME>TIT_FECHA</NAME>
       <TEXT>Fe._de_Pago_Factura</TEXT>
       <LINE>003</LINE>
       <COLUMN>002</COLUMN>
       <LENGTH>019</LENGTH>
       <VISLENGTH>019</VISLENGTH>
       <HEIGHT>001</HEIGHT>
       <FORMAT>CHAR</FORMAT>
       <REQU_ENTRY>N</REQU_ENTRY>
       <LABELLEFT>X</LABELLEFT>
      </RPY_DYFATC>
      <RPY_DYFATC>
       <CONT_TYPE>SCREEN</CONT_TYPE>
       <CONT_NAME>SCREEN</CONT_NAME>
       <TYPE>TEMPLATE</TYPE>
       <NAME>GV_NETDT</NAME>
       <TEXT>___________</TEXT>
       <LINE>003</LINE>
       <COLUMN>022</COLUMN>
       <LENGTH>011</LENGTH>
       <VISLENGTH>011</VISLENGTH>
       <HEIGHT>001</HEIGHT>
       <FORMAT>DATS</FORMAT>
       <INPUT_FLD>X</INPUT_FLD>
       <OUTPUT_FLD>X</OUTPUT_FLD>
       <MATCHCODE>SRM_F4_DATUM</MATCHCODE>
      </RPY_DYFATC>
      <RPY_DYFATC>
       <CONT_TYPE>SCREEN</CONT_TYPE>
       <CONT_NAME>SCREEN</CONT_NAME>
       <TYPE>OKCODE</TYPE>
       <NAME>OK_CODE</NAME>
       <TEXT>____________________</TEXT>
       <LENGTH>020</LENGTH>
       <VISLENGTH>020</VISLENGTH>
       <HEIGHT>001</HEIGHT>
       <FORMAT>CHAR</FORMAT>
       <INPUT_FLD>X</INPUT_FLD>
      </RPY_DYFATC>
     </FIELDS>
     <FLOW_LOGIC>
      <RPY_DYFLOW/>
      <RPY_DYFLOW>
       <LINE>process before output.</LINE>
      </RPY_DYFLOW>
      <RPY_DYFLOW>
       <LINE>module fecha.</LINE>
      </RPY_DYFLOW>
      <RPY_DYFLOW>
       <LINE>module status_9000.</LINE>
      </RPY_DYFLOW>
      <RPY_DYFLOW>
       <LINE>*</LINE>
      </RPY_DYFLOW>
      <RPY_DYFLOW>
       <LINE>process after input.</LINE>
      </RPY_DYFLOW>
      <RPY_DYFLOW>
       <LINE>module 9000_exit at exit-command.</LINE>
      </RPY_DYFLOW>
      <RPY_DYFLOW>
       <LINE>module user_command_9000.</LINE>
      </RPY_DYFLOW>
     </FLOW_LOGIC>
     <SPACES>
      <item>0</item>
      <item>0</item>
      <item>2</item>
      <item>2</item>
      <item>0</item>
      <item>0</item>
      <item>2</item>
      <item>2</item>
     </SPACES>
    </item>
   </DYNPROS>
   <CUA>
    <ADM>
     <ACTCODE>000001</ACTCODE>
     <MENCODE>000005</MENCODE>
     <PFKCODE>000002</PFKCODE>
    </ADM>
    <STA>
     <RSMPE_STAT>
      <CODE>100</CODE>
      <MODAL>D</MODAL>
      <ACTCODE>000001</ACTCODE>
      <PFKCODE>000001</PFKCODE>
      <BUTCODE>0001</BUTCODE>
      <INT_NOTE>PF_STATUS</INT_NOTE>
     </RSMPE_STAT>
     <RSMPE_STAT>
      <CODE>9000</CODE>
      <MODAL>P</MODAL>
      <PFKCODE>000002</PFKCODE>
      <BUTCODE>0001</BUTCODE>
      <INT_NOTE>Fecha Pago</INT_NOTE>
     </RSMPE_STAT>
    </STA>
    <FUN>
     <RSMPE_FUNT>
      <CODE>CANCEL</CODE>
      <TEXTNO>001</TEXTNO>
      <TEXT_TYPE>S</TEXT_TYPE>
      <TEXT_NAME>ICON_CANCEL</TEXT_NAME>
      <ICON_ID>@0W@</ICON_ID>
      <FUN_TEXT>Close</FUN_TEXT>
      <INFO_TEXT>Cerrar</INFO_TEXT>
     </RSMPE_FUNT>
     <RSMPE_FUNT>
      <CODE>CANCEL</CODE>
      <TEXTNO>002</TEXTNO>
      <TEXT_TYPE>S</TEXT_TYPE>
      <TEXT_NAME>ICON_CANCEL</TEXT_NAME>
      <ICON_ID>@0W@</ICON_ID>
      <FUN_TEXT>Cancelar</FUN_TEXT>
     </RSMPE_FUNT>
     <RSMPE_FUNT>
      <CODE>ENTER</CODE>
      <TEXTNO>001</TEXTNO>
      <TEXT_TYPE>S</TEXT_TYPE>
      <TEXT_NAME>ICON_OKAY</TEXT_NAME>
      <ICON_ID>@0V@</ICON_ID>
      <FUN_TEXT>ENTER</FUN_TEXT>
     </RSMPE_FUNT>
    </FUN>
    <MEN>
     <RSMPE_MEN>
      <CODE>000001</CODE>
      <NO>01</NO>
      <REF_TYPE>F</REF_TYPE>
      <REF_CODE>&lt;01&gt;</REF_CODE>
     </RSMPE_MEN>
     <RSMPE_MEN>
      <CODE>000001</CODE>
      <NO>02</NO>
      <REF_TYPE>F</REF_TYPE>
      <REF_CODE>&lt;02&gt;</REF_CODE>
     </RSMPE_MEN>
     <RSMPE_MEN>
      <CODE>000001</CODE>
      <NO>03</NO>
      <REF_TYPE>F</REF_TYPE>
      <REF_CODE>&lt;03&gt;</REF_CODE>
     </RSMPE_MEN>
     <RSMPE_MEN>
      <CODE>000001</CODE>
      <NO>04</NO>
      <REF_TYPE>F</REF_TYPE>
      <REF_CODE>&lt;04&gt;</REF_CODE>
     </RSMPE_MEN>
     <RSMPE_MEN>
      <CODE>000001</CODE>
      <NO>05</NO>
      <REF_TYPE>F</REF_TYPE>
      <REF_CODE>&lt;05&gt;</REF_CODE>
     </RSMPE_MEN>
     <RSMPE_MEN>
      <CODE>000001</CODE>
      <NO>06</NO>
      <REF_TYPE>S</REF_TYPE>
      <REF_CODE>&lt;S1&gt;</REF_CODE>
     </RSMPE_MEN>
     <RSMPE_MEN>
      <CODE>000001</CODE>
      <NO>07</NO>
      <REF_TYPE>F</REF_TYPE>
      <REF_CODE>&lt;06&gt;</REF_CODE>
     </RSMPE_MEN>
     <RSMPE_MEN>
      <CODE>000001</CODE>
      <NO>08</NO>
      <REF_TYPE>S</REF_TYPE>
      <REF_CODE>&lt;S1&gt;</REF_CODE>
     </RSMPE_MEN>
     <RSMPE_MEN>
      <CODE>000001</CODE>
      <NO>09</NO>
      <REF_TYPE>F</REF_TYPE>
      <REF_CODE>&lt;09&gt;</REF_CODE>
     </RSMPE_MEN>
     <RSMPE_MEN>
      <CODE>000001</CODE>
      <NO>10</NO>
      <REF_TYPE>S</REF_TYPE>
      <REF_CODE>&lt;S1&gt;</REF_CODE>
     </RSMPE_MEN>
     <RSMPE_MEN>
      <CODE>000001</CODE>
      <NO>11</NO>
      <REF_TYPE>F</REF_TYPE>
      <REF_CODE>&lt;10&gt;</REF_CODE>
     </RSMPE_MEN>
     <RSMPE_MEN>
      <CODE>000001</CODE>
      <NO>12</NO>
      <REF_TYPE>F</REF_TYPE>
      <REF_CODE>&lt;11&gt;</REF_CODE>
     </RSMPE_MEN>
     <RSMPE_MEN>
      <CODE>000002</CODE>
      <NO>01</NO>
      <REF_TYPE>F</REF_TYPE>
      <REF_CODE>&lt;12&gt;</REF_CODE>
     </RSMPE_MEN>
     <RSMPE_MEN>
      <CODE>000002</CODE>
      <NO>02</NO>
      <REF_TYPE>F</REF_TYPE>
      <REF_CODE>&lt;13&gt;</REF_CODE>
     </RSMPE_MEN>
     <RSMPE_MEN>
      <CODE>000002</CODE>
      <NO>03</NO>
      <REF_TYPE>F</REF_TYPE>
      <REF_CODE>&lt;24&gt;</REF_CODE>
     </RSMPE_MEN>
     <RSMPE_MEN>
      <CODE>000002</CODE>
      <NO>04</NO>
      <REF_TYPE>F</REF_TYPE>
      <REF_CODE>&lt;14&gt;</REF_CODE>
     </RSMPE_MEN>
     <RSMPE_MEN>
      <CODE>000002</CODE>
      <NO>05</NO>
      <REF_TYPE>S</REF_TYPE>
      <REF_CODE>&lt;S1&gt;</REF_CODE>
     </RSMPE_MEN>
     <RSMPE_MEN>
      <CODE>000002</CODE>
      <NO>06</NO>
      <REF_TYPE>F</REF_TYPE>
      <REF_CODE>&lt;16&gt;</REF_CODE>
     </RSMPE_MEN>
     <RSMPE_MEN>
      <CODE>000002</CODE>
      <NO>07</NO>
      <REF_TYPE>F</REF_TYPE>
      <REF_CODE>&lt;17&gt;</REF_CODE>
     </RSMPE_MEN>
     <RSMPE_MEN>
      <CODE>000002</CODE>
      <NO>08</NO>
      <REF_TYPE>F</REF_TYPE>
      <REF_CODE>&lt;18&gt;</REF_CODE>
     </RSMPE_MEN>
     <RSMPE_MEN>
      <CODE>000002</CODE>
      <NO>09</NO>
      <REF_TYPE>S</REF_TYPE>
      <REF_CODE>&lt;S1&gt;</REF_CODE>
     </RSMPE_MEN>
     <RSMPE_MEN>
      <CODE>000002</CODE>
      <NO>10</NO>
      <REF_TYPE>F</REF_TYPE>
      <REF_CODE>&lt;26&gt;</REF_CODE>
     </RSMPE_MEN>
     <RSMPE_MEN>
      <CODE>000002</CODE>
      <NO>11</NO>
      <REF_TYPE>F</REF_TYPE>
      <REF_CODE>&lt;27&gt;</REF_CODE>
     </RSMPE_MEN>
     <RSMPE_MEN>
      <CODE>000002</CODE>
      <NO>12</NO>
      <REF_TYPE>F</REF_TYPE>
      <REF_CODE>&lt;20&gt;</REF_CODE>
     </RSMPE_MEN>
     <RSMPE_MEN>
      <CODE>000002</CODE>
      <NO>13</NO>
      <REF_TYPE>S</REF_TYPE>
      <REF_CODE>&lt;S1&gt;</REF_CODE>
     </RSMPE_MEN>
     <RSMPE_MEN>
      <CODE>000002</CODE>
      <NO>14</NO>
      <REF_TYPE>F</REF_TYPE>
      <REF_CODE>&lt;22&gt;</REF_CODE>
     </RSMPE_MEN>
     <RSMPE_MEN>
      <CODE>000003</CODE>
      <NO>01</NO>
      <REF_TYPE>S</REF_TYPE>
      <REF_CODE>&lt;S1&gt;</REF_CODE>
     </RSMPE_MEN>
     <RSMPE_MEN>
      <CODE>000003</CODE>
      <NO>02</NO>
      <REF_TYPE>F</REF_TYPE>
      <REF_CODE>&lt;23&gt;</REF_CODE>
     </RSMPE_MEN>
    </MEN>
    <MTX>
     <RSMPE_MNLT>
      <CODE>000001</CODE>
      <TEXT_TYPE>S</TEXT_TYPE>
      <TEXT>&lt;Objeto&gt;</TEXT>
      <PATH>O</PATH>
      <INT_NOTE>Suplemento estándar</INT_NOTE>
     </RSMPE_MNLT>
     <RSMPE_MNLT>
      <CODE>000002</CODE>
      <TEXT_TYPE>S</TEXT_TYPE>
      <TEXT>Tratar</TEXT>
      <PATH>T</PATH>
      <INT_NOTE>Suplemento estándar</INT_NOTE>
     </RSMPE_MNLT>
     <RSMPE_MNLT>
      <CODE>000003</CODE>
      <TEXT_TYPE>S</TEXT_TYPE>
      <TEXT>Pasar a</TEXT>
      <PATH>P</PATH>
      <INT_NOTE>Suplemento estándar</INT_NOTE>
     </RSMPE_MNLT>
     <RSMPE_MNLT>
      <CODE>000004</CODE>
      <TEXT_TYPE>S</TEXT_TYPE>
      <TEXT>Detalles</TEXT>
      <PATH>D</PATH>
      <INT_NOTE>Suplemento estándar</INT_NOTE>
     </RSMPE_MNLT>
     <RSMPE_MNLT>
      <CODE>000005</CODE>
      <TEXT_TYPE>S</TEXT_TYPE>
      <TEXT>Entorno</TEXT>
      <PATH>E</PATH>
      <INT_NOTE>Suplemento estándar</INT_NOTE>
     </RSMPE_MNLT>
    </MTX>
    <ACT>
     <RSMPE_ACT>
      <CODE>000001</CODE>
      <NO>01</NO>
      <MENUCODE>000001</MENUCODE>
     </RSMPE_ACT>
     <RSMPE_ACT>
      <CODE>000001</CODE>
      <NO>02</NO>
      <MENUCODE>000002</MENUCODE>
     </RSMPE_ACT>
     <RSMPE_ACT>
      <CODE>000001</CODE>
      <NO>03</NO>
      <MENUCODE>000003</MENUCODE>
     </RSMPE_ACT>
     <RSMPE_ACT>
      <CODE>000001</CODE>
      <NO>04</NO>
      <MENUCODE>000004</MENUCODE>
     </RSMPE_ACT>
     <RSMPE_ACT>
      <CODE>000001</CODE>
      <NO>05</NO>
      <MENUCODE>000005</MENUCODE>
     </RSMPE_ACT>
    </ACT>
    <BUT>
     <RSMPE_BUT>
      <PFK_CODE>000001</PFK_CODE>
      <CODE>0001</CODE>
      <NO>01</NO>
      <PFNO>20</PFNO>
     </RSMPE_BUT>
     <RSMPE_BUT>
      <PFK_CODE>000001</PFK_CODE>
      <CODE>0001</CODE>
      <NO>02</NO>
      <PFNO>21</PFNO>
     </RSMPE_BUT>
     <RSMPE_BUT>
      <PFK_CODE>000002</PFK_CODE>
      <CODE>0001</CODE>
      <NO>01</NO>
      <PFNO>14</PFNO>
     </RSMPE_BUT>
     <RSMPE_BUT>
      <PFK_CODE>000002</PFK_CODE>
      <CODE>0001</CODE>
      <NO>02</NO>
      <PFNO>17</PFNO>
     </RSMPE_BUT>
    </BUT>
    <PFK>
     <RSMPE_PFK>
      <CODE>000001</CODE>
      <PFNO>12</PFNO>
      <FUNCODE>CANCEL</FUNCODE>
      <FUNNO>002</FUNNO>
     </RSMPE_PFK>
     <RSMPE_PFK>
      <CODE>000001</CODE>
      <PFNO>20</PFNO>
      <FUNCODE>ENTER</FUNCODE>
      <FUNNO>001</FUNNO>
     </RSMPE_PFK>
     <RSMPE_PFK>
      <CODE>000001</CODE>
      <PFNO>21</PFNO>
      <FUNCODE>CANCEL</FUNCODE>
      <FUNNO>001</FUNNO>
     </RSMPE_PFK>
     <RSMPE_PFK>
      <CODE>000002</CODE>
      <PFNO>00</PFNO>
      <FUNCODE>ENTER</FUNCODE>
      <FUNNO>001</FUNNO>
     </RSMPE_PFK>
     <RSMPE_PFK>
      <CODE>000002</CODE>
      <PFNO>14</PFNO>
      <FUNCODE>ENTER</FUNCODE>
      <FUNNO>001</FUNNO>
     </RSMPE_PFK>
     <RSMPE_PFK>
      <CODE>000002</CODE>
      <PFNO>17</PFNO>
      <FUNCODE>CANCEL</FUNCODE>
      <FUNNO>001</FUNNO>
     </RSMPE_PFK>
    </PFK>
    <SET>
     <RSMPE_STAF>
      <STATUS>100</STATUS>
      <FUNCTION>CANCEL</FUNCTION>
     </RSMPE_STAF>
     <RSMPE_STAF>
      <STATUS>100</STATUS>
      <FUNCTION>ENTER</FUNCTION>
     </RSMPE_STAF>
     <RSMPE_STAF>
      <STATUS>9000</STATUS>
      <FUNCTION>CANCEL</FUNCTION>
     </RSMPE_STAF>
     <RSMPE_STAF>
      <STATUS>9000</STATUS>
      <FUNCTION>ENTER</FUNCTION>
     </RSMPE_STAF>
    </SET>
    <DOC>
     <RSMPE_ATRT>
      <OBJ_TYPE>A</OBJ_TYPE>
      <OBJ_CODE>000001</OBJ_CODE>
      <MODAL>D</MODAL>
      <NORM>X</NORM>
      <INT_NOTE>PF_STATUS</INT_NOTE>
     </RSMPE_ATRT>
     <RSMPE_ATRT>
      <OBJ_TYPE>P</OBJ_TYPE>
      <OBJ_CODE>000001</OBJ_CODE>
      <MODAL>D</MODAL>
      <INT_NOTE>PF_STATUS</INT_NOTE>
     </RSMPE_ATRT>
     <RSMPE_ATRT>
      <OBJ_TYPE>B</OBJ_TYPE>
      <OBJ_CODE>000001</OBJ_CODE>
      <SUB_CODE>0001</SUB_CODE>
      <MODAL>D</MODAL>
      <INT_NOTE>PF_STATUS</INT_NOTE>
     </RSMPE_ATRT>
     <RSMPE_ATRT>
      <OBJ_TYPE>P</OBJ_TYPE>
      <OBJ_CODE>000002</OBJ_CODE>
      <MODAL>P</MODAL>
      <INT_NOTE>Fecha Pago</INT_NOTE>
     </RSMPE_ATRT>
     <RSMPE_ATRT>
      <OBJ_TYPE>B</OBJ_TYPE>
      <OBJ_CODE>000002</OBJ_CODE>
      <SUB_CODE>0001</SUB_CODE>
      <MODAL>P</MODAL>
      <INT_NOTE>Fecha Pago</INT_NOTE>
     </RSMPE_ATRT>
    </DOC>
   </CUA>
  </asx:values>
 </asx:abap>
</abapGit>
