﻿<?xml version="1.0" encoding="utf-8"?>
<abapGit version="v1.0.0" serializer="LCL_OBJECT_FUGR" serializer_version="v1.0.0">
 <asx:abap xmlns:asx="http://www.sap.com/abapxml" version="1.0">
  <asx:values>
   <AREAT>Entregas sin Remision por Gondola</AREAT>
   <INCLUDES>
    <SOBJ_NAME>LZSD_VENTAS_RTOP</SOBJ_NAME>
    <SOBJ_NAME>SAPLZSD_VENTAS_R</SOBJ_NAME>
   </INCLUDES>
   <FUNCTIONS>
    <item>
     <FUNCNAME>ZSD_ENTREGAS_SIN_REMISION_GON</FUNCNAME>
     <REMOTE_CALL>R</REMOTE_CALL>
     <SHORT_TEXT>Entregas sin Remision Gondola de Exportacion</SHORT_TEXT>
     <IMPORT>
      <RSIMP>
       <PARAMETER>WERKS</PARAMETER>
       <OPTIONAL>X</OPTIONAL>
       <TYP>LIPS-WERKS</TYP>
      </RSIMP>
      <RSIMP>
       <PARAMETER>KUNNR</PARAMETER>
       <OPTIONAL>X</OPTIONAL>
       <TYP>LIKP-KUNNR</TYP>
      </RSIMP>
      <RSIMP>
       <PARAMETER>FH_INI</PARAMETER>
       <OPTIONAL>X</OPTIONAL>
       <TYP>DATUM</TYP>
      </RSIMP>
      <RSIMP>
       <PARAMETER>FH_FIN</PARAMETER>
       <OPTIONAL>X</OPTIONAL>
       <TYP>DATUM</TYP>
      </RSIMP>
     </IMPORT>
     <TABLES>
      <RSTBL>
       <PARAMETER>T_ENTREGAS</PARAMETER>
       <DBSTRUCT>ZSD_ENT_SIN_REM</DBSTRUCT>
      </RSTBL>
     </TABLES>
     <DOCUMENTATION>
      <RSFDO>
       <PARAMETER>WERKS</PARAMETER>
       <KIND>P</KIND>
       <STEXT>Centro</STEXT>
       <INDEX> 001</INDEX>
      </RSFDO>
      <RSFDO>
       <PARAMETER>KUNNR</PARAMETER>
       <KIND>P</KIND>
       <STEXT>Destinatario de mercancías</STEXT>
       <INDEX> 002</INDEX>
      </RSFDO>
      <RSFDO>
       <PARAMETER>FH_INI</PARAMETER>
       <KIND>P</KIND>
       <STEXT>Fecha con formato CHAR</STEXT>
       <INDEX> 003</INDEX>
      </RSFDO>
      <RSFDO>
       <PARAMETER>FH_FIN</PARAMETER>
       <KIND>P</KIND>
       <STEXT>Fecha</STEXT>
       <INDEX> 004</INDEX>
      </RSFDO>
      <RSFDO>
       <PARAMETER>T_ENTREGAS</PARAMETER>
       <KIND>P</KIND>
       <STEXT>Entregas Sin Remision de Gondolas</STEXT>
       <INDEX> 005</INDEX>
      </RSFDO>
     </DOCUMENTATION>
    </item>
   </FUNCTIONS>
  </asx:values>
 </asx:abap>
</abapGit>
