﻿<?xml version="1.0" encoding="utf-8"?>
<abapGit version="v1.0.0" serializer="LCL_OBJECT_FUGR" serializer_version="v1.0.0">
 <asx:abap xmlns:asx="http://www.sap.com/abapxml" version="1.0">
  <asx:values>
   <AREAT>Grupo de Funciones TYASA Ventas</AREAT>
   <INCLUDES>
    <SOBJ_NAME>LZSD_VENTAS_KTOP</SOBJ_NAME>
    <SOBJ_NAME>SAPLZSD_VENTAS_K</SOBJ_NAME>
   </INCLUDES>
   <FUNCTIONS>
    <item>
     <FUNCNAME>ZSD_ENTREGA_STATUS</FUNCNAME>
     <REMOTE_CALL>R</REMOTE_CALL>
     <SHORT_TEXT>Valida Status concluido de las Entregas</SHORT_TEXT>
     <IMPORT>
      <RSIMP>
       <PARAMETER>ENTREGA</PARAMETER>
       <TYP>VBELN_VL</TYP>
      </RSIMP>
     </IMPORT>
     <EXPORT>
      <RSEXP>
       <PARAMETER>STATUS</PARAMETER>
       <TYP>EPSTATU</TYP>
      </RSEXP>
     </EXPORT>
     <DOCUMENTATION>
      <RSFDO>
       <PARAMETER>ENTREGA</PARAMETER>
       <KIND>P</KIND>
       <STEXT>Entrega</STEXT>
       <INDEX> 001</INDEX>
      </RSFDO>
      <RSFDO>
       <PARAMETER>STATUS</PARAMETER>
       <KIND>P</KIND>
       <STEXT>Status de la posición del documento de compras</STEXT>
       <INDEX> 002</INDEX>
      </RSFDO>
     </DOCUMENTATION>
    </item>
    <item>
     <FUNCNAME>ZSD_HA_MATERIAL_GETLIST</FUNCNAME>
     <REMOTE_CALL>R</REMOTE_CALL>
     <SHORT_TEXT>Listado Materiales por Org. Venta</SHORT_TEXT>
     <IMPORT>
      <RSIMP>
       <PARAMETER>VKORG</PARAMETER>
       <TYP>VKORG</TYP>
      </RSIMP>
      <RSIMP>
       <PARAMETER>SECTOR</PARAMETER>
       <OPTIONAL>X</OPTIONAL>
       <TYP>SPART</TYP>
      </RSIMP>
      <RSIMP>
       <PARAMETER>MATNR</PARAMETER>
       <OPTIONAL>X</OPTIONAL>
       <TYP>MATNR</TYP>
      </RSIMP>
     </IMPORT>
     <TABLES>
      <RSTBL>
       <PARAMETER>T_MATERIAL</PARAMETER>
       <DBSTRUCT>ZSD_BAPIMATERIAL</DBSTRUCT>
      </RSTBL>
     </TABLES>
     <DOCUMENTATION>
      <RSFDO>
       <PARAMETER>VKORG</PARAMETER>
       <KIND>P</KIND>
       <STEXT>Organización de ventas</STEXT>
       <INDEX> 001</INDEX>
      </RSFDO>
      <RSFDO>
       <PARAMETER>SECTOR</PARAMETER>
       <KIND>P</KIND>
       <STEXT>Sector</STEXT>
       <INDEX> 002</INDEX>
      </RSFDO>
      <RSFDO>
       <PARAMETER>MATNR</PARAMETER>
       <KIND>P</KIND>
       <STEXT>Número de material</STEXT>
       <INDEX> 003</INDEX>
      </RSFDO>
      <RSFDO>
       <PARAMETER>T_MATERIAL</PARAMETER>
       <KIND>P</KIND>
       <STEXT>Listado Materiales por Org. de Ventas</STEXT>
       <INDEX> 004</INDEX>
      </RSFDO>
     </DOCUMENTATION>
    </item>
    <item>
     <FUNCNAME>ZSD_MATERIAL_GETLIST</FUNCNAME>
     <REMOTE_CALL>R</REMOTE_CALL>
     <SHORT_TEXT>Listado Materiales por Org. Venta</SHORT_TEXT>
     <IMPORT>
      <RSIMP>
       <PARAMETER>VKORG</PARAMETER>
       <TYP>VKORG</TYP>
      </RSIMP>
      <RSIMP>
       <PARAMETER>SECTOR</PARAMETER>
       <OPTIONAL>X</OPTIONAL>
       <TYP>SPART</TYP>
      </RSIMP>
      <RSIMP>
       <PARAMETER>MATNR</PARAMETER>
       <OPTIONAL>X</OPTIONAL>
       <TYP>MATNR</TYP>
      </RSIMP>
     </IMPORT>
     <TABLES>
      <RSTBL>
       <PARAMETER>T_MATERIAL</PARAMETER>
       <DBSTRUCT>ZSD_BAPIMATERIAL</DBSTRUCT>
      </RSTBL>
     </TABLES>
     <DOCUMENTATION>
      <RSFDO>
       <PARAMETER>VKORG</PARAMETER>
       <KIND>P</KIND>
       <STEXT>Organización de ventas</STEXT>
       <INDEX> 001</INDEX>
      </RSFDO>
      <RSFDO>
       <PARAMETER>SECTOR</PARAMETER>
       <KIND>P</KIND>
       <STEXT>Sector</STEXT>
       <INDEX> 002</INDEX>
      </RSFDO>
      <RSFDO>
       <PARAMETER>MATNR</PARAMETER>
       <KIND>P</KIND>
       <STEXT>Número de material</STEXT>
       <INDEX> 003</INDEX>
      </RSFDO>
      <RSFDO>
       <PARAMETER>T_MATERIAL</PARAMETER>
       <KIND>P</KIND>
       <STEXT>Listado Materiales por Org. de Ventas</STEXT>
       <INDEX> 004</INDEX>
      </RSFDO>
     </DOCUMENTATION>
    </item>
    <item>
     <FUNCNAME>ZSD_MAT_SIN_FDC</FUNCNAME>
     <REMOTE_CALL>R</REMOTE_CALL>
     <SHORT_TEXT>Materiales que no toman diferencia en peso de bascula</SHORT_TEXT>
     <IMPORT>
      <RSIMP>
       <PARAMETER>MATERIAL</PARAMETER>
       <TYP>MATNR</TYP>
      </RSIMP>
      <RSIMP>
       <PARAMETER>CENTRO</PARAMETER>
       <TYP>WERKS_D</TYP>
      </RSIMP>
     </IMPORT>
     <EXPORT>
      <RSEXP>
       <PARAMETER>DIF_PESO</PARAMETER>
       <TYP>ABAPTYPE</TYP>
      </RSEXP>
     </EXPORT>
     <DOCUMENTATION>
      <RSFDO>
       <PARAMETER>MATERIAL</PARAMETER>
       <KIND>P</KIND>
       <STEXT>Número de material</STEXT>
       <INDEX> 001</INDEX>
      </RSFDO>
      <RSFDO>
       <PARAMETER>CENTRO</PARAMETER>
       <KIND>P</KIND>
       <STEXT>Tabla de centro para National Contracts</STEXT>
       <INDEX> 002</INDEX>
      </RSFDO>
      <RSFDO>
       <PARAMETER>DIF_PESO</PARAMETER>
       <KIND>P</KIND>
       <STEXT>Tipo de datos ABAP</STEXT>
       <INDEX> 003</INDEX>
      </RSFDO>
     </DOCUMENTATION>
    </item>
    <item>
     <FUNCNAME>ZSD_ORDENP_CAHA</FUNCNAME>
     <REMOTE_CALL>R</REMOTE_CALL>
     <SHORT_TEXT>Bapi devuelve Orden Produccion Tyasa  de CAHA</SHORT_TEXT>
     <IMPORT>
      <RSIMP>
       <PARAMETER>ENTREGA</PARAMETER>
       <TYP>VBELN_VL</TYP>
      </RSIMP>
     </IMPORT>
     <TABLES>
      <RSTBL>
       <PARAMETER>T_ORDEN</PARAMETER>
       <DBSTRUCT>ZSD_BAPIORDEN</DBSTRUCT>
      </RSTBL>
     </TABLES>
     <DOCUMENTATION>
      <RSFDO>
       <PARAMETER>ENTREGA</PARAMETER>
       <KIND>P</KIND>
       <STEXT>Entrega</STEXT>
       <INDEX> 001</INDEX>
      </RSFDO>
      <RSFDO>
       <PARAMETER>T_ORDEN</PARAMETER>
       <KIND>P</KIND>
       <STEXT>Almacena Ordenes de Produccion de CAHA</STEXT>
       <INDEX> 002</INDEX>
      </RSFDO>
     </DOCUMENTATION>
    </item>
   </FUNCTIONS>
  </asx:values>
 </asx:abap>
</abapGit>
