﻿<?xml version="1.0" encoding="utf-8"?>
<abapGit version="v1.0.0" serializer="LCL_OBJECT_FUGR" serializer_version="v1.0.0">
 <asx:abap xmlns:asx="http://www.sap.com/abapxml" version="1.0">
  <asx:values>
   <AREAT>Grupo Funcion Kardex</AREAT>
   <INCLUDES>
    <SOBJ_NAME>LZSD_KARDEXTOP</SOBJ_NAME>
    <SOBJ_NAME>SAPLZSD_KARDEX</SOBJ_NAME>
   </INCLUDES>
   <FUNCTIONS>
    <item>
     <FUNCNAME>ZSD_KARDEX</FUNCNAME>
     <SHORT_TEXT>BAPI Kardex de materiales</SHORT_TEXT>
     <TABLES>
      <RSTBL>
       <PARAMETER>T_KARDEX</PARAMETER>
       <DBSTRUCT>ZBAPI_KARDEX</DBSTRUCT>
      </RSTBL>
      <RSTBL>
       <PARAMETER>T_CENTRO</PARAMETER>
       <DBSTRUCT>ZBAPIRESULT</DBSTRUCT>
      </RSTBL>
      <RSTBL>
       <PARAMETER>T_ALMACEN</PARAMETER>
       <DBSTRUCT>ZBAPIRESULT</DBSTRUCT>
      </RSTBL>
      <RSTBL>
       <PARAMETER>T_GRUPO</PARAMETER>
       <DBSTRUCT>ZBAPIRESULT</DBSTRUCT>
      </RSTBL>
      <RSTBL>
       <PARAMETER>T_MATERIAL</PARAMETER>
       <DBSTRUCT>ZBAPIRESULT</DBSTRUCT>
      </RSTBL>
     </TABLES>
     <DOCUMENTATION>
      <RSFDO>
       <PARAMETER>T_KARDEX</PARAMETER>
       <KIND>P</KIND>
       <STEXT>Tabla BAPI Kardex</STEXT>
       <INDEX> 001</INDEX>
      </RSFDO>
      <RSFDO>
       <PARAMETER>T_CENTRO</PARAMETER>
       <KIND>P</KIND>
       <STEXT>Estruct.p.maestro materiales interfase BAPI: Rango núm.mat.</STEXT>
       <INDEX> 002</INDEX>
      </RSFDO>
      <RSFDO>
       <PARAMETER>T_ALMACEN</PARAMETER>
       <KIND>P</KIND>
       <STEXT>Estruct.p.maestro materiales interfase BAPI: Rango núm.mat.</STEXT>
       <INDEX> 003</INDEX>
      </RSFDO>
      <RSFDO>
       <PARAMETER>T_GRUPO</PARAMETER>
       <KIND>P</KIND>
       <STEXT>Estruct.p.maestro materiales interfase BAPI: Rango núm.mat.</STEXT>
       <INDEX> 004</INDEX>
      </RSFDO>
      <RSFDO>
       <PARAMETER>T_MATERIAL</PARAMETER>
       <KIND>P</KIND>
       <STEXT>Estruct.p.maestro materiales interfase BAPI: Rango núm.mat.</STEXT>
       <INDEX> 005</INDEX>
      </RSFDO>
     </DOCUMENTATION>
    </item>
   </FUNCTIONS>
  </asx:values>
 </asx:abap>
</abapGit>
