﻿<?xml version="1.0" encoding="utf-8"?>
<abapGit version="v1.0.0" serializer="LCL_OBJECT_FUGR" serializer_version="v1.0.0">
 <asx:abap xmlns:asx="http://www.sap.com/abapxml" version="1.0">
  <asx:values>
   <AREAT>Grupo de Funciones de Venta</AREAT>
   <INCLUDES>
    <SOBJ_NAME>LZSD_VENTAS_OTOP</SOBJ_NAME>
    <SOBJ_NAME>SAPLZSD_VENTAS_O</SOBJ_NAME>
   </INCLUDES>
   <FUNCTIONS>
    <item>
     <FUNCNAME>ZSD_HA_VALIDA_CLIENTE</FUNCNAME>
     <SHORT_TEXT>Verifica Cliente aparezca en tabla ZSD_MAIL_CLIENTE</SHORT_TEXT>
     <IMPORT>
      <RSIMP>
       <PARAMETER>T_VBRK</PARAMETER>
       <TYP>VBRK</TYP>
      </RSIMP>
     </IMPORT>
     <EXPORT>
      <RSEXP>
       <PARAMETER>EV_ERROR</PARAMETER>
       <REFERENCE>X</REFERENCE>
       <TYP>FLAG</TYP>
      </RSEXP>
     </EXPORT>
     <TABLES>
      <RSTBL>
       <PARAMETER>T_MAIL</PARAMETER>
       <DBSTRUCT>SZA5_D0700</DBSTRUCT>
      </RSTBL>
     </TABLES>
     <DOCUMENTATION>
      <RSFDO>
       <PARAMETER>T_VBRK</PARAMETER>
       <KIND>P</KIND>
       <STEXT>Factura: Datos de cabecera</STEXT>
       <INDEX> 001</INDEX>
      </RSFDO>
      <RSFDO>
       <PARAMETER>EV_ERROR</PARAMETER>
       <KIND>P</KIND>
       <STEXT>Indicador general</STEXT>
       <INDEX> 002</INDEX>
      </RSFDO>
      <RSFDO>
       <PARAMETER>T_MAIL</PARAMETER>
       <KIND>P</KIND>
       <STEXT>Campos dynpro SAPLSZA50700 (no en campos de ADDR3_DATA)</STEXT>
       <INDEX> 003</INDEX>
      </RSFDO>
     </DOCUMENTATION>
    </item>
    <item>
     <FUNCNAME>ZSD_VALIDA_CLIENTE</FUNCNAME>
     <SHORT_TEXT>Verifica Cliente aparezca en tabla ZSD_MAIL_CLIENTE</SHORT_TEXT>
     <IMPORT>
      <RSIMP>
       <PARAMETER>T_VBRK</PARAMETER>
       <TYP>VBRK</TYP>
      </RSIMP>
     </IMPORT>
     <EXPORT>
      <RSEXP>
       <PARAMETER>EV_ERROR</PARAMETER>
       <REFERENCE>X</REFERENCE>
       <TYP>FLAG</TYP>
      </RSEXP>
     </EXPORT>
     <TABLES>
      <RSTBL>
       <PARAMETER>T_MAIL</PARAMETER>
       <DBSTRUCT>SZA5_D0700</DBSTRUCT>
      </RSTBL>
     </TABLES>
     <DOCUMENTATION>
      <RSFDO>
       <PARAMETER>T_VBRK</PARAMETER>
       <KIND>P</KIND>
       <STEXT>Factura: Datos de cabecera</STEXT>
       <INDEX> 001</INDEX>
      </RSFDO>
      <RSFDO>
       <PARAMETER>EV_ERROR</PARAMETER>
       <KIND>P</KIND>
       <STEXT>Indicador general</STEXT>
       <INDEX> 002</INDEX>
      </RSFDO>
      <RSFDO>
       <PARAMETER>T_MAIL</PARAMETER>
       <KIND>P</KIND>
       <STEXT>Campos dynpro SAPLSZA50700 (no en campos de ADDR3_DATA)</STEXT>
       <INDEX> 003</INDEX>
      </RSFDO>
     </DOCUMENTATION>
    </item>
   </FUNCTIONS>
  </asx:values>
 </asx:abap>
</abapGit>
