﻿<?xml version="1.0" encoding="utf-8"?>
<abapGit version="v1.0.0" serializer="LCL_OBJECT_FUGR" serializer_version="v1.0.0">
 <asx:abap xmlns:asx="http://www.sap.com/abapxml" version="1.0">
  <asx:values>
   <AREAT>Grupo de Funciones TYASA Ventas</AREAT>
   <INCLUDES>
    <SOBJ_NAME>LZSD_VENTAS_FTOP</SOBJ_NAME>
    <SOBJ_NAME>SAPLZSD_VENTAS_F</SOBJ_NAME>
   </INCLUDES>
   <FUNCTIONS>
    <item>
     <FUNCNAME>ZSD_CLIENTE_DESTINATARIO</FUNCNAME>
     <REMOTE_CALL>R</REMOTE_CALL>
     <SHORT_TEXT>Obtener direccion destinatario mercancia</SHORT_TEXT>
     <IMPORT>
      <RSIMP>
       <PARAMETER>PEDIDO</PARAMETER>
       <TYP>VBELN</TYP>
      </RSIMP>
     </IMPORT>
     <TABLES>
      <RSTBL>
       <PARAMETER>T_DESTINATARIO</PARAMETER>
       <DBSTRUCT>ZSD_BAPIDESTINATARIO</DBSTRUCT>
      </RSTBL>
     </TABLES>
     <DOCUMENTATION>
      <RSFDO>
       <PARAMETER>PEDIDO</PARAMETER>
       <KIND>P</KIND>
       <STEXT>Número de documento comercial</STEXT>
       <INDEX> 001</INDEX>
      </RSFDO>
      <RSFDO>
       <PARAMETER>T_DESTINATARIO</PARAMETER>
       <KIND>P</KIND>
       <STEXT>Tabla Direccion Destinatario de Mercancia</STEXT>
       <INDEX> 002</INDEX>
      </RSFDO>
     </DOCUMENTATION>
    </item>
    <item>
     <FUNCNAME>ZSD_DOC_X_PAGAR</FUNCNAME>
     <SHORT_TEXT>Reporte de Documentos de Servicios por Pagar</SHORT_TEXT>
     <TABLES>
      <RSTBL>
       <PARAMETER>T_DOC_X_PAGAR</PARAMETER>
       <DBSTRUCT>ZTY_DOC_X_PAGAR</DBSTRUCT>
      </RSTBL>
     </TABLES>
     <DOCUMENTATION>
      <RSFDO>
       <PARAMETER>T_DOC_X_PAGAR</PARAMETER>
       <KIND>P</KIND>
       <STEXT>Listado de documentos de servicios por pagar</STEXT>
       <INDEX> 001</INDEX>
      </RSFDO>
     </DOCUMENTATION>
    </item>
    <item>
     <FUNCNAME>ZSD_PEDIDO_UNIDAD_MEDIDA</FUNCNAME>
     <REMOTE_CALL>R</REMOTE_CALL>
     <SHORT_TEXT>Detalle Unidad Medida Pedido y Material</SHORT_TEXT>
     <IMPORT>
      <RSIMP>
       <PARAMETER>PEDIDO</PARAMETER>
       <TYP>VBELN</TYP>
      </RSIMP>
      <RSIMP>
       <PARAMETER>MATERIAL</PARAMETER>
       <TYP>MATNR</TYP>
      </RSIMP>
      <RSIMP>
       <PARAMETER>ORG_VEN</PARAMETER>
       <TYP>VKORG</TYP>
      </RSIMP>
     </IMPORT>
     <TABLES>
      <RSTBL>
       <PARAMETER>T_PEDIDO_UNI</PARAMETER>
       <DBSTRUCT>ZTY_BAPIPED_UNIDADM</DBSTRUCT>
      </RSTBL>
     </TABLES>
     <DOCUMENTATION>
      <RSFDO>
       <PARAMETER>PEDIDO</PARAMETER>
       <KIND>P</KIND>
       <STEXT>Número de documento comercial</STEXT>
       <INDEX> 001</INDEX>
      </RSFDO>
      <RSFDO>
       <PARAMETER>MATERIAL</PARAMETER>
       <KIND>P</KIND>
       <STEXT>Número de material</STEXT>
       <INDEX> 002</INDEX>
      </RSFDO>
      <RSFDO>
       <PARAMETER>ORG_VEN</PARAMETER>
       <KIND>P</KIND>
       <STEXT>Organización de ventas</STEXT>
       <INDEX> 003</INDEX>
      </RSFDO>
      <RSFDO>
       <PARAMETER>T_PEDIDO_UNI</PARAMETER>
       <KIND>P</KIND>
       <STEXT>Detalle Unidad de Medidad Pedido y Material</STEXT>
       <INDEX> 004</INDEX>
      </RSFDO>
     </DOCUMENTATION>
    </item>
   </FUNCTIONS>
  </asx:values>
 </asx:abap>
</abapGit>
