﻿<?xml version="1.0" encoding="utf-8"?>
<abapGit version="v1.0.0" serializer="LCL_OBJECT_FUGR" serializer_version="v1.0.0">
 <asx:abap xmlns:asx="http://www.sap.com/abapxml" version="1.0">
  <asx:values>
   <AREAT>Grupo Funciones ALR</AREAT>
   <INCLUDES>
    <SOBJ_NAME>LZSD_VENTAS_ALRTOP</SOBJ_NAME>
    <SOBJ_NAME>SAPLZSD_VENTAS_ALR</SOBJ_NAME>
   </INCLUDES>
   <FUNCTIONS>
    <item>
     <FUNCNAME>ZSD_ACTUALIZA_FECHA_ENTREGA</FUNCNAME>
     <REMOTE_CALL>R</REMOTE_CALL>
     <SHORT_TEXT>Bapi para actualizar la fecha de entrega</SHORT_TEXT>
     <IMPORT>
      <RSIMP>
       <PARAMETER>IV_VBELN</PARAMETER>
       <TYP>VBELN_VL</TYP>
      </RSIMP>
      <RSIMP>
       <PARAMETER>IV_FECHA</PARAMETER>
       <TYP>ERDAT</TYP>
      </RSIMP>
      <RSIMP>
       <PARAMETER>IV_CAT</PARAMETER>
       <OPTIONAL>X</OPTIONAL>
       <TYP>ZTY_CAMBIO_FECHA-IDCAT</TYP>
      </RSIMP>
      <RSIMP>
       <PARAMETER>IV_OBSERVACIONES</PARAMETER>
       <OPTIONAL>X</OPTIONAL>
       <TYP>ZTY_CAMBIO_FECHA-OBSERVACION</TYP>
      </RSIMP>
     </IMPORT>
     <EXPORT>
      <RSEXP>
       <PARAMETER>EV_ERROR</PARAMETER>
       <TYP>BAPI_MSG</TYP>
      </RSEXP>
     </EXPORT>
     <DOCUMENTATION>
      <RSFDO>
       <PARAMETER>IV_VBELN</PARAMETER>
       <KIND>P</KIND>
       <STEXT>Entrega</STEXT>
       <INDEX> 001</INDEX>
      </RSFDO>
      <RSFDO>
       <PARAMETER>IV_FECHA</PARAMETER>
       <KIND>P</KIND>
       <STEXT>Fecha de creación del registro</STEXT>
       <INDEX> 002</INDEX>
      </RSFDO>
      <RSFDO>
       <PARAMETER>IV_CAT</PARAMETER>
       <KIND>P</KIND>
       <STEXT>Clave motivo cambio</STEXT>
       <INDEX> 003</INDEX>
      </RSFDO>
      <RSFDO>
       <PARAMETER>IV_OBSERVACIONES</PARAMETER>
       <KIND>P</KIND>
       <STEXT>Campo de texto con longitud 200</STEXT>
       <INDEX> 004</INDEX>
      </RSFDO>
      <RSFDO>
       <PARAMETER>EV_ERROR</PARAMETER>
       <KIND>P</KIND>
       <STEXT>Texto de mensaje</STEXT>
       <INDEX> 005</INDEX>
      </RSFDO>
     </DOCUMENTATION>
    </item>
    <item>
     <FUNCNAME>ZSD_ASIGNACION_FLETE</FUNCNAME>
     <REMOTE_CALL>R</REMOTE_CALL>
     <SHORT_TEXT>Bapi para asignación de flete</SHORT_TEXT>
     <IMPORT>
      <RSIMP>
       <PARAMETER>IV_ENTREGA</PARAMETER>
       <OPTIONAL>X</OPTIONAL>
       <TYP>VBELN_VL</TYP>
      </RSIMP>
      <RSIMP>
       <PARAMETER>IV_REMISION</PARAMETER>
       <OPTIONAL>X</OPTIONAL>
       <TYP>CHAR100</TYP>
      </RSIMP>
      <RSIMP>
       <PARAMETER>IV_PROVEEDOR</PARAMETER>
       <OPTIONAL>X</OPTIONAL>
       <TYP>LIFNR</TYP>
      </RSIMP>
      <RSIMP>
       <PARAMETER>IV_TONS</PARAMETER>
       <OPTIONAL>X</OPTIONAL>
       <TYP>LFIMG</TYP>
      </RSIMP>
     </IMPORT>
     <EXPORT>
      <RSEXP>
       <PARAMETER>EV_MENSAJE</PARAMETER>
       <TYP>CHAR100</TYP>
      </RSEXP>
     </EXPORT>
     <DOCUMENTATION>
      <RSFDO>
       <PARAMETER>IV_ENTREGA</PARAMETER>
       <KIND>P</KIND>
       <STEXT>Entrega</STEXT>
       <INDEX> 001</INDEX>
      </RSFDO>
      <RSFDO>
       <PARAMETER>IV_REMISION</PARAMETER>
       <KIND>P</KIND>
       <STEXT>Comentario</STEXT>
       <INDEX> 002</INDEX>
      </RSFDO>
      <RSFDO>
       <PARAMETER>IV_PROVEEDOR</PARAMETER>
       <KIND>P</KIND>
       <STEXT>Número de cuenta del proveedor o acreedor</STEXT>
       <INDEX> 003</INDEX>
      </RSFDO>
      <RSFDO>
       <PARAMETER>IV_TONS</PARAMETER>
       <KIND>P</KIND>
       <STEXT>Cantidad entregada efectivamente en UMV</STEXT>
       <INDEX> 004</INDEX>
      </RSFDO>
      <RSFDO>
       <PARAMETER>EV_MENSAJE</PARAMETER>
       <KIND>P</KIND>
       <STEXT>Carácter 100</STEXT>
       <INDEX> 005</INDEX>
      </RSFDO>
     </DOCUMENTATION>
    </item>
    <item>
     <FUNCNAME>ZSD_AUT_SALESFORCE_DELIVERY</FUNCNAME>
     <REMOTE_CALL>R</REMOTE_CALL>
     <SHORT_TEXT>Bapi autorización entregas</SHORT_TEXT>
     <IMPORT>
      <RSIMP>
       <PARAMETER>IV_TIPO</PARAMETER>
       <OPTIONAL>X</OPTIONAL>
       <TYP>CHAR20</TYP>
      </RSIMP>
      <RSIMP>
       <PARAMETER>IV_AUTCRED</PARAMETER>
       <OPTIONAL>X</OPTIONAL>
       <TYP>CHAR1</TYP>
      </RSIMP>
     </IMPORT>
     <EXPORT>
      <RSEXP>
       <PARAMETER>EV_ERROR</PARAMETER>
       <TYP>BAPI_MSG</TYP>
      </RSEXP>
     </EXPORT>
     <TABLES>
      <RSTBL>
       <PARAMETER>IT_ENTREGAS</PARAMETER>
       <DBSTRUCT>ZTY_SALESFORCE_ENTREGAS</DBSTRUCT>
      </RSTBL>
     </TABLES>
     <DOCUMENTATION>
      <RSFDO>
       <PARAMETER>IV_TIPO</PARAMETER>
       <KIND>P</KIND>
       <STEXT>20 caract.</STEXT>
       <INDEX> 001</INDEX>
      </RSFDO>
      <RSFDO>
       <PARAMETER>IV_AUTCRED</PARAMETER>
       <KIND>P</KIND>
       <STEXT>Indicador de una posición</STEXT>
       <INDEX> 002</INDEX>
      </RSFDO>
      <RSFDO>
       <PARAMETER>EV_ERROR</PARAMETER>
       <KIND>P</KIND>
       <STEXT>Texto de mensaje</STEXT>
       <INDEX> 003</INDEX>
      </RSFDO>
      <RSFDO>
       <PARAMETER>IT_ENTREGAS</PARAMETER>
       <KIND>P</KIND>
       <STEXT>Estructura de salesforce para entregas</STEXT>
       <INDEX> 004</INDEX>
      </RSFDO>
     </DOCUMENTATION>
    </item>
    <item>
     <FUNCNAME>ZSD_AUT_SALESFORCE_ORDER</FUNCNAME>
     <REMOTE_CALL>R</REMOTE_CALL>
     <SHORT_TEXT>Autorización de Pedidos Salesforce</SHORT_TEXT>
     <IMPORT>
      <RSIMP>
       <PARAMETER>IV_HEADER</PARAMETER>
       <TYP>ZTY_VA01K</TYP>
      </RSIMP>
      <RSIMP>
       <PARAMETER>IV_TEST</PARAMETER>
       <OPTIONAL>X</OPTIONAL>
       <TYP>BAPIFLAG-BAPIFLAG</TYP>
      </RSIMP>
      <RSIMP>
       <PARAMETER>IV_ACTVTA</PARAMETER>
       <TYP>CHAR1</TYP>
      </RSIMP>
      <RSIMP>
       <PARAMETER>IV_VBELN</PARAMETER>
       <TYP>VBELN_VA</TYP>
      </RSIMP>
     </IMPORT>
     <EXPORT>
      <RSEXP>
       <PARAMETER>EV_VBELN</PARAMETER>
       <TYP>BAPIVBELN-VBELN</TYP>
      </RSEXP>
      <RSEXP>
       <PARAMETER>EV_ERROR</PARAMETER>
       <TYP>BAPIRET2-MESSAGE</TYP>
      </RSEXP>
      <RSEXP>
       <PARAMETER>EV_AUTVTA</PARAMETER>
       <TYP>CHAR1</TYP>
      </RSEXP>
     </EXPORT>
     <TABLES>
      <RSTBL>
       <PARAMETER>T_ITEMS</PARAMETER>
       <DBSTRUCT>ZTY_VA01P</DBSTRUCT>
       <OPTIONAL>X</OPTIONAL>
      </RSTBL>
     </TABLES>
     <DOCUMENTATION>
      <RSFDO>
       <PARAMETER>IV_HEADER</PARAMETER>
       <KIND>P</KIND>
       <STEXT>Estructura para la cabecera del pedido de venta</STEXT>
       <INDEX> 001</INDEX>
      </RSFDO>
      <RSFDO>
       <PARAMETER>IV_TEST</PARAMETER>
       <KIND>P</KIND>
       <STEXT>Indicador de una posición</STEXT>
       <INDEX> 002</INDEX>
      </RSFDO>
      <RSFDO>
       <PARAMETER>IV_ACTVTA</PARAMETER>
       <KIND>P</KIND>
       <STEXT>Indicador de una posición</STEXT>
       <INDEX> 003</INDEX>
      </RSFDO>
      <RSFDO>
       <PARAMETER>IV_VBELN</PARAMETER>
       <KIND>P</KIND>
       <STEXT>Documento de ventas</STEXT>
       <INDEX> 004</INDEX>
      </RSFDO>
      <RSFDO>
       <PARAMETER>EV_VBELN</PARAMETER>
       <KIND>P</KIND>
       <STEXT>Documento de ventas</STEXT>
       <INDEX> 005</INDEX>
      </RSFDO>
      <RSFDO>
       <PARAMETER>EV_ERROR</PARAMETER>
       <KIND>P</KIND>
       <STEXT>Texto de mensaje</STEXT>
       <INDEX> 006</INDEX>
      </RSFDO>
      <RSFDO>
       <PARAMETER>EV_AUTVTA</PARAMETER>
       <KIND>P</KIND>
       <STEXT>Indicador de una posición</STEXT>
       <INDEX> 007</INDEX>
      </RSFDO>
      <RSFDO>
       <PARAMETER>T_ITEMS</PARAMETER>
       <KIND>P</KIND>
       <STEXT>Estructura para la posición del pedido de venta</STEXT>
       <INDEX> 008</INDEX>
      </RSFDO>
     </DOCUMENTATION>
    </item>
    <item>
     <FUNCNAME>ZSD_AUT_SALESFORCE_PRECIO</FUNCNAME>
     <REMOTE_CALL>R</REMOTE_CALL>
     <SHORT_TEXT>Aprobación de precios salesforce</SHORT_TEXT>
     <IMPORT>
      <RSIMP>
       <PARAMETER>IV_IDSALESFORCE</PARAMETER>
       <OPTIONAL>X</OPTIONAL>
       <TYP>ZTY_APROB_SALESF-IDSALESFORCE</TYP>
      </RSIMP>
      <RSIMP>
       <PARAMETER>IV_USUARIO</PARAMETER>
       <OPTIONAL>X</OPTIONAL>
       <TYP>ZTY_APROB_SALESF-USUARIO</TYP>
      </RSIMP>
      <RSIMP>
       <PARAMETER>IV_FECHA</PARAMETER>
       <OPTIONAL>X</OPTIONAL>
       <TYP>ZTY_APROB_SALESF-FECHA</TYP>
      </RSIMP>
     </IMPORT>
     <DOCUMENTATION>
      <RSFDO>
       <PARAMETER>IV_IDSALESFORCE</PARAMETER>
       <KIND>P</KIND>
       <STEXT>Id Salesforce</STEXT>
       <INDEX> 001</INDEX>
      </RSFDO>
      <RSFDO>
       <PARAMETER>IV_USUARIO</PARAMETER>
       <KIND>P</KIND>
       <STEXT>Usuario</STEXT>
       <INDEX> 002</INDEX>
      </RSFDO>
      <RSFDO>
       <PARAMETER>IV_FECHA</PARAMETER>
       <KIND>P</KIND>
       <STEXT>Fecha</STEXT>
       <INDEX> 003</INDEX>
      </RSFDO>
     </DOCUMENTATION>
    </item>
    <item>
     <FUNCNAME>ZSD_CREATE_DELIVERY</FUNCNAME>
     <REMOTE_CALL>R</REMOTE_CALL>
     <SHORT_TEXT>Bapi creación entregas</SHORT_TEXT>
     <IMPORT>
      <RSIMP>
       <PARAMETER>IV_TIPO</PARAMETER>
       <OPTIONAL>X</OPTIONAL>
       <TYP>CHAR20</TYP>
      </RSIMP>
     </IMPORT>
     <EXPORT>
      <RSEXP>
       <PARAMETER>EV_ERROR</PARAMETER>
       <TYP>BAPI_MSG</TYP>
      </RSEXP>
     </EXPORT>
     <TABLES>
      <RSTBL>
       <PARAMETER>IT_PEDIDOS_CAB</PARAMETER>
       <DBSTRUCT>ZTY_SALESFORCE_PEDIDOS</DBSTRUCT>
      </RSTBL>
      <RSTBL>
       <PARAMETER>IT_PEDIDOS_DET</PARAMETER>
       <DBSTRUCT>ZTY_SALESFORCE_PEDIDOS</DBSTRUCT>
      </RSTBL>
      <RSTBL>
       <PARAMETER>IT_ENTREGAS</PARAMETER>
       <DBSTRUCT>ZTY_SALESFORCE_ENTREGAS</DBSTRUCT>
      </RSTBL>
     </TABLES>
     <DOCUMENTATION>
      <RSFDO>
       <PARAMETER>IV_TIPO</PARAMETER>
       <KIND>P</KIND>
       <STEXT>20 caract.</STEXT>
       <INDEX> 001</INDEX>
      </RSFDO>
      <RSFDO>
       <PARAMETER>EV_ERROR</PARAMETER>
       <KIND>P</KIND>
       <STEXT>Texto de mensaje</STEXT>
       <INDEX> 002</INDEX>
      </RSFDO>
      <RSFDO>
       <PARAMETER>IT_PEDIDOS_CAB</PARAMETER>
       <KIND>P</KIND>
       <STEXT>Estructura de salesforce para pedidos</STEXT>
       <INDEX> 003</INDEX>
      </RSFDO>
      <RSFDO>
       <PARAMETER>IT_PEDIDOS_DET</PARAMETER>
       <KIND>P</KIND>
       <STEXT>Estructura de salesforce para pedidos</STEXT>
       <INDEX> 004</INDEX>
      </RSFDO>
      <RSFDO>
       <PARAMETER>IT_ENTREGAS</PARAMETER>
       <KIND>P</KIND>
       <STEXT>Estructura de salesforce para entregas</STEXT>
       <INDEX> 005</INDEX>
      </RSFDO>
     </DOCUMENTATION>
    </item>
    <item>
     <FUNCNAME>ZSD_CREATE_SALESFORCE_CONTACTO</FUNCNAME>
     <REMOTE_CALL>R</REMOTE_CALL>
     <SHORT_TEXT>Creación de contacto salesforce</SHORT_TEXT>
     <IMPORT>
      <RSIMP>
       <PARAMETER>IV_CONTACTO</PARAMETER>
       <TYP>ZTY_SALESFORCE_CONTACTOS</TYP>
      </RSIMP>
     </IMPORT>
     <EXPORT>
      <RSEXP>
       <PARAMETER>EV_ERROR</PARAMETER>
       <TYP>BAPIRET2-MESSAGE</TYP>
      </RSEXP>
      <RSEXP>
       <PARAMETER>EV_CONTACTO</PARAMETER>
       <TYP>PARNR</TYP>
      </RSEXP>
     </EXPORT>
     <DOCUMENTATION>
      <RSFDO>
       <PARAMETER>IV_CONTACTO</PARAMETER>
       <KIND>P</KIND>
       <STEXT>Estructura de salesforce para contactos</STEXT>
       <INDEX> 001</INDEX>
      </RSFDO>
      <RSFDO>
       <PARAMETER>EV_ERROR</PARAMETER>
       <KIND>P</KIND>
       <STEXT>Texto de mensaje</STEXT>
       <INDEX> 002</INDEX>
      </RSFDO>
      <RSFDO>
       <PARAMETER>EV_CONTACTO</PARAMETER>
       <KIND>P</KIND>
       <STEXT>Número de la persona de contacto</STEXT>
       <INDEX> 003</INDEX>
      </RSFDO>
     </DOCUMENTATION>
    </item>
    <item>
     <FUNCNAME>ZSD_CREATE_SALESFORCE_CUENTA</FUNCNAME>
     <REMOTE_CALL>R</REMOTE_CALL>
     <SHORT_TEXT>Creación de Cuenta Salesforce</SHORT_TEXT>
     <IMPORT>
      <RSIMP>
       <PARAMETER>IV_KNA1</PARAMETER>
       <TYP>KNA1</TYP>
      </RSIMP>
      <RSIMP>
       <PARAMETER>IV_KNB1</PARAMETER>
       <TYP>KNB1</TYP>
      </RSIMP>
      <RSIMP>
       <PARAMETER>IV_KNVV</PARAMETER>
       <TYP>KNVV</TYP>
      </RSIMP>
      <RSIMP>
       <PARAMETER>IV_ADDR</PARAMETER>
       <TYP>BAPIADDR1</TYP>
      </RSIMP>
      <RSIMP>
       <PARAMETER>IV_SEGURO</PARAMETER>
       <TYP>CHAR1</TYP>
      </RSIMP>
      <RSIMP>
       <PARAMETER>IV_IVA</PARAMETER>
       <TYP>CHAR2</TYP>
      </RSIMP>
     </IMPORT>
     <EXPORT>
      <RSEXP>
       <PARAMETER>EV_KUNNR</PARAMETER>
       <TYP>KNA1-KUNNR</TYP>
      </RSEXP>
      <RSEXP>
       <PARAMETER>EV_ERROR</PARAMETER>
       <TYP>BAPIRET2-MESSAGE</TYP>
      </RSEXP>
     </EXPORT>
     <DOCUMENTATION>
      <RSFDO>
       <PARAMETER>IV_KNA1</PARAMETER>
       <KIND>P</KIND>
       <STEXT>Maestro de clientes (parte general)</STEXT>
       <INDEX> 001</INDEX>
      </RSFDO>
      <RSFDO>
       <PARAMETER>IV_KNB1</PARAMETER>
       <KIND>P</KIND>
       <STEXT>Maestro de clientes (sociedad)</STEXT>
       <INDEX> 002</INDEX>
      </RSFDO>
      <RSFDO>
       <PARAMETER>IV_KNVV</PARAMETER>
       <KIND>P</KIND>
       <STEXT>Maestro de clientes datos comerciales</STEXT>
       <INDEX> 003</INDEX>
      </RSFDO>
      <RSFDO>
       <PARAMETER>IV_ADDR</PARAMETER>
       <KIND>P</KIND>
       <STEXT>Estructura de referencia BAPI p.direcciones (org./empresa)</STEXT>
       <INDEX> 004</INDEX>
      </RSFDO>
      <RSFDO>
       <PARAMETER>IV_SEGURO</PARAMETER>
       <KIND>P</KIND>
       <STEXT>Indicador de una posición</STEXT>
       <INDEX> 005</INDEX>
      </RSFDO>
      <RSFDO>
       <PARAMETER>IV_IVA</PARAMETER>
       <KIND>P</KIND>
       <STEXT>Componente del número de versión</STEXT>
       <INDEX> 006</INDEX>
      </RSFDO>
      <RSFDO>
       <PARAMETER>EV_KUNNR</PARAMETER>
       <KIND>P</KIND>
       <STEXT>Número de deudor</STEXT>
       <INDEX> 007</INDEX>
      </RSFDO>
      <RSFDO>
       <PARAMETER>EV_ERROR</PARAMETER>
       <KIND>P</KIND>
       <STEXT>Texto de mensaje</STEXT>
       <INDEX> 008</INDEX>
      </RSFDO>
     </DOCUMENTATION>
    </item>
    <item>
     <FUNCNAME>ZSD_CREATE_SALESFORCE_DESTINO</FUNCNAME>
     <REMOTE_CALL>R</REMOTE_CALL>
     <SHORT_TEXT>Creación de Destinatario Salesforce</SHORT_TEXT>
     <IMPORT>
      <RSIMP>
       <PARAMETER>IV_KNA1</PARAMETER>
       <OPTIONAL>X</OPTIONAL>
       <TYP>KNA1</TYP>
      </RSIMP>
      <RSIMP>
       <PARAMETER>IV_KNB1</PARAMETER>
       <OPTIONAL>X</OPTIONAL>
       <TYP>KNB1</TYP>
      </RSIMP>
      <RSIMP>
       <PARAMETER>IV_KNVV</PARAMETER>
       <OPTIONAL>X</OPTIONAL>
       <TYP>KNVV</TYP>
      </RSIMP>
      <RSIMP>
       <PARAMETER>IV_ADDR</PARAMETER>
       <TYP>BAPIADDR1</TYP>
      </RSIMP>
      <RSIMP>
       <PARAMETER>IV_SEGURO</PARAMETER>
       <OPTIONAL>X</OPTIONAL>
       <TYP>CHAR1</TYP>
      </RSIMP>
      <RSIMP>
       <PARAMETER>IV_IVA</PARAMETER>
       <OPTIONAL>X</OPTIONAL>
       <TYP>CHAR2</TYP>
      </RSIMP>
      <RSIMP>
       <PARAMETER>IV_CUENTA</PARAMETER>
       <TYP>KUNNR</TYP>
      </RSIMP>
     </IMPORT>
     <EXPORT>
      <RSEXP>
       <PARAMETER>EV_KUNNR</PARAMETER>
       <TYP>KNA1-KUNNR</TYP>
      </RSEXP>
      <RSEXP>
       <PARAMETER>EV_ERROR</PARAMETER>
       <TYP>BAPIRET2-MESSAGE</TYP>
      </RSEXP>
     </EXPORT>
     <DOCUMENTATION>
      <RSFDO>
       <PARAMETER>IV_KNA1</PARAMETER>
       <KIND>P</KIND>
       <STEXT>Maestro de clientes (parte general)</STEXT>
       <INDEX> 001</INDEX>
      </RSFDO>
      <RSFDO>
       <PARAMETER>IV_KNB1</PARAMETER>
       <KIND>P</KIND>
       <STEXT>Maestro de clientes (sociedad)</STEXT>
       <INDEX> 002</INDEX>
      </RSFDO>
      <RSFDO>
       <PARAMETER>IV_KNVV</PARAMETER>
       <KIND>P</KIND>
       <STEXT>Maestro de clientes datos comerciales</STEXT>
       <INDEX> 003</INDEX>
      </RSFDO>
      <RSFDO>
       <PARAMETER>IV_ADDR</PARAMETER>
       <KIND>P</KIND>
       <STEXT>Estructura de referencia BAPI p.direcciones (org./empresa)</STEXT>
       <INDEX> 004</INDEX>
      </RSFDO>
      <RSFDO>
       <PARAMETER>IV_SEGURO</PARAMETER>
       <KIND>P</KIND>
       <STEXT>Indicador de una posición</STEXT>
       <INDEX> 005</INDEX>
      </RSFDO>
      <RSFDO>
       <PARAMETER>IV_IVA</PARAMETER>
       <KIND>P</KIND>
       <STEXT>Componente del número de versión</STEXT>
       <INDEX> 006</INDEX>
      </RSFDO>
      <RSFDO>
       <PARAMETER>IV_CUENTA</PARAMETER>
       <KIND>P</KIND>
       <STEXT>Número de deudor</STEXT>
       <INDEX> 007</INDEX>
      </RSFDO>
      <RSFDO>
       <PARAMETER>EV_KUNNR</PARAMETER>
       <KIND>P</KIND>
       <STEXT>Número de deudor</STEXT>
       <INDEX> 008</INDEX>
      </RSFDO>
      <RSFDO>
       <PARAMETER>EV_ERROR</PARAMETER>
       <KIND>P</KIND>
       <STEXT>Texto de mensaje</STEXT>
       <INDEX> 009</INDEX>
      </RSFDO>
     </DOCUMENTATION>
    </item>
    <item>
     <FUNCNAME>ZSD_CREATE_SALESFORCE_ORDER</FUNCNAME>
     <REMOTE_CALL>R</REMOTE_CALL>
     <SHORT_TEXT>Creación de Pedidos Salesforce</SHORT_TEXT>
     <IMPORT>
      <RSIMP>
       <PARAMETER>IV_HEADER</PARAMETER>
       <TYP>ZTY_VA01K</TYP>
      </RSIMP>
      <RSIMP>
       <PARAMETER>IV_TEST</PARAMETER>
       <OPTIONAL>X</OPTIONAL>
       <TYP>BAPIFLAG-BAPIFLAG</TYP>
      </RSIMP>
      <RSIMP>
       <PARAMETER>IV_ACTVTA</PARAMETER>
       <OPTIONAL>X</OPTIONAL>
       <TYP>CHAR1</TYP>
      </RSIMP>
     </IMPORT>
     <EXPORT>
      <RSEXP>
       <PARAMETER>EV_VBELN</PARAMETER>
       <TYP>BAPIVBELN-VBELN</TYP>
      </RSEXP>
      <RSEXP>
       <PARAMETER>EV_ERROR</PARAMETER>
       <TYP>BAPIRET2-MESSAGE</TYP>
      </RSEXP>
      <RSEXP>
       <PARAMETER>EV_AUTVTA</PARAMETER>
       <TYP>CHAR1</TYP>
      </RSEXP>
     </EXPORT>
     <TABLES>
      <RSTBL>
       <PARAMETER>T_ITEMS</PARAMETER>
       <DBSTRUCT>ZTY_VA01P</DBSTRUCT>
      </RSTBL>
     </TABLES>
     <DOCUMENTATION>
      <RSFDO>
       <PARAMETER>IV_HEADER</PARAMETER>
       <KIND>P</KIND>
       <STEXT>Estructura para la cabecera del pedido de venta</STEXT>
       <INDEX> 001</INDEX>
      </RSFDO>
      <RSFDO>
       <PARAMETER>IV_TEST</PARAMETER>
       <KIND>P</KIND>
       <STEXT>Indicador de una posición</STEXT>
       <INDEX> 002</INDEX>
      </RSFDO>
      <RSFDO>
       <PARAMETER>IV_ACTVTA</PARAMETER>
       <KIND>P</KIND>
       <STEXT>Indicador de una posición</STEXT>
       <INDEX> 003</INDEX>
      </RSFDO>
      <RSFDO>
       <PARAMETER>EV_VBELN</PARAMETER>
       <KIND>P</KIND>
       <STEXT>Documento de ventas</STEXT>
       <INDEX> 004</INDEX>
      </RSFDO>
      <RSFDO>
       <PARAMETER>EV_ERROR</PARAMETER>
       <KIND>P</KIND>
       <STEXT>Texto de mensaje</STEXT>
       <INDEX> 005</INDEX>
      </RSFDO>
      <RSFDO>
       <PARAMETER>EV_AUTVTA</PARAMETER>
       <KIND>P</KIND>
       <STEXT>Indicador de una posición</STEXT>
       <INDEX> 006</INDEX>
      </RSFDO>
      <RSFDO>
       <PARAMETER>T_ITEMS</PARAMETER>
       <KIND>P</KIND>
       <STEXT>Estructura para la posición del pedido de venta</STEXT>
       <INDEX> 007</INDEX>
      </RSFDO>
     </DOCUMENTATION>
    </item>
    <item>
     <FUNCNAME>ZSD_CREATE_SALESORDER</FUNCNAME>
     <REMOTE_CALL>R</REMOTE_CALL>
     <SHORT_TEXT>Creación de Pedidos VA01</SHORT_TEXT>
     <IMPORT>
      <RSIMP>
       <PARAMETER>IV_HEADER</PARAMETER>
       <TYP>ZTY_VA01K</TYP>
      </RSIMP>
      <RSIMP>
       <PARAMETER>IV_TEST</PARAMETER>
       <OPTIONAL>X</OPTIONAL>
       <TYP>BAPIFLAG-BAPIFLAG</TYP>
      </RSIMP>
     </IMPORT>
     <EXPORT>
      <RSEXP>
       <PARAMETER>EV_VBELN</PARAMETER>
       <TYP>BAPIVBELN-VBELN</TYP>
      </RSEXP>
      <RSEXP>
       <PARAMETER>EV_ERROR</PARAMETER>
       <TYP>BAPIRET2-MESSAGE</TYP>
      </RSEXP>
      <RSEXP>
       <PARAMETER>EV_AUTVTA</PARAMETER>
       <TYP>CHAR1</TYP>
      </RSEXP>
     </EXPORT>
     <TABLES>
      <RSTBL>
       <PARAMETER>T_ITEMS</PARAMETER>
       <DBSTRUCT>ZTY_VA01P</DBSTRUCT>
      </RSTBL>
     </TABLES>
     <DOCUMENTATION>
      <RSFDO>
       <PARAMETER>IV_HEADER</PARAMETER>
       <KIND>P</KIND>
       <STEXT>Estructura para la cabecera del pedido de venta</STEXT>
       <INDEX> 001</INDEX>
      </RSFDO>
      <RSFDO>
       <PARAMETER>IV_TEST</PARAMETER>
       <KIND>P</KIND>
       <STEXT>Indicador de una posición</STEXT>
       <INDEX> 002</INDEX>
      </RSFDO>
      <RSFDO>
       <PARAMETER>EV_VBELN</PARAMETER>
       <KIND>P</KIND>
       <STEXT>Documento de ventas</STEXT>
       <INDEX> 003</INDEX>
      </RSFDO>
      <RSFDO>
       <PARAMETER>EV_ERROR</PARAMETER>
       <KIND>P</KIND>
       <STEXT>Texto de mensaje</STEXT>
       <INDEX> 004</INDEX>
      </RSFDO>
      <RSFDO>
       <PARAMETER>EV_AUTVTA</PARAMETER>
       <KIND>P</KIND>
       <STEXT>Indicador de una posición</STEXT>
       <INDEX> 005</INDEX>
      </RSFDO>
      <RSFDO>
       <PARAMETER>T_ITEMS</PARAMETER>
       <KIND>P</KIND>
       <STEXT>Estructura para la posición del pedido de venta</STEXT>
       <INDEX> 006</INDEX>
      </RSFDO>
     </DOCUMENTATION>
    </item>
    <item>
     <FUNCNAME>ZSD_CREATE_SALESORDER_CASTRIP</FUNCNAME>
     <REMOTE_CALL>R</REMOTE_CALL>
     <SHORT_TEXT>Creación de Pedidos VA01</SHORT_TEXT>
     <IMPORT>
      <RSIMP>
       <PARAMETER>IV_HEADER</PARAMETER>
       <TYP>ZTY_VA01K</TYP>
      </RSIMP>
      <RSIMP>
       <PARAMETER>IV_TEST</PARAMETER>
       <OPTIONAL>X</OPTIONAL>
       <TYP>BAPIFLAG-BAPIFLAG</TYP>
      </RSIMP>
     </IMPORT>
     <EXPORT>
      <RSEXP>
       <PARAMETER>EV_VBELN</PARAMETER>
       <TYP>BAPIVBELN-VBELN</TYP>
      </RSEXP>
      <RSEXP>
       <PARAMETER>EV_ERROR</PARAMETER>
       <TYP>BAPIRET2-MESSAGE</TYP>
      </RSEXP>
      <RSEXP>
       <PARAMETER>EV_AUTVTA</PARAMETER>
       <TYP>CHAR1</TYP>
      </RSEXP>
     </EXPORT>
     <TABLES>
      <RSTBL>
       <PARAMETER>T_ITEMS</PARAMETER>
       <DBSTRUCT>ZTY_VA01P</DBSTRUCT>
      </RSTBL>
     </TABLES>
     <DOCUMENTATION>
      <RSFDO>
       <PARAMETER>IV_HEADER</PARAMETER>
       <KIND>P</KIND>
       <STEXT>Estructura para la cabecera del pedido de venta</STEXT>
       <INDEX> 001</INDEX>
      </RSFDO>
      <RSFDO>
       <PARAMETER>IV_TEST</PARAMETER>
       <KIND>P</KIND>
       <STEXT>Indicador de una posición</STEXT>
       <INDEX> 002</INDEX>
      </RSFDO>
      <RSFDO>
       <PARAMETER>EV_VBELN</PARAMETER>
       <KIND>P</KIND>
       <STEXT>Documento de ventas</STEXT>
       <INDEX> 003</INDEX>
      </RSFDO>
      <RSFDO>
       <PARAMETER>EV_ERROR</PARAMETER>
       <KIND>P</KIND>
       <STEXT>Texto de mensaje</STEXT>
       <INDEX> 004</INDEX>
      </RSFDO>
      <RSFDO>
       <PARAMETER>EV_AUTVTA</PARAMETER>
       <KIND>P</KIND>
       <STEXT>Indicador de una posición</STEXT>
       <INDEX> 005</INDEX>
      </RSFDO>
      <RSFDO>
       <PARAMETER>T_ITEMS</PARAMETER>
       <KIND>P</KIND>
       <STEXT>Estructura para la posición del pedido de venta</STEXT>
       <INDEX> 006</INDEX>
      </RSFDO>
     </DOCUMENTATION>
    </item>
    <item>
     <FUNCNAME>ZSD_CREA_ENTREGA_CASTRIP</FUNCNAME>
     <REMOTE_CALL>R</REMOTE_CALL>
     <SHORT_TEXT>Bapi creación entregas</SHORT_TEXT>
     <IMPORT>
      <RSIMP>
       <PARAMETER>IV_TIPO</PARAMETER>
       <OPTIONAL>X</OPTIONAL>
       <TYP>CHAR20</TYP>
      </RSIMP>
      <RSIMP>
       <PARAMETER>IV_AUTCRED</PARAMETER>
       <OPTIONAL>X</OPTIONAL>
       <TYP>CHAR1</TYP>
      </RSIMP>
      <RSIMP>
       <PARAMETER>IV_AUTPEDIDO</PARAMETER>
       <OPTIONAL>X</OPTIONAL>
       <TYP>CHAR1</TYP>
      </RSIMP>
      <RSIMP>
       <PARAMETER>IV_AUTCONTROL</PARAMETER>
       <OPTIONAL>X</OPTIONAL>
       <TYP>CHAR1</TYP>
      </RSIMP>
     </IMPORT>
     <EXPORT>
      <RSEXP>
       <PARAMETER>EV_ERROR</PARAMETER>
       <TYP>BAPI_MSG</TYP>
      </RSEXP>
     </EXPORT>
     <TABLES>
      <RSTBL>
       <PARAMETER>IT_PEDIDOS_CAB</PARAMETER>
       <DBSTRUCT>ZTY_SALESFORCE_PEDIDOS</DBSTRUCT>
      </RSTBL>
      <RSTBL>
       <PARAMETER>IT_PEDIDOS_DET</PARAMETER>
       <DBSTRUCT>ZTY_SALESFORCE_PEDIDOS</DBSTRUCT>
      </RSTBL>
      <RSTBL>
       <PARAMETER>IT_ENTREGAS</PARAMETER>
       <DBSTRUCT>ZTY_SALESFORCE_ENTREGAS</DBSTRUCT>
      </RSTBL>
     </TABLES>
     <DOCUMENTATION>
      <RSFDO>
       <PARAMETER>IV_TIPO</PARAMETER>
       <KIND>P</KIND>
       <STEXT>20 caract.</STEXT>
       <INDEX> 001</INDEX>
      </RSFDO>
      <RSFDO>
       <PARAMETER>IV_AUTCRED</PARAMETER>
       <KIND>P</KIND>
       <STEXT>Indicador de una posición</STEXT>
       <INDEX> 002</INDEX>
      </RSFDO>
      <RSFDO>
       <PARAMETER>IV_AUTPEDIDO</PARAMETER>
       <KIND>P</KIND>
       <STEXT>Indicador de una posición</STEXT>
       <INDEX> 003</INDEX>
      </RSFDO>
      <RSFDO>
       <PARAMETER>IV_AUTCONTROL</PARAMETER>
       <KIND>P</KIND>
       <STEXT>Indicador de una posición</STEXT>
       <INDEX> 004</INDEX>
      </RSFDO>
      <RSFDO>
       <PARAMETER>EV_ERROR</PARAMETER>
       <KIND>P</KIND>
       <STEXT>Texto de mensaje</STEXT>
       <INDEX> 005</INDEX>
      </RSFDO>
      <RSFDO>
       <PARAMETER>IT_PEDIDOS_CAB</PARAMETER>
       <KIND>P</KIND>
       <STEXT>Estructura de salesforce para pedidos</STEXT>
       <INDEX> 006</INDEX>
      </RSFDO>
      <RSFDO>
       <PARAMETER>IT_PEDIDOS_DET</PARAMETER>
       <KIND>P</KIND>
       <STEXT>Estructura de salesforce para pedidos</STEXT>
       <INDEX> 007</INDEX>
      </RSFDO>
      <RSFDO>
       <PARAMETER>IT_ENTREGAS</PARAMETER>
       <KIND>P</KIND>
       <STEXT>Estructura de salesforce para entregas</STEXT>
       <INDEX> 008</INDEX>
      </RSFDO>
     </DOCUMENTATION>
    </item>
    <item>
     <FUNCNAME>ZSD_CREA_MULTIPLE_ORDERCASTRIP</FUNCNAME>
     <REMOTE_CALL>R</REMOTE_CALL>
     <SHORT_TEXT>Crea n pedidos en base a uno muestra</SHORT_TEXT>
     <IMPORT>
      <RSIMP>
       <PARAMETER>IV_PEDIDO</PARAMETER>
       <TYP>VBELN_VA</TYP>
      </RSIMP>
      <RSIMP>
       <PARAMETER>IV_DOC_FI</PARAMETER>
       <TYP>BELNR_D</TYP>
      </RSIMP>
      <RSIMP>
       <PARAMETER>IV_CANTIDAD</PARAMETER>
       <TYP>INT2</TYP>
      </RSIMP>
     </IMPORT>
     <EXPORT>
      <RSEXP>
       <PARAMETER>EV_ERROR</PARAMETER>
       <TYP>BAPIRET2-MESSAGE</TYP>
      </RSEXP>
     </EXPORT>
     <TABLES>
      <RSTBL>
       <PARAMETER>IT_PEDIDOS</PARAMETER>
       <DBSTRUCT>ZTY_ORDERS</DBSTRUCT>
      </RSTBL>
     </TABLES>
     <DOCUMENTATION>
      <RSFDO>
       <PARAMETER>IV_PEDIDO</PARAMETER>
       <KIND>P</KIND>
       <STEXT>Documento de ventas</STEXT>
       <INDEX> 001</INDEX>
      </RSFDO>
      <RSFDO>
       <PARAMETER>IV_DOC_FI</PARAMETER>
       <KIND>P</KIND>
       <STEXT>Número de un documento contable</STEXT>
       <INDEX> 002</INDEX>
      </RSFDO>
      <RSFDO>
       <PARAMETER>IV_CANTIDAD</PARAMETER>
       <KIND>P</KIND>
       <STEXT>Número entero 2 bytes (con signo)</STEXT>
       <INDEX> 003</INDEX>
      </RSFDO>
      <RSFDO>
       <PARAMETER>EV_ERROR</PARAMETER>
       <KIND>P</KIND>
       <STEXT>Texto de mensaje</STEXT>
       <INDEX> 004</INDEX>
      </RSFDO>
      <RSFDO>
       <PARAMETER>IT_PEDIDOS</PARAMETER>
       <KIND>P</KIND>
       <STEXT>Estructura que almacena el listado de pedidos</STEXT>
       <INDEX> 005</INDEX>
      </RSFDO>
     </DOCUMENTATION>
    </item>
    <item>
     <FUNCNAME>ZSD_ENTREGAS_NO_CONT</FUNCNAME>
     <REMOTE_CALL>R</REMOTE_CALL>
     <SHORT_TEXT>Bapi entregas no contabilizadas detallado</SHORT_TEXT>
     <IMPORT>
      <RSIMP>
       <PARAMETER>IV_FECHA_INI</PARAMETER>
       <TYP>WADAK</TYP>
      </RSIMP>
      <RSIMP>
       <PARAMETER>IV_FECHA_FIN</PARAMETER>
       <OPTIONAL>X</OPTIONAL>
       <TYP>WADAK</TYP>
      </RSIMP>
      <RSIMP>
       <PARAMETER>IV_CENTRO</PARAMETER>
       <OPTIONAL>X</OPTIONAL>
       <TYP>EFG_TAB_RANGES</TYP>
      </RSIMP>
      <RSIMP>
       <PARAMETER>IV_CLIENTE</PARAMETER>
       <OPTIONAL>X</OPTIONAL>
       <TYP>EFG_TAB_RANGES</TYP>
      </RSIMP>
      <RSIMP>
       <PARAMETER>IV_VENDEDOR</PARAMETER>
       <OPTIONAL>X</OPTIONAL>
       <TYP>EFG_TAB_RANGES</TYP>
      </RSIMP>
     </IMPORT>
     <TABLES>
      <RSTBL>
       <PARAMETER>IT_ENTREGAS</PARAMETER>
       <DBSTRUCT>ZTY_DATOS_ENTREGAS_NO_CONT</DBSTRUCT>
      </RSTBL>
     </TABLES>
     <DOCUMENTATION>
      <RSFDO>
       <PARAMETER>IV_FECHA_INI</PARAMETER>
       <KIND>P</KIND>
       <STEXT>Fecha prevista para movimiento de mercancías</STEXT>
       <INDEX> 001</INDEX>
      </RSFDO>
      <RSFDO>
       <PARAMETER>IV_FECHA_FIN</PARAMETER>
       <KIND>P</KIND>
       <STEXT>Fecha final</STEXT>
       <INDEX> 002</INDEX>
      </RSFDO>
      <RSFDO>
       <PARAMETER>IV_CENTRO</PARAMETER>
       <KIND>P</KIND>
       <STEXT>Rangos</STEXT>
       <INDEX> 003</INDEX>
      </RSFDO>
      <RSFDO>
       <PARAMETER>IV_CLIENTE</PARAMETER>
       <KIND>P</KIND>
       <STEXT>Rangos</STEXT>
       <INDEX> 004</INDEX>
      </RSFDO>
      <RSFDO>
       <PARAMETER>IV_VENDEDOR</PARAMETER>
       <KIND>P</KIND>
       <STEXT>Rangos</STEXT>
       <INDEX> 005</INDEX>
      </RSFDO>
      <RSFDO>
       <PARAMETER>IT_ENTREGAS</PARAMETER>
       <KIND>P</KIND>
       <STEXT>Estructura para los datos de las entregas no contabilizadas</STEXT>
       <INDEX> 006</INDEX>
      </RSFDO>
     </DOCUMENTATION>
    </item>
    <item>
     <FUNCNAME>ZSD_ENTREGA_PROGRAMADA_CASTRIP</FUNCNAME>
     <REMOTE_CALL>R</REMOTE_CALL>
     <SHORT_TEXT>Pedidos Pendientes Castrip</SHORT_TEXT>
     <IMPORT>
      <RSIMP>
       <PARAMETER>IV_FECHA_INI</PARAMETER>
       <OPTIONAL>X</OPTIONAL>
       <TYP>ERDAT</TYP>
      </RSIMP>
      <RSIMP>
       <PARAMETER>IV_FECHA_FIN</PARAMETER>
       <OPTIONAL>X</OPTIONAL>
       <TYP>ERDAT</TYP>
      </RSIMP>
      <RSIMP>
       <PARAMETER>IV_ENTREGA</PARAMETER>
       <OPTIONAL>X</OPTIONAL>
       <TYP>VBELN_VL</TYP>
      </RSIMP>
      <RSIMP>
       <PARAMETER>IV_PEDIDO</PARAMETER>
       <OPTIONAL>X</OPTIONAL>
       <TYP>VBELN_VA</TYP>
      </RSIMP>
     </IMPORT>
     <TABLES>
      <RSTBL>
       <PARAMETER>IT_ENTREGA_CABECERA</PARAMETER>
       <TYPES>O</TYPES>
       <OPTIONAL>X</OPTIONAL>
       <TYP>ZTY_ENTREGA_CASTRIP_CABECERA</TYP>
      </RSTBL>
      <RSTBL>
       <PARAMETER>IT_ENTREGA_DETALLE</PARAMETER>
       <TYPES>O</TYPES>
       <OPTIONAL>X</OPTIONAL>
       <TYP>ZTY_ENTREGA_CASTRIP_DETALLE</TYP>
      </RSTBL>
     </TABLES>
     <DOCUMENTATION>
      <RSFDO>
       <PARAMETER>IV_FECHA_INI</PARAMETER>
       <KIND>P</KIND>
       <STEXT>Fecha de creación del registro</STEXT>
       <INDEX> 001</INDEX>
      </RSFDO>
      <RSFDO>
       <PARAMETER>IV_FECHA_FIN</PARAMETER>
       <KIND>P</KIND>
       <STEXT>Fecha de creación del registro</STEXT>
       <INDEX> 002</INDEX>
      </RSFDO>
      <RSFDO>
       <PARAMETER>IV_ENTREGA</PARAMETER>
       <KIND>P</KIND>
       <STEXT>Entrega</STEXT>
       <INDEX> 003</INDEX>
      </RSFDO>
      <RSFDO>
       <PARAMETER>IV_PEDIDO</PARAMETER>
       <KIND>P</KIND>
       <STEXT>Documento de ventas</STEXT>
       <INDEX> 004</INDEX>
      </RSFDO>
      <RSFDO>
       <PARAMETER>IT_ENTREGA_CABECERA</PARAMETER>
       <KIND>P</KIND>
       <STEXT>Entrega castrip - cabecera</STEXT>
       <INDEX> 005</INDEX>
      </RSFDO>
      <RSFDO>
       <PARAMETER>IT_ENTREGA_DETALLE</PARAMETER>
       <KIND>P</KIND>
       <STEXT>Entrega castrip - detalle</STEXT>
       <INDEX> 006</INDEX>
      </RSFDO>
     </DOCUMENTATION>
    </item>
    <item>
     <FUNCNAME>ZSD_FECHA_PROPUESTA</FUNCNAME>
     <REMOTE_CALL>R</REMOTE_CALL>
     <SHORT_TEXT>Función para obtener la fecha propuesta de las entregas</SHORT_TEXT>
     <IMPORT>
      <RSIMP>
       <PARAMETER>IS_LIKP</PARAMETER>
       <TYP>LIKP</TYP>
      </RSIMP>
     </IMPORT>
     <EXPORT>
      <RSEXP>
       <PARAMETER>EV_FECHA</PARAMETER>
       <TYP>DATUM</TYP>
      </RSEXP>
     </EXPORT>
     <TABLES>
      <RSTBL>
       <PARAMETER>IT_LIPS</PARAMETER>
       <DBSTRUCT>LIPS</DBSTRUCT>
      </RSTBL>
     </TABLES>
     <DOCUMENTATION>
      <RSFDO>
       <PARAMETER>IS_LIKP</PARAMETER>
       <KIND>P</KIND>
       <STEXT>Doc.comercial: Entrega - Datos de cabecera</STEXT>
       <INDEX> 001</INDEX>
      </RSFDO>
      <RSFDO>
       <PARAMETER>EV_FECHA</PARAMETER>
       <KIND>P</KIND>
       <STEXT>Fecha</STEXT>
       <INDEX> 002</INDEX>
      </RSFDO>
      <RSFDO>
       <PARAMETER>IT_LIPS</PARAMETER>
       <KIND>P</KIND>
       <STEXT>Doc.comercial: Entrega - Datos de posición</STEXT>
       <INDEX> 003</INDEX>
      </RSFDO>
     </DOCUMENTATION>
    </item>
    <item>
     <FUNCNAME>ZSD_NEW_SALESFORCE_CONTACTO_V2</FUNCNAME>
     <REMOTE_CALL>R</REMOTE_CALL>
     <SHORT_TEXT>Creación de Contacto Salesforce desde Tabla</SHORT_TEXT>
     <TABLES>
      <RSTBL>
       <PARAMETER>IT_CONTACTOS</PARAMETER>
       <DBSTRUCT>ZTY_SALESFORCE_CONTACTOS</DBSTRUCT>
      </RSTBL>
     </TABLES>
     <DOCUMENTATION>
      <RSFDO>
       <PARAMETER>IT_CONTACTOS</PARAMETER>
       <KIND>P</KIND>
       <STEXT>Estructura de salesforce para contactos</STEXT>
       <INDEX> 001</INDEX>
      </RSFDO>
     </DOCUMENTATION>
    </item>
    <item>
     <FUNCNAME>ZSD_NEW_SALESFORCE_CUENTA_V2</FUNCNAME>
     <REMOTE_CALL>R</REMOTE_CALL>
     <SHORT_TEXT>Creación de Cuenta Salesforce desde Tabla</SHORT_TEXT>
     <TABLES>
      <RSTBL>
       <PARAMETER>IT_CUENTAS</PARAMETER>
       <DBSTRUCT>ZTY_SALESFORCE_CUENTAS</DBSTRUCT>
      </RSTBL>
     </TABLES>
     <DOCUMENTATION>
      <RSFDO>
       <PARAMETER>IT_CUENTAS</PARAMETER>
       <KIND>P</KIND>
       <STEXT>Estructura de salesforce para cuentas</STEXT>
       <INDEX> 001</INDEX>
      </RSFDO>
     </DOCUMENTATION>
    </item>
    <item>
     <FUNCNAME>ZSD_NEW_SALESFORCE_DESTINO_V2</FUNCNAME>
     <REMOTE_CALL>R</REMOTE_CALL>
     <SHORT_TEXT>Creación de Destinatario Salesforce por Tabla</SHORT_TEXT>
     <TABLES>
      <RSTBL>
       <PARAMETER>IT_DESTINATARIO</PARAMETER>
       <TYPES>O</TYPES>
       <TYP>ZTY_SALESFORCE_DESTINATARIOS</TYP>
      </RSTBL>
     </TABLES>
     <DOCUMENTATION>
      <RSFDO>
       <PARAMETER>IT_DESTINATARIO</PARAMETER>
       <KIND>P</KIND>
       <STEXT>Estructura de salesforce para destinatarios</STEXT>
       <INDEX> 001</INDEX>
      </RSFDO>
     </DOCUMENTATION>
    </item>
    <item>
     <FUNCNAME>ZSD_PEDIDOS_PENDIENTES_CASTRIP</FUNCNAME>
     <REMOTE_CALL>R</REMOTE_CALL>
     <SHORT_TEXT>Pedidos Pendientes Castrip</SHORT_TEXT>
     <IMPORT>
      <RSIMP>
       <PARAMETER>IV_FECHA_INI</PARAMETER>
       <OPTIONAL>X</OPTIONAL>
       <TYP>ERDAT</TYP>
      </RSIMP>
      <RSIMP>
       <PARAMETER>IV_FECHA_FIN</PARAMETER>
       <OPTIONAL>X</OPTIONAL>
       <TYP>ERDAT</TYP>
      </RSIMP>
     </IMPORT>
     <TABLES>
      <RSTBL>
       <PARAMETER>IT_PEDIDO_CABECERA</PARAMETER>
       <TYPES>O</TYPES>
       <OPTIONAL>X</OPTIONAL>
       <TYP>ZTY_PEDIDO_CASTRIP_CABECERA</TYP>
      </RSTBL>
      <RSTBL>
       <PARAMETER>IT_PEDIDO_DETALLE</PARAMETER>
       <DBSTRUCT>ZTY_PEDIDO_CASTRIP_DETALLE</DBSTRUCT>
       <OPTIONAL>X</OPTIONAL>
      </RSTBL>
     </TABLES>
     <DOCUMENTATION>
      <RSFDO>
       <PARAMETER>IV_FECHA_INI</PARAMETER>
       <KIND>P</KIND>
       <STEXT>Fecha de creación del registro</STEXT>
       <INDEX> 001</INDEX>
      </RSFDO>
      <RSFDO>
       <PARAMETER>IV_FECHA_FIN</PARAMETER>
       <KIND>P</KIND>
       <STEXT>Fecha de creación del registro</STEXT>
       <INDEX> 002</INDEX>
      </RSFDO>
      <RSFDO>
       <PARAMETER>IT_PEDIDO_CABECERA</PARAMETER>
       <KIND>P</KIND>
       <STEXT>Pedido castrip - cabecera</STEXT>
       <INDEX> 003</INDEX>
      </RSFDO>
      <RSFDO>
       <PARAMETER>IT_PEDIDO_DETALLE</PARAMETER>
       <KIND>P</KIND>
       <STEXT>Pedido castrip - detalle</STEXT>
       <INDEX> 004</INDEX>
      </RSFDO>
     </DOCUMENTATION>
    </item>
    <item>
     <FUNCNAME>ZSD_READ_ESTATUS_CASTRIP</FUNCNAME>
     <REMOTE_CALL>R</REMOTE_CALL>
     <SHORT_TEXT>Lectura de estatus de pedidos Castrip</SHORT_TEXT>
     <IMPORT>
      <RSIMP>
       <PARAMETER>IV_FECHA</PARAMETER>
       <OPTIONAL>X</OPTIONAL>
       <TYP>DATUM</TYP>
      </RSIMP>
      <RSIMP>
       <PARAMETER>IV_ESTATUS</PARAMETER>
       <TYP>ZPEDCASTRIP-ESTATUS</TYP>
      </RSIMP>
     </IMPORT>
     <EXPORT>
      <RSEXP>
       <PARAMETER>EV_MENSAJE</PARAMETER>
       <TYP>BAPIRET2-MESSAGE</TYP>
      </RSEXP>
     </EXPORT>
     <TABLES>
      <RSTBL>
       <PARAMETER>IT_PEDIDOS</PARAMETER>
       <DBSTRUCT>ZPEDCASTRIP</DBSTRUCT>
      </RSTBL>
     </TABLES>
     <DOCUMENTATION>
      <RSFDO>
       <PARAMETER>IV_FECHA</PARAMETER>
       <KIND>P</KIND>
       <STEXT>Fecha</STEXT>
       <INDEX> 001</INDEX>
      </RSFDO>
      <RSFDO>
       <PARAMETER>IV_ESTATUS</PARAMETER>
       <KIND>P</KIND>
       <STEXT>Estatus Produccion</STEXT>
       <INDEX> 002</INDEX>
      </RSFDO>
      <RSFDO>
       <PARAMETER>EV_MENSAJE</PARAMETER>
       <KIND>P</KIND>
       <STEXT>Texto de mensaje</STEXT>
       <INDEX> 003</INDEX>
      </RSFDO>
      <RSFDO>
       <PARAMETER>IT_PEDIDOS</PARAMETER>
       <KIND>P</KIND>
       <STEXT>Tabla de pedidos SAP Castrip</STEXT>
       <INDEX> 004</INDEX>
      </RSFDO>
     </DOCUMENTATION>
    </item>
    <item>
     <FUNCNAME>ZSD_READ_SALESORDER</FUNCNAME>
     <REMOTE_CALL>R</REMOTE_CALL>
     <SHORT_TEXT>Visualización de Pedidos VA03</SHORT_TEXT>
     <IMPORT>
      <RSIMP>
       <PARAMETER>IV_PEDIDO</PARAMETER>
       <TYP>VBELN_VA</TYP>
      </RSIMP>
     </IMPORT>
     <EXPORT>
      <RSEXP>
       <PARAMETER>EV_ERROR</PARAMETER>
       <TYP>BAPIRET2-MESSAGE</TYP>
      </RSEXP>
     </EXPORT>
     <TABLES>
      <RSTBL>
       <PARAMETER>T_HEADER</PARAMETER>
       <DBSTRUCT>ZTY_VA01K</DBSTRUCT>
      </RSTBL>
      <RSTBL>
       <PARAMETER>T_ITEMS</PARAMETER>
       <DBSTRUCT>ZTY_VA01P</DBSTRUCT>
      </RSTBL>
     </TABLES>
     <DOCUMENTATION>
      <RSFDO>
       <PARAMETER>IV_PEDIDO</PARAMETER>
       <KIND>P</KIND>
       <STEXT>Documento de ventas</STEXT>
       <INDEX> 001</INDEX>
      </RSFDO>
      <RSFDO>
       <PARAMETER>EV_ERROR</PARAMETER>
       <KIND>P</KIND>
       <STEXT>Texto de mensaje</STEXT>
       <INDEX> 002</INDEX>
      </RSFDO>
      <RSFDO>
       <PARAMETER>T_HEADER</PARAMETER>
       <KIND>P</KIND>
       <STEXT>Estructura para la cabecera del pedido de venta</STEXT>
       <INDEX> 003</INDEX>
      </RSFDO>
      <RSFDO>
       <PARAMETER>T_ITEMS</PARAMETER>
       <KIND>P</KIND>
       <STEXT>Estructura para la posición del pedido de venta</STEXT>
       <INDEX> 004</INDEX>
      </RSFDO>
     </DOCUMENTATION>
    </item>
    <item>
     <FUNCNAME>ZSD_READ_SALESORDER_CASTRIP</FUNCNAME>
     <REMOTE_CALL>R</REMOTE_CALL>
     <SHORT_TEXT>Visualización de Pedidos VA03</SHORT_TEXT>
     <IMPORT>
      <RSIMP>
       <PARAMETER>IV_PEDIDO</PARAMETER>
       <TYP>VBELN_VA</TYP>
      </RSIMP>
     </IMPORT>
     <EXPORT>
      <RSEXP>
       <PARAMETER>EV_ERROR</PARAMETER>
       <TYP>BAPIRET2-MESSAGE</TYP>
      </RSEXP>
     </EXPORT>
     <TABLES>
      <RSTBL>
       <PARAMETER>T_HEADER</PARAMETER>
       <DBSTRUCT>ZTY_VA01K</DBSTRUCT>
      </RSTBL>
      <RSTBL>
       <PARAMETER>T_ITEMS</PARAMETER>
       <DBSTRUCT>ZTY_VA01P</DBSTRUCT>
      </RSTBL>
     </TABLES>
     <DOCUMENTATION>
      <RSFDO>
       <PARAMETER>IV_PEDIDO</PARAMETER>
       <KIND>P</KIND>
       <STEXT>Documento de ventas</STEXT>
       <INDEX> 001</INDEX>
      </RSFDO>
      <RSFDO>
       <PARAMETER>EV_ERROR</PARAMETER>
       <KIND>P</KIND>
       <STEXT>Texto de mensaje</STEXT>
       <INDEX> 002</INDEX>
      </RSFDO>
      <RSFDO>
       <PARAMETER>T_HEADER</PARAMETER>
       <KIND>P</KIND>
       <STEXT>Estructura para la cabecera del pedido de venta</STEXT>
       <INDEX> 003</INDEX>
      </RSFDO>
      <RSFDO>
       <PARAMETER>T_ITEMS</PARAMETER>
       <KIND>P</KIND>
       <STEXT>Estructura para la posición del pedido de venta</STEXT>
       <INDEX> 004</INDEX>
      </RSFDO>
     </DOCUMENTATION>
    </item>
    <item>
     <FUNCNAME>ZSD_SALESFORCE_AUTCRED</FUNCNAME>
     <REMOTE_CALL>R</REMOTE_CALL>
     <SHORT_TEXT>Bapi lectura autorizado por crédito</SHORT_TEXT>
     <IMPORT>
      <RSIMP>
       <PARAMETER>IV_ENTREGA</PARAMETER>
       <TYP>VBELN_VL</TYP>
      </RSIMP>
     </IMPORT>
     <EXPORT>
      <RSEXP>
       <PARAMETER>EV_ERROR</PARAMETER>
       <TYP>BAPI_MSG</TYP>
      </RSEXP>
      <RSEXP>
       <PARAMETER>EV_AUTCRED</PARAMETER>
       <TYP>CHAR1</TYP>
      </RSEXP>
     </EXPORT>
     <DOCUMENTATION>
      <RSFDO>
       <PARAMETER>IV_ENTREGA</PARAMETER>
       <KIND>P</KIND>
       <STEXT>Entrega</STEXT>
       <INDEX> 001</INDEX>
      </RSFDO>
      <RSFDO>
       <PARAMETER>EV_ERROR</PARAMETER>
       <KIND>P</KIND>
       <STEXT>Texto de mensaje</STEXT>
       <INDEX> 002</INDEX>
      </RSFDO>
      <RSFDO>
       <PARAMETER>EV_AUTCRED</PARAMETER>
       <KIND>P</KIND>
       <STEXT>Indicador de una posición</STEXT>
       <INDEX> 003</INDEX>
      </RSFDO>
     </DOCUMENTATION>
    </item>
    <item>
     <FUNCNAME>ZSD_SALESFORCE_AUTVTA</FUNCNAME>
     <REMOTE_CALL>R</REMOTE_CALL>
     <SHORT_TEXT>Bapi lectura autorizado por ventas</SHORT_TEXT>
     <IMPORT>
      <RSIMP>
       <PARAMETER>IV_PEDIDO</PARAMETER>
       <TYP>VBELN_VA</TYP>
      </RSIMP>
     </IMPORT>
     <EXPORT>
      <RSEXP>
       <PARAMETER>EV_ERROR</PARAMETER>
       <TYP>BAPI_MSG</TYP>
      </RSEXP>
      <RSEXP>
       <PARAMETER>EV_AUTVTA</PARAMETER>
       <TYP>CHAR1</TYP>
      </RSEXP>
     </EXPORT>
     <DOCUMENTATION>
      <RSFDO>
       <PARAMETER>IV_PEDIDO</PARAMETER>
       <KIND>P</KIND>
       <STEXT>Documento de ventas</STEXT>
       <INDEX> 001</INDEX>
      </RSFDO>
      <RSFDO>
       <PARAMETER>EV_ERROR</PARAMETER>
       <KIND>P</KIND>
       <STEXT>Texto de mensaje</STEXT>
       <INDEX> 002</INDEX>
      </RSFDO>
      <RSFDO>
       <PARAMETER>EV_AUTVTA</PARAMETER>
       <KIND>P</KIND>
       <STEXT>Indicador de una posición</STEXT>
       <INDEX> 003</INDEX>
      </RSFDO>
     </DOCUMENTATION>
    </item>
    <item>
     <FUNCNAME>ZSD_SALESFORCE_CIUDAD</FUNCNAME>
     <REMOTE_CALL>R</REMOTE_CALL>
     <SHORT_TEXT>Bapi lista de ciudades</SHORT_TEXT>
     <EXPORT>
      <RSEXP>
       <PARAMETER>EV_ERROR</PARAMETER>
       <TYP>BAPI_MSG</TYP>
      </RSEXP>
     </EXPORT>
     <TABLES>
      <RSTBL>
       <PARAMETER>IT_CIUDAD</PARAMETER>
       <DBSTRUCT>ZTY_SALESFORCE_CIUDAD</DBSTRUCT>
      </RSTBL>
     </TABLES>
     <DOCUMENTATION>
      <RSFDO>
       <PARAMETER>EV_ERROR</PARAMETER>
       <KIND>P</KIND>
       <STEXT>Texto de mensaje</STEXT>
       <INDEX> 001</INDEX>
      </RSFDO>
      <RSFDO>
       <PARAMETER>IT_CIUDAD</PARAMETER>
       <KIND>P</KIND>
       <STEXT>Estructura de salesforce para listado de ciudades</STEXT>
       <INDEX> 002</INDEX>
      </RSFDO>
     </DOCUMENTATION>
    </item>
    <item>
     <FUNCNAME>ZSD_SALESFORCE_CONTACTO</FUNCNAME>
     <REMOTE_CALL>R</REMOTE_CALL>
     <SHORT_TEXT>Bapi listado de contactos</SHORT_TEXT>
     <IMPORT>
      <RSIMP>
       <PARAMETER>IV_FECHA</PARAMETER>
       <TYP>DATUM</TYP>
      </RSIMP>
     </IMPORT>
     <EXPORT>
      <RSEXP>
       <PARAMETER>EV_ERROR</PARAMETER>
       <TYP>BAPI_MSG</TYP>
      </RSEXP>
     </EXPORT>
     <TABLES>
      <RSTBL>
       <PARAMETER>IT_CONTACTOS</PARAMETER>
       <DBSTRUCT>ZTY_SALESFORCE_CONTACTOS</DBSTRUCT>
      </RSTBL>
     </TABLES>
     <DOCUMENTATION>
      <RSFDO>
       <PARAMETER>IV_FECHA</PARAMETER>
       <KIND>P</KIND>
       <STEXT>Fecha</STEXT>
       <INDEX> 001</INDEX>
      </RSFDO>
      <RSFDO>
       <PARAMETER>EV_ERROR</PARAMETER>
       <KIND>P</KIND>
       <STEXT>Texto de mensaje</STEXT>
       <INDEX> 002</INDEX>
      </RSFDO>
      <RSFDO>
       <PARAMETER>IT_CONTACTOS</PARAMETER>
       <KIND>P</KIND>
       <STEXT>Estructura de salesforce para contactos</STEXT>
       <INDEX> 003</INDEX>
      </RSFDO>
     </DOCUMENTATION>
    </item>
    <item>
     <FUNCNAME>ZSD_SALESFORCE_CUENTA</FUNCNAME>
     <REMOTE_CALL>R</REMOTE_CALL>
     <SHORT_TEXT>Bapi listado de cuentas</SHORT_TEXT>
     <IMPORT>
      <RSIMP>
       <PARAMETER>IV_FECHA</PARAMETER>
       <TYP>DATUM</TYP>
      </RSIMP>
     </IMPORT>
     <EXPORT>
      <RSEXP>
       <PARAMETER>EV_ERROR</PARAMETER>
       <TYP>BAPI_MSG</TYP>
      </RSEXP>
     </EXPORT>
     <TABLES>
      <RSTBL>
       <PARAMETER>IT_CUENTAS</PARAMETER>
       <DBSTRUCT>ZTY_SALESFORCE_CUENTAS</DBSTRUCT>
      </RSTBL>
     </TABLES>
     <DOCUMENTATION>
      <RSFDO>
       <PARAMETER>IV_FECHA</PARAMETER>
       <KIND>P</KIND>
       <STEXT>Fecha</STEXT>
       <INDEX> 001</INDEX>
      </RSFDO>
      <RSFDO>
       <PARAMETER>EV_ERROR</PARAMETER>
       <KIND>P</KIND>
       <STEXT>Texto de mensaje</STEXT>
       <INDEX> 002</INDEX>
      </RSFDO>
      <RSFDO>
       <PARAMETER>IT_CUENTAS</PARAMETER>
       <KIND>P</KIND>
       <STEXT>Estructura de salesforce para cuentas</STEXT>
       <INDEX> 003</INDEX>
      </RSFDO>
     </DOCUMENTATION>
    </item>
    <item>
     <FUNCNAME>ZSD_SALESFORCE_DESTINATARIO</FUNCNAME>
     <REMOTE_CALL>R</REMOTE_CALL>
     <SHORT_TEXT>Bapi listado de destinatarios</SHORT_TEXT>
     <IMPORT>
      <RSIMP>
       <PARAMETER>IV_FECHA</PARAMETER>
       <TYP>DATUM</TYP>
      </RSIMP>
     </IMPORT>
     <EXPORT>
      <RSEXP>
       <PARAMETER>EV_ERROR</PARAMETER>
       <TYP>BAPI_MSG</TYP>
      </RSEXP>
     </EXPORT>
     <TABLES>
      <RSTBL>
       <PARAMETER>IT_DESTINATARIOS</PARAMETER>
       <TYPES>O</TYPES>
       <TYP>ZTY_SALESFORCE_DESTINATARIOS</TYP>
      </RSTBL>
     </TABLES>
     <DOCUMENTATION>
      <RSFDO>
       <PARAMETER>IV_FECHA</PARAMETER>
       <KIND>P</KIND>
       <STEXT>Fecha</STEXT>
       <INDEX> 001</INDEX>
      </RSFDO>
      <RSFDO>
       <PARAMETER>EV_ERROR</PARAMETER>
       <KIND>P</KIND>
       <STEXT>Texto de mensaje</STEXT>
       <INDEX> 002</INDEX>
      </RSFDO>
      <RSFDO>
       <PARAMETER>IT_DESTINATARIOS</PARAMETER>
       <KIND>P</KIND>
       <STEXT>Estructura de salesforce para destinatarios</STEXT>
       <INDEX> 003</INDEX>
      </RSFDO>
     </DOCUMENTATION>
    </item>
    <item>
     <FUNCNAME>ZSD_SALESFORCE_EDOCUENTA</FUNCNAME>
     <REMOTE_CALL>R</REMOTE_CALL>
     <SHORT_TEXT>Bapi listado de estado de cuenta</SHORT_TEXT>
     <IMPORT>
      <RSIMP>
       <PARAMETER>IV_FECHA</PARAMETER>
       <TYP>DATUM</TYP>
      </RSIMP>
     </IMPORT>
     <EXPORT>
      <RSEXP>
       <PARAMETER>EV_ERROR</PARAMETER>
       <TYP>BAPI_MSG</TYP>
      </RSEXP>
     </EXPORT>
     <TABLES>
      <RSTBL>
       <PARAMETER>IT_EDOCUENTA</PARAMETER>
       <DBSTRUCT>ZTY_SALESFORCE_EDOCUENTA</DBSTRUCT>
      </RSTBL>
     </TABLES>
     <DOCUMENTATION>
      <RSFDO>
       <PARAMETER>IV_FECHA</PARAMETER>
       <KIND>P</KIND>
       <STEXT>Fecha</STEXT>
       <INDEX> 001</INDEX>
      </RSFDO>
      <RSFDO>
       <PARAMETER>EV_ERROR</PARAMETER>
       <KIND>P</KIND>
       <STEXT>Texto de mensaje</STEXT>
       <INDEX> 002</INDEX>
      </RSFDO>
      <RSFDO>
       <PARAMETER>IT_EDOCUENTA</PARAMETER>
       <KIND>P</KIND>
       <STEXT>Estructura de salesforce para estado de cuenta</STEXT>
       <INDEX> 003</INDEX>
      </RSFDO>
     </DOCUMENTATION>
    </item>
    <item>
     <FUNCNAME>ZSD_SALESFORCE_ENTREGAS</FUNCNAME>
     <REMOTE_CALL>R</REMOTE_CALL>
     <SHORT_TEXT>Bapi listado de entregas</SHORT_TEXT>
     <IMPORT>
      <RSIMP>
       <PARAMETER>IV_FECHA</PARAMETER>
       <TYP>DATUM</TYP>
      </RSIMP>
     </IMPORT>
     <EXPORT>
      <RSEXP>
       <PARAMETER>EV_ERROR</PARAMETER>
       <TYP>BAPI_MSG</TYP>
      </RSEXP>
     </EXPORT>
     <TABLES>
      <RSTBL>
       <PARAMETER>IT_ENTREGAS</PARAMETER>
       <DBSTRUCT>ZTY_SALESFORCE_ENTREGAS</DBSTRUCT>
      </RSTBL>
     </TABLES>
     <DOCUMENTATION>
      <RSFDO>
       <PARAMETER>IV_FECHA</PARAMETER>
       <KIND>P</KIND>
       <STEXT>Fecha</STEXT>
       <INDEX> 001</INDEX>
      </RSFDO>
      <RSFDO>
       <PARAMETER>EV_ERROR</PARAMETER>
       <KIND>P</KIND>
       <STEXT>Texto de mensaje</STEXT>
       <INDEX> 002</INDEX>
      </RSFDO>
      <RSFDO>
       <PARAMETER>IT_ENTREGAS</PARAMETER>
       <KIND>P</KIND>
       <STEXT>Estructura de salesforce para entregas</STEXT>
       <INDEX> 003</INDEX>
      </RSFDO>
     </DOCUMENTATION>
    </item>
    <item>
     <FUNCNAME>ZSD_SALESFORCE_ENTREGAS_DET</FUNCNAME>
     <REMOTE_CALL>R</REMOTE_CALL>
     <SHORT_TEXT>Bapi listado detallado de entregas</SHORT_TEXT>
     <IMPORT>
      <RSIMP>
       <PARAMETER>IV_FECHA</PARAMETER>
       <TYP>DATUM</TYP>
      </RSIMP>
     </IMPORT>
     <EXPORT>
      <RSEXP>
       <PARAMETER>EV_ERROR</PARAMETER>
       <TYP>BAPI_MSG</TYP>
      </RSEXP>
     </EXPORT>
     <TABLES>
      <RSTBL>
       <PARAMETER>IT_ENTREGAS</PARAMETER>
       <DBSTRUCT>ZTY_SALESFORCE_ENTREGAS</DBSTRUCT>
      </RSTBL>
     </TABLES>
     <DOCUMENTATION>
      <RSFDO>
       <PARAMETER>IV_FECHA</PARAMETER>
       <KIND>P</KIND>
       <STEXT>Fecha</STEXT>
       <INDEX> 001</INDEX>
      </RSFDO>
      <RSFDO>
       <PARAMETER>EV_ERROR</PARAMETER>
       <KIND>P</KIND>
       <STEXT>Texto de mensaje</STEXT>
       <INDEX> 002</INDEX>
      </RSFDO>
      <RSFDO>
       <PARAMETER>IT_ENTREGAS</PARAMETER>
       <KIND>P</KIND>
       <STEXT>Estructura de salesforce para entregas</STEXT>
       <INDEX> 003</INDEX>
      </RSFDO>
     </DOCUMENTATION>
    </item>
    <item>
     <FUNCNAME>ZSD_SALESFORCE_FACTORPESO</FUNCNAME>
     <REMOTE_CALL>R</REMOTE_CALL>
     <SHORT_TEXT>Bapi listado factor de pesos</SHORT_TEXT>
     <EXPORT>
      <RSEXP>
       <PARAMETER>EV_ERROR</PARAMETER>
       <TYP>BAPI_MSG</TYP>
      </RSEXP>
     </EXPORT>
     <TABLES>
      <RSTBL>
       <PARAMETER>IT_FACTOR</PARAMETER>
       <DBSTRUCT>ZTY_SALESFORCE_FACTORPESO</DBSTRUCT>
      </RSTBL>
     </TABLES>
     <DOCUMENTATION>
      <RSFDO>
       <PARAMETER>EV_ERROR</PARAMETER>
       <KIND>P</KIND>
       <STEXT>Texto de mensaje</STEXT>
       <INDEX> 001</INDEX>
      </RSFDO>
      <RSFDO>
       <PARAMETER>IT_FACTOR</PARAMETER>
       <KIND>P</KIND>
       <STEXT>Estructura de salesforce para Factor de Peso</STEXT>
       <INDEX> 002</INDEX>
      </RSFDO>
     </DOCUMENTATION>
    </item>
    <item>
     <FUNCNAME>ZSD_SALESFORCE_FACTVENTAS</FUNCNAME>
     <REMOTE_CALL>R</REMOTE_CALL>
     <SHORT_TEXT>Bapi listado de cuentas</SHORT_TEXT>
     <IMPORT>
      <RSIMP>
       <PARAMETER>IV_FECHA</PARAMETER>
       <TYP>DATUM</TYP>
      </RSIMP>
     </IMPORT>
     <EXPORT>
      <RSEXP>
       <PARAMETER>EV_ERROR</PARAMETER>
       <TYP>BAPI_MSG</TYP>
      </RSEXP>
     </EXPORT>
     <TABLES>
      <RSTBL>
       <PARAMETER>IT_FACTVENTAS</PARAMETER>
       <DBSTRUCT>ZTY_REVFACTURA</DBSTRUCT>
      </RSTBL>
     </TABLES>
     <DOCUMENTATION>
      <RSFDO>
       <PARAMETER>IV_FECHA</PARAMETER>
       <KIND>P</KIND>
       <STEXT>Fecha</STEXT>
       <INDEX> 001</INDEX>
      </RSFDO>
      <RSFDO>
       <PARAMETER>EV_ERROR</PARAMETER>
       <KIND>P</KIND>
       <STEXT>Texto de mensaje</STEXT>
       <INDEX> 002</INDEX>
      </RSFDO>
      <RSFDO>
       <PARAMETER>IT_FACTVENTAS</PARAMETER>
       <KIND>P</KIND>
       <STEXT>Tabla que almacena datos de TX ZFI006</STEXT>
       <INDEX> 003</INDEX>
      </RSFDO>
     </DOCUMENTATION>
    </item>
    <item>
     <FUNCNAME>ZSD_SALESFORCE_FACTVENTAS_ANT</FUNCNAME>
     <REMOTE_CALL>R</REMOTE_CALL>
     <SHORT_TEXT>Bapi listado de cuentas</SHORT_TEXT>
     <IMPORT>
      <RSIMP>
       <PARAMETER>IV_FECHA</PARAMETER>
       <TYP>DATUM</TYP>
      </RSIMP>
     </IMPORT>
     <EXPORT>
      <RSEXP>
       <PARAMETER>EV_ERROR</PARAMETER>
       <TYP>BAPI_MSG</TYP>
      </RSEXP>
     </EXPORT>
     <TABLES>
      <RSTBL>
       <PARAMETER>IT_FACTVENTAS</PARAMETER>
       <DBSTRUCT>ZTY_REVFACTURA</DBSTRUCT>
      </RSTBL>
     </TABLES>
     <DOCUMENTATION>
      <RSFDO>
       <PARAMETER>IV_FECHA</PARAMETER>
       <KIND>P</KIND>
       <STEXT>Fecha</STEXT>
       <INDEX> 001</INDEX>
      </RSFDO>
      <RSFDO>
       <PARAMETER>EV_ERROR</PARAMETER>
       <KIND>P</KIND>
       <STEXT>Texto de mensaje</STEXT>
       <INDEX> 002</INDEX>
      </RSFDO>
      <RSFDO>
       <PARAMETER>IT_FACTVENTAS</PARAMETER>
       <KIND>P</KIND>
       <STEXT>Tabla que almacena datos de TX ZFI006</STEXT>
       <INDEX> 003</INDEX>
      </RSFDO>
     </DOCUMENTATION>
    </item>
    <item>
     <FUNCNAME>ZSD_SALESFORCE_FLETE</FUNCNAME>
     <REMOTE_CALL>R</REMOTE_CALL>
     <SHORT_TEXT>Bapi listado de fletes</SHORT_TEXT>
     <EXPORT>
      <RSEXP>
       <PARAMETER>EV_ERROR</PARAMETER>
       <TYP>BAPI_MSG</TYP>
      </RSEXP>
     </EXPORT>
     <TABLES>
      <RSTBL>
       <PARAMETER>IT_FLETE</PARAMETER>
       <DBSTRUCT>ZTY_SALESFORCE_FLETE</DBSTRUCT>
      </RSTBL>
     </TABLES>
     <DOCUMENTATION>
      <RSFDO>
       <PARAMETER>EV_ERROR</PARAMETER>
       <KIND>P</KIND>
       <STEXT>Texto de mensaje</STEXT>
       <INDEX> 001</INDEX>
      </RSFDO>
      <RSFDO>
       <PARAMETER>IT_FLETE</PARAMETER>
       <KIND>P</KIND>
       <STEXT>Estructura de Salesforce para fletes</STEXT>
       <INDEX> 002</INDEX>
      </RSFDO>
     </DOCUMENTATION>
    </item>
    <item>
     <FUNCNAME>ZSD_SALESFORCE_PEDIDOS</FUNCNAME>
     <REMOTE_CALL>R</REMOTE_CALL>
     <SHORT_TEXT>Bapi listado de pedidos</SHORT_TEXT>
     <IMPORT>
      <RSIMP>
       <PARAMETER>IV_FECHA</PARAMETER>
       <OPTIONAL>X</OPTIONAL>
       <TYP>DATUM</TYP>
      </RSIMP>
     </IMPORT>
     <EXPORT>
      <RSEXP>
       <PARAMETER>EV_ERROR</PARAMETER>
       <TYP>BAPI_MSG</TYP>
      </RSEXP>
     </EXPORT>
     <TABLES>
      <RSTBL>
       <PARAMETER>IT_PEDIDOS</PARAMETER>
       <DBSTRUCT>ZTY_SALESFORCE_PEDIDOS</DBSTRUCT>
      </RSTBL>
     </TABLES>
     <DOCUMENTATION>
      <RSFDO>
       <PARAMETER>IV_FECHA</PARAMETER>
       <KIND>P</KIND>
       <STEXT>Fecha</STEXT>
       <INDEX> 001</INDEX>
      </RSFDO>
      <RSFDO>
       <PARAMETER>EV_ERROR</PARAMETER>
       <KIND>P</KIND>
       <STEXT>Texto de mensaje</STEXT>
       <INDEX> 002</INDEX>
      </RSFDO>
      <RSFDO>
       <PARAMETER>IT_PEDIDOS</PARAMETER>
       <KIND>P</KIND>
       <STEXT>Estructura de salesforce para pedidos</STEXT>
       <INDEX> 003</INDEX>
      </RSFDO>
     </DOCUMENTATION>
    </item>
    <item>
     <FUNCNAME>ZSD_SALESFORCE_PEDIDOS_DET</FUNCNAME>
     <REMOTE_CALL>R</REMOTE_CALL>
     <SHORT_TEXT>Bapi listado detallado de pedidos</SHORT_TEXT>
     <IMPORT>
      <RSIMP>
       <PARAMETER>IV_FECHA</PARAMETER>
       <TYP>DATUM</TYP>
      </RSIMP>
     </IMPORT>
     <EXPORT>
      <RSEXP>
       <PARAMETER>EV_ERROR</PARAMETER>
       <TYP>BAPI_MSG</TYP>
      </RSEXP>
     </EXPORT>
     <TABLES>
      <RSTBL>
       <PARAMETER>IT_PEDIDOS</PARAMETER>
       <DBSTRUCT>ZTY_SALESFORCE_PEDIDOS</DBSTRUCT>
      </RSTBL>
     </TABLES>
     <DOCUMENTATION>
      <RSFDO>
       <PARAMETER>IV_FECHA</PARAMETER>
       <KIND>P</KIND>
       <STEXT>Fecha</STEXT>
       <INDEX> 001</INDEX>
      </RSFDO>
      <RSFDO>
       <PARAMETER>EV_ERROR</PARAMETER>
       <KIND>P</KIND>
       <STEXT>Texto de mensaje</STEXT>
       <INDEX> 002</INDEX>
      </RSFDO>
      <RSFDO>
       <PARAMETER>IT_PEDIDOS</PARAMETER>
       <KIND>P</KIND>
       <STEXT>Estructura de salesforce para pedidos</STEXT>
       <INDEX> 003</INDEX>
      </RSFDO>
     </DOCUMENTATION>
    </item>
    <item>
     <FUNCNAME>ZSD_SALESFORCE_PRESUPUESTO</FUNCNAME>
     <REMOTE_CALL>R</REMOTE_CALL>
     <SHORT_TEXT>Bapi presupuesto</SHORT_TEXT>
     <IMPORT>
      <RSIMP>
       <PARAMETER>IV_FECHA</PARAMETER>
       <TYP>DATUM</TYP>
      </RSIMP>
     </IMPORT>
     <EXPORT>
      <RSEXP>
       <PARAMETER>EV_ERROR</PARAMETER>
       <TYP>BAPI_MSG</TYP>
      </RSEXP>
     </EXPORT>
     <TABLES>
      <RSTBL>
       <PARAMETER>IT_FACTVENTAS</PARAMETER>
       <DBSTRUCT>ZTY_REVFACTURA</DBSTRUCT>
      </RSTBL>
     </TABLES>
     <DOCUMENTATION>
      <RSFDO>
       <PARAMETER>IV_FECHA</PARAMETER>
       <KIND>P</KIND>
       <STEXT>Fecha</STEXT>
       <INDEX> 001</INDEX>
      </RSFDO>
      <RSFDO>
       <PARAMETER>EV_ERROR</PARAMETER>
       <KIND>P</KIND>
       <STEXT>Texto de mensaje</STEXT>
       <INDEX> 002</INDEX>
      </RSFDO>
      <RSFDO>
       <PARAMETER>IT_FACTVENTAS</PARAMETER>
       <KIND>P</KIND>
       <STEXT>Tabla que almacena datos de TX ZFI006</STEXT>
       <INDEX> 003</INDEX>
      </RSFDO>
     </DOCUMENTATION>
    </item>
    <item>
     <FUNCNAME>ZSD_SALESFORCE_PRICEBOOK</FUNCNAME>
     <REMOTE_CALL>R</REMOTE_CALL>
     <SHORT_TEXT>Bapi lista de precios</SHORT_TEXT>
     <IMPORT>
      <RSIMP>
       <PARAMETER>IV_NOMBRE_LISTA</PARAMETER>
       <OPTIONAL>X</OPTIONAL>
       <TYP>CHAR30</TYP>
      </RSIMP>
      <RSIMP>
       <PARAMETER>IV_PORCENTAJE_VARIACION</PARAMETER>
       <OPTIONAL>X</OPTIONAL>
       <TYP>CHAR10</TYP>
      </RSIMP>
     </IMPORT>
     <EXPORT>
      <RSEXP>
       <PARAMETER>EV_ERROR</PARAMETER>
       <TYP>BAPI_MSG</TYP>
      </RSEXP>
     </EXPORT>
     <TABLES>
      <RSTBL>
       <PARAMETER>IT_PRICEBOOK</PARAMETER>
       <DBSTRUCT>ZTY_SALESFORCE_PRICEBOOK</DBSTRUCT>
      </RSTBL>
     </TABLES>
     <DOCUMENTATION>
      <RSFDO>
       <PARAMETER>IV_NOMBRE_LISTA</PARAMETER>
       <KIND>P</KIND>
       <STEXT>Nombre lista</STEXT>
       <INDEX> 001</INDEX>
      </RSFDO>
      <RSFDO>
       <PARAMETER>IV_PORCENTAJE_VARIACION</PARAMETER>
       <KIND>P</KIND>
       <STEXT>Porcentaje variacion</STEXT>
       <INDEX> 002</INDEX>
      </RSFDO>
      <RSFDO>
       <PARAMETER>EV_ERROR</PARAMETER>
       <KIND>P</KIND>
       <STEXT>Texto de mensaje</STEXT>
       <INDEX> 003</INDEX>
      </RSFDO>
      <RSFDO>
       <PARAMETER>IT_PRICEBOOK</PARAMETER>
       <KIND>P</KIND>
       <STEXT>Estructura de salesforce para libro de precios</STEXT>
       <INDEX> 004</INDEX>
      </RSFDO>
     </DOCUMENTATION>
    </item>
    <item>
     <FUNCNAME>ZSD_SALESFORCE_PRODUCTOS</FUNCNAME>
     <REMOTE_CALL>R</REMOTE_CALL>
     <SHORT_TEXT>Bapi listado de productos</SHORT_TEXT>
     <EXPORT>
      <RSEXP>
       <PARAMETER>EV_ERROR</PARAMETER>
       <TYP>BAPI_MSG</TYP>
      </RSEXP>
     </EXPORT>
     <TABLES>
      <RSTBL>
       <PARAMETER>IT_PRODUCTOS</PARAMETER>
       <DBSTRUCT>ZTY_SALESFORCE_PRICEBOOK</DBSTRUCT>
      </RSTBL>
     </TABLES>
     <DOCUMENTATION>
      <RSFDO>
       <PARAMETER>EV_ERROR</PARAMETER>
       <KIND>P</KIND>
       <STEXT>Texto de mensaje</STEXT>
       <INDEX> 001</INDEX>
      </RSFDO>
      <RSFDO>
       <PARAMETER>IT_PRODUCTOS</PARAMETER>
       <KIND>P</KIND>
       <STEXT>Estructura de salesforce para libro de precios</STEXT>
       <INDEX> 002</INDEX>
      </RSFDO>
     </DOCUMENTATION>
    </item>
    <item>
     <FUNCNAME>ZSD_UDP_TZONT</FUNCNAME>
     <SHORT_TEXT>Actualizacion de tabla TZONT</SHORT_TEXT>
    </item>
    <item>
     <FUNCNAME>ZSD_UPDATE_ADRC_CUSTOMER</FUNCNAME>
     <SHORT_TEXT>Bapi actualizar lat y long cliente</SHORT_TEXT>
    </item>
    <item>
     <FUNCNAME>ZSD_UPD_ESTATUS_CASTRIP</FUNCNAME>
     <REMOTE_CALL>R</REMOTE_CALL>
     <SHORT_TEXT>Actualización de estatus pedido Castrip</SHORT_TEXT>
     <IMPORT>
      <RSIMP>
       <PARAMETER>IV_PEDIDO</PARAMETER>
       <TYP>ZPEDCASTRIP-VBELN</TYP>
      </RSIMP>
      <RSIMP>
       <PARAMETER>IV_ESTATUS</PARAMETER>
       <TYP>ZPEDCASTRIP-ESTATUS</TYP>
      </RSIMP>
     </IMPORT>
     <EXPORT>
      <RSEXP>
       <PARAMETER>EV_MENSAJE</PARAMETER>
       <TYP>BAPIRET2-MESSAGE</TYP>
      </RSEXP>
     </EXPORT>
     <DOCUMENTATION>
      <RSFDO>
       <PARAMETER>IV_PEDIDO</PARAMETER>
       <KIND>P</KIND>
       <STEXT>Documento de ventas</STEXT>
       <INDEX> 001</INDEX>
      </RSFDO>
      <RSFDO>
       <PARAMETER>IV_ESTATUS</PARAMETER>
       <KIND>P</KIND>
       <STEXT>Estatus Produccion</STEXT>
       <INDEX> 002</INDEX>
      </RSFDO>
      <RSFDO>
       <PARAMETER>EV_MENSAJE</PARAMETER>
       <KIND>P</KIND>
       <STEXT>Texto de mensaje</STEXT>
       <INDEX> 003</INDEX>
      </RSFDO>
     </DOCUMENTATION>
    </item>
    <item>
     <FUNCNAME>ZSD_UPD_SALESFORCE_CONTACTO</FUNCNAME>
     <REMOTE_CALL>R</REMOTE_CALL>
     <SHORT_TEXT>Modificación de contacto salesforce</SHORT_TEXT>
     <IMPORT>
      <RSIMP>
       <PARAMETER>IV_CONTACTO</PARAMETER>
       <TYP>ZTY_SALESFORCE_CONTACTOS</TYP>
      </RSIMP>
     </IMPORT>
     <EXPORT>
      <RSEXP>
       <PARAMETER>EV_ERROR</PARAMETER>
       <TYP>BAPIRET2-MESSAGE</TYP>
      </RSEXP>
      <RSEXP>
       <PARAMETER>EV_CONTACTO</PARAMETER>
       <TYP>PARNR</TYP>
      </RSEXP>
     </EXPORT>
     <DOCUMENTATION>
      <RSFDO>
       <PARAMETER>IV_CONTACTO</PARAMETER>
       <KIND>P</KIND>
       <STEXT>Estructura de salesforce para contactos</STEXT>
       <INDEX> 001</INDEX>
      </RSFDO>
      <RSFDO>
       <PARAMETER>EV_ERROR</PARAMETER>
       <KIND>P</KIND>
       <STEXT>Texto de mensaje</STEXT>
       <INDEX> 002</INDEX>
      </RSFDO>
      <RSFDO>
       <PARAMETER>EV_CONTACTO</PARAMETER>
       <KIND>P</KIND>
       <STEXT>Número de la persona de contacto</STEXT>
       <INDEX> 003</INDEX>
      </RSFDO>
     </DOCUMENTATION>
    </item>
    <item>
     <FUNCNAME>ZSD_UPD_SALESFORCE_CONTACTO_V2</FUNCNAME>
     <REMOTE_CALL>R</REMOTE_CALL>
     <SHORT_TEXT>Creación de Contacto Salesforce desde Tabla</SHORT_TEXT>
     <TABLES>
      <RSTBL>
       <PARAMETER>IT_CONTACTOS</PARAMETER>
       <DBSTRUCT>ZTY_SALESFORCE_CONTACTOS</DBSTRUCT>
      </RSTBL>
     </TABLES>
     <DOCUMENTATION>
      <RSFDO>
       <PARAMETER>IT_CONTACTOS</PARAMETER>
       <KIND>P</KIND>
       <STEXT>Estructura de salesforce para contactos</STEXT>
       <INDEX> 001</INDEX>
      </RSFDO>
     </DOCUMENTATION>
    </item>
    <item>
     <FUNCNAME>ZSD_UPD_SALESFORCE_CUENTA</FUNCNAME>
     <REMOTE_CALL>R</REMOTE_CALL>
     <SHORT_TEXT>Creación de Cuenta Salesforce</SHORT_TEXT>
     <IMPORT>
      <RSIMP>
       <PARAMETER>IV_KNA1</PARAMETER>
       <TYP>KNA1</TYP>
      </RSIMP>
      <RSIMP>
       <PARAMETER>IV_KNB1</PARAMETER>
       <TYP>KNB1</TYP>
      </RSIMP>
      <RSIMP>
       <PARAMETER>IV_KNVV</PARAMETER>
       <TYP>KNVV</TYP>
      </RSIMP>
      <RSIMP>
       <PARAMETER>IV_ADDR</PARAMETER>
       <TYP>BAPIADDR1</TYP>
      </RSIMP>
      <RSIMP>
       <PARAMETER>IV_SEGURO</PARAMETER>
       <TYP>CHAR1</TYP>
      </RSIMP>
      <RSIMP>
       <PARAMETER>IV_IVA</PARAMETER>
       <TYP>CHAR2</TYP>
      </RSIMP>
     </IMPORT>
     <EXPORT>
      <RSEXP>
       <PARAMETER>EV_KUNNR</PARAMETER>
       <TYP>KNA1-KUNNR</TYP>
      </RSEXP>
      <RSEXP>
       <PARAMETER>EV_ERROR</PARAMETER>
       <TYP>BAPIRET2-MESSAGE</TYP>
      </RSEXP>
     </EXPORT>
     <DOCUMENTATION>
      <RSFDO>
       <PARAMETER>IV_KNA1</PARAMETER>
       <KIND>P</KIND>
       <STEXT>Maestro de clientes (parte general)</STEXT>
       <INDEX> 001</INDEX>
      </RSFDO>
      <RSFDO>
       <PARAMETER>IV_KNB1</PARAMETER>
       <KIND>P</KIND>
       <STEXT>Maestro de clientes (sociedad)</STEXT>
       <INDEX> 002</INDEX>
      </RSFDO>
      <RSFDO>
       <PARAMETER>IV_KNVV</PARAMETER>
       <KIND>P</KIND>
       <STEXT>Maestro de clientes datos comerciales</STEXT>
       <INDEX> 003</INDEX>
      </RSFDO>
      <RSFDO>
       <PARAMETER>IV_ADDR</PARAMETER>
       <KIND>P</KIND>
       <STEXT>Estructura de referencia BAPI p.direcciones (org./empresa)</STEXT>
       <INDEX> 004</INDEX>
      </RSFDO>
      <RSFDO>
       <PARAMETER>IV_SEGURO</PARAMETER>
       <KIND>P</KIND>
       <STEXT>Indicador de una posición</STEXT>
       <INDEX> 005</INDEX>
      </RSFDO>
      <RSFDO>
       <PARAMETER>IV_IVA</PARAMETER>
       <KIND>P</KIND>
       <STEXT>Componente del número de versión</STEXT>
       <INDEX> 006</INDEX>
      </RSFDO>
      <RSFDO>
       <PARAMETER>EV_KUNNR</PARAMETER>
       <KIND>P</KIND>
       <STEXT>Número de deudor</STEXT>
       <INDEX> 007</INDEX>
      </RSFDO>
      <RSFDO>
       <PARAMETER>EV_ERROR</PARAMETER>
       <KIND>P</KIND>
       <STEXT>Texto de mensaje</STEXT>
       <INDEX> 008</INDEX>
      </RSFDO>
     </DOCUMENTATION>
    </item>
    <item>
     <FUNCNAME>ZSD_UPD_SALESFORCE_CUENTA_V2</FUNCNAME>
     <REMOTE_CALL>R</REMOTE_CALL>
     <SHORT_TEXT>Creación de Cuenta Salesforce desde Tabla</SHORT_TEXT>
     <TABLES>
      <RSTBL>
       <PARAMETER>IT_CUENTAS</PARAMETER>
       <DBSTRUCT>ZTY_SALESFORCE_CUENTAS</DBSTRUCT>
      </RSTBL>
     </TABLES>
     <DOCUMENTATION>
      <RSFDO>
       <PARAMETER>IT_CUENTAS</PARAMETER>
       <KIND>P</KIND>
       <STEXT>Estructura de salesforce para cuentas</STEXT>
       <INDEX> 001</INDEX>
      </RSFDO>
     </DOCUMENTATION>
    </item>
    <item>
     <FUNCNAME>ZSD_UPD_SALESFORCE_DELIVERY</FUNCNAME>
     <REMOTE_CALL>R</REMOTE_CALL>
     <SHORT_TEXT>Bapi actualización entregas</SHORT_TEXT>
     <IMPORT>
      <RSIMP>
       <PARAMETER>IV_TIPO</PARAMETER>
       <OPTIONAL>X</OPTIONAL>
       <TYP>CHAR20</TYP>
      </RSIMP>
     </IMPORT>
     <EXPORT>
      <RSEXP>
       <PARAMETER>EV_ERROR</PARAMETER>
       <TYP>BAPI_MSG</TYP>
      </RSEXP>
     </EXPORT>
     <TABLES>
      <RSTBL>
       <PARAMETER>IT_PEDIDOS_CAB</PARAMETER>
       <DBSTRUCT>ZTY_SALESFORCE_PEDIDOS</DBSTRUCT>
      </RSTBL>
      <RSTBL>
       <PARAMETER>IT_PEDIDOS_DET</PARAMETER>
       <DBSTRUCT>ZTY_SALESFORCE_PEDIDOS</DBSTRUCT>
      </RSTBL>
      <RSTBL>
       <PARAMETER>IT_ENTREGAS</PARAMETER>
       <DBSTRUCT>ZTY_SALESFORCE_ENTREGAS</DBSTRUCT>
      </RSTBL>
     </TABLES>
     <DOCUMENTATION>
      <RSFDO>
       <PARAMETER>IV_TIPO</PARAMETER>
       <KIND>P</KIND>
       <STEXT>20 caract.</STEXT>
       <INDEX> 001</INDEX>
      </RSFDO>
      <RSFDO>
       <PARAMETER>EV_ERROR</PARAMETER>
       <KIND>P</KIND>
       <STEXT>Texto de mensaje</STEXT>
       <INDEX> 002</INDEX>
      </RSFDO>
      <RSFDO>
       <PARAMETER>IT_PEDIDOS_CAB</PARAMETER>
       <KIND>P</KIND>
       <STEXT>Estructura de salesforce para pedidos</STEXT>
       <INDEX> 003</INDEX>
      </RSFDO>
      <RSFDO>
       <PARAMETER>IT_PEDIDOS_DET</PARAMETER>
       <KIND>P</KIND>
       <STEXT>Estructura de salesforce para pedidos</STEXT>
       <INDEX> 004</INDEX>
      </RSFDO>
      <RSFDO>
       <PARAMETER>IT_ENTREGAS</PARAMETER>
       <KIND>P</KIND>
       <STEXT>Estructura de salesforce para entregas</STEXT>
       <INDEX> 005</INDEX>
      </RSFDO>
     </DOCUMENTATION>
    </item>
    <item>
     <FUNCNAME>ZSD_UPD_SALESFORCE_DESTINO</FUNCNAME>
     <REMOTE_CALL>R</REMOTE_CALL>
     <SHORT_TEXT>Creación de Destinatario Salesforce</SHORT_TEXT>
     <IMPORT>
      <RSIMP>
       <PARAMETER>IV_KNA1</PARAMETER>
       <OPTIONAL>X</OPTIONAL>
       <TYP>KNA1</TYP>
      </RSIMP>
      <RSIMP>
       <PARAMETER>IV_KNB1</PARAMETER>
       <OPTIONAL>X</OPTIONAL>
       <TYP>KNB1</TYP>
      </RSIMP>
      <RSIMP>
       <PARAMETER>IV_KNVV</PARAMETER>
       <OPTIONAL>X</OPTIONAL>
       <TYP>KNVV</TYP>
      </RSIMP>
      <RSIMP>
       <PARAMETER>IV_ADDR</PARAMETER>
       <TYP>BAPIADDR1</TYP>
      </RSIMP>
      <RSIMP>
       <PARAMETER>IV_SEGURO</PARAMETER>
       <OPTIONAL>X</OPTIONAL>
       <TYP>CHAR1</TYP>
      </RSIMP>
      <RSIMP>
       <PARAMETER>IV_IVA</PARAMETER>
       <OPTIONAL>X</OPTIONAL>
       <TYP>CHAR2</TYP>
      </RSIMP>
      <RSIMP>
       <PARAMETER>IV_CUENTA</PARAMETER>
       <OPTIONAL>X</OPTIONAL>
       <TYP>KUNNR</TYP>
      </RSIMP>
     </IMPORT>
     <EXPORT>
      <RSEXP>
       <PARAMETER>EV_KUNNR</PARAMETER>
       <TYP>KNA1-KUNNR</TYP>
      </RSEXP>
      <RSEXP>
       <PARAMETER>EV_ERROR</PARAMETER>
       <TYP>BAPIRET2-MESSAGE</TYP>
      </RSEXP>
     </EXPORT>
     <DOCUMENTATION>
      <RSFDO>
       <PARAMETER>IV_KNA1</PARAMETER>
       <KIND>P</KIND>
       <STEXT>Maestro de clientes (parte general)</STEXT>
       <INDEX> 001</INDEX>
      </RSFDO>
      <RSFDO>
       <PARAMETER>IV_KNB1</PARAMETER>
       <KIND>P</KIND>
       <STEXT>Maestro de clientes (sociedad)</STEXT>
       <INDEX> 002</INDEX>
      </RSFDO>
      <RSFDO>
       <PARAMETER>IV_KNVV</PARAMETER>
       <KIND>P</KIND>
       <STEXT>Maestro de clientes datos comerciales</STEXT>
       <INDEX> 003</INDEX>
      </RSFDO>
      <RSFDO>
       <PARAMETER>IV_ADDR</PARAMETER>
       <KIND>P</KIND>
       <STEXT>Estructura de referencia BAPI p.direcciones (org./empresa)</STEXT>
       <INDEX> 004</INDEX>
      </RSFDO>
      <RSFDO>
       <PARAMETER>IV_SEGURO</PARAMETER>
       <KIND>P</KIND>
       <STEXT>Indicador de una posición</STEXT>
       <INDEX> 005</INDEX>
      </RSFDO>
      <RSFDO>
       <PARAMETER>IV_IVA</PARAMETER>
       <KIND>P</KIND>
       <STEXT>Componente del número de versión</STEXT>
       <INDEX> 006</INDEX>
      </RSFDO>
      <RSFDO>
       <PARAMETER>IV_CUENTA</PARAMETER>
       <KIND>P</KIND>
       <STEXT>Número de deudor</STEXT>
       <INDEX> 007</INDEX>
      </RSFDO>
      <RSFDO>
       <PARAMETER>EV_KUNNR</PARAMETER>
       <KIND>P</KIND>
       <STEXT>Número de deudor</STEXT>
       <INDEX> 008</INDEX>
      </RSFDO>
      <RSFDO>
       <PARAMETER>EV_ERROR</PARAMETER>
       <KIND>P</KIND>
       <STEXT>Texto de mensaje</STEXT>
       <INDEX> 009</INDEX>
      </RSFDO>
     </DOCUMENTATION>
    </item>
    <item>
     <FUNCNAME>ZSD_UPD_SALESFORCE_DESTINO_V2</FUNCNAME>
     <REMOTE_CALL>R</REMOTE_CALL>
     <SHORT_TEXT>Creación de Destinatario Salesforce por Tabla</SHORT_TEXT>
     <TABLES>
      <RSTBL>
       <PARAMETER>IT_DESTINATARIO</PARAMETER>
       <TYPES>O</TYPES>
       <TYP>ZTY_SALESFORCE_DESTINATARIOS</TYP>
      </RSTBL>
     </TABLES>
     <DOCUMENTATION>
      <RSFDO>
       <PARAMETER>IT_DESTINATARIO</PARAMETER>
       <KIND>P</KIND>
       <STEXT>Estructura de salesforce para destinatarios</STEXT>
       <INDEX> 001</INDEX>
      </RSFDO>
     </DOCUMENTATION>
    </item>
    <item>
     <FUNCNAME>ZSD_UPD_SALESFORCE_ORDER</FUNCNAME>
     <REMOTE_CALL>R</REMOTE_CALL>
     <SHORT_TEXT>Creación de Pedidos Salesforce</SHORT_TEXT>
     <IMPORT>
      <RSIMP>
       <PARAMETER>IV_HEADER</PARAMETER>
       <TYP>ZTY_VA01K</TYP>
      </RSIMP>
      <RSIMP>
       <PARAMETER>IV_TEST</PARAMETER>
       <OPTIONAL>X</OPTIONAL>
       <TYP>BAPIFLAG-BAPIFLAG</TYP>
      </RSIMP>
      <RSIMP>
       <PARAMETER>IV_VBELN</PARAMETER>
       <TYP>VBELN_VA</TYP>
      </RSIMP>
     </IMPORT>
     <EXPORT>
      <RSEXP>
       <PARAMETER>EV_VBELN</PARAMETER>
       <TYP>BAPIVBELN-VBELN</TYP>
      </RSEXP>
      <RSEXP>
       <PARAMETER>EV_ERROR</PARAMETER>
       <TYP>BAPIRET2-MESSAGE</TYP>
      </RSEXP>
      <RSEXP>
       <PARAMETER>EV_AUTVTA</PARAMETER>
       <TYP>CHAR1</TYP>
      </RSEXP>
     </EXPORT>
     <TABLES>
      <RSTBL>
       <PARAMETER>T_ITEMS</PARAMETER>
       <DBSTRUCT>ZTY_VA01P</DBSTRUCT>
      </RSTBL>
     </TABLES>
     <DOCUMENTATION>
      <RSFDO>
       <PARAMETER>IV_HEADER</PARAMETER>
       <KIND>P</KIND>
       <STEXT>Estructura para la cabecera del pedido de venta</STEXT>
       <INDEX> 001</INDEX>
      </RSFDO>
      <RSFDO>
       <PARAMETER>IV_TEST</PARAMETER>
       <KIND>P</KIND>
       <STEXT>Indicador de una posición</STEXT>
       <INDEX> 002</INDEX>
      </RSFDO>
      <RSFDO>
       <PARAMETER>IV_VBELN</PARAMETER>
       <KIND>P</KIND>
       <STEXT>Documento de ventas</STEXT>
       <INDEX> 003</INDEX>
      </RSFDO>
      <RSFDO>
       <PARAMETER>EV_VBELN</PARAMETER>
       <KIND>P</KIND>
       <STEXT>Documento de ventas</STEXT>
       <INDEX> 004</INDEX>
      </RSFDO>
      <RSFDO>
       <PARAMETER>EV_ERROR</PARAMETER>
       <KIND>P</KIND>
       <STEXT>Texto de mensaje</STEXT>
       <INDEX> 005</INDEX>
      </RSFDO>
      <RSFDO>
       <PARAMETER>EV_AUTVTA</PARAMETER>
       <KIND>P</KIND>
       <STEXT>Indicador de una posición</STEXT>
       <INDEX> 006</INDEX>
      </RSFDO>
      <RSFDO>
       <PARAMETER>T_ITEMS</PARAMETER>
       <KIND>P</KIND>
       <STEXT>Estructura para la posición del pedido de venta</STEXT>
       <INDEX> 007</INDEX>
      </RSFDO>
     </DOCUMENTATION>
    </item>
    <item>
     <FUNCNAME>ZSD_UPD_SALESORDER_CASTRIP</FUNCNAME>
     <REMOTE_CALL>R</REMOTE_CALL>
     <SHORT_TEXT>Creación de Pedidos VA01</SHORT_TEXT>
     <IMPORT>
      <RSIMP>
       <PARAMETER>IV_HEADER</PARAMETER>
       <TYP>ZTY_VA01K</TYP>
      </RSIMP>
      <RSIMP>
       <PARAMETER>IV_TEST</PARAMETER>
       <OPTIONAL>X</OPTIONAL>
       <TYP>BAPIFLAG-BAPIFLAG</TYP>
      </RSIMP>
      <RSIMP>
       <PARAMETER>IV_VBELN</PARAMETER>
       <TYP>VBELN_VA</TYP>
      </RSIMP>
     </IMPORT>
     <EXPORT>
      <RSEXP>
       <PARAMETER>EV_VBELN</PARAMETER>
       <TYP>BAPIVBELN-VBELN</TYP>
      </RSEXP>
      <RSEXP>
       <PARAMETER>EV_ERROR</PARAMETER>
       <TYP>BAPIRET2-MESSAGE</TYP>
      </RSEXP>
      <RSEXP>
       <PARAMETER>EV_AUTVTA</PARAMETER>
       <TYP>CHAR1</TYP>
      </RSEXP>
     </EXPORT>
     <TABLES>
      <RSTBL>
       <PARAMETER>T_ITEMS</PARAMETER>
       <DBSTRUCT>ZTY_VA01P</DBSTRUCT>
      </RSTBL>
     </TABLES>
     <DOCUMENTATION>
      <RSFDO>
       <PARAMETER>IV_HEADER</PARAMETER>
       <KIND>P</KIND>
       <STEXT>Estructura para la cabecera del pedido de venta</STEXT>
       <INDEX> 001</INDEX>
      </RSFDO>
      <RSFDO>
       <PARAMETER>IV_TEST</PARAMETER>
       <KIND>P</KIND>
       <STEXT>Indicador de una posición</STEXT>
       <INDEX> 002</INDEX>
      </RSFDO>
      <RSFDO>
       <PARAMETER>IV_VBELN</PARAMETER>
       <KIND>P</KIND>
       <STEXT>Documento de ventas</STEXT>
       <INDEX> 003</INDEX>
      </RSFDO>
      <RSFDO>
       <PARAMETER>EV_VBELN</PARAMETER>
       <KIND>P</KIND>
       <STEXT>Documento de ventas</STEXT>
       <INDEX> 004</INDEX>
      </RSFDO>
      <RSFDO>
       <PARAMETER>EV_ERROR</PARAMETER>
       <KIND>P</KIND>
       <STEXT>Texto de mensaje</STEXT>
       <INDEX> 005</INDEX>
      </RSFDO>
      <RSFDO>
       <PARAMETER>EV_AUTVTA</PARAMETER>
       <KIND>P</KIND>
       <STEXT>Indicador de una posición</STEXT>
       <INDEX> 006</INDEX>
      </RSFDO>
      <RSFDO>
       <PARAMETER>T_ITEMS</PARAMETER>
       <KIND>P</KIND>
       <STEXT>Estructura para la posición del pedido de venta</STEXT>
       <INDEX> 007</INDEX>
      </RSFDO>
     </DOCUMENTATION>
    </item>
   </FUNCTIONS>
  </asx:values>
 </asx:abap>
</abapGit>
