﻿<?xml version="1.0" encoding="utf-8"?>
<abapGit version="v1.0.0" serializer="LCL_OBJECT_FUGR" serializer_version="v1.0.0">
 <asx:abap xmlns:asx="http://www.sap.com/abapxml" version="1.0">
  <asx:values>
   <AREAT>Actualiz.tablas ampliada (generada)</AREAT>
   <INCLUDES>
    <SOBJ_NAME>LZSD_MIROATTACHF00</SOBJ_NAME>
    <SOBJ_NAME>LZSD_MIROATTACHI00</SOBJ_NAME>
    <SOBJ_NAME>LZSD_MIROATTACHTOP</SOBJ_NAME>
    <SOBJ_NAME>LZSD_MIROATTACHT00</SOBJ_NAME>
    <SOBJ_NAME>SAPLZSD_MIROATTACH</SOBJ_NAME>
   </INCLUDES>
   <FUNCTIONS>
    <item>
     <FUNCNAME>TABLEFRAME_ZSD_MIROATTACH</FUNCNAME>
     <SHORT_TEXT>Actualiz.ampliada tabla, niv.superior</SHORT_TEXT>
     <IMPORT>
      <RSIMP>
       <PARAMETER>VIEW_ACTION</PARAMETER>
       <DEFAULT>&apos;S&apos;</DEFAULT>
      </RSIMP>
      <RSIMP>
       <PARAMETER>VIEW_NAME</PARAMETER>
       <DBFIELD>DD02V-TABNAME</DBFIELD>
      </RSIMP>
      <RSIMP>
       <PARAMETER>CORR_NUMBER</PARAMETER>
       <DBFIELD>E070-TRKORR</DBFIELD>
       <DEFAULT>&apos; &apos;</DEFAULT>
      </RSIMP>
     </IMPORT>
     <TABLES>
      <RSTBL>
       <PARAMETER>DBA_SELLIST</PARAMETER>
       <DBSTRUCT>VIMSELLIST</DBSTRUCT>
      </RSTBL>
      <RSTBL>
       <PARAMETER>DPL_SELLIST</PARAMETER>
       <DBSTRUCT>VIMSELLIST</DBSTRUCT>
      </RSTBL>
      <RSTBL>
       <PARAMETER>EXCL_CUA_FUNCT</PARAMETER>
       <DBSTRUCT>VIMEXCLFUN</DBSTRUCT>
      </RSTBL>
      <RSTBL>
       <PARAMETER>X_HEADER</PARAMETER>
       <DBSTRUCT>VIMDESC</DBSTRUCT>
      </RSTBL>
      <RSTBL>
       <PARAMETER>X_NAMTAB</PARAMETER>
       <DBSTRUCT>VIMNAMTAB</DBSTRUCT>
      </RSTBL>
     </TABLES>
     <EXCEPTION>
      <RSEXC>
       <EXCEPTION>MISSING_CORR_NUMBER</EXCEPTION>
      </RSEXC>
     </EXCEPTION>
     <DOCUMENTATION>
      <RSFDO>
       <PARAMETER>VIEW_ACTION</PARAMETER>
       <KIND>P</KIND>
       <STEXT>Aktion mit Tabelle: anz./änd./transp. (S/U/T)</STEXT>
       <INDEX> 001</INDEX>
      </RSFDO>
      <RSFDO>
       <PARAMETER>VIEW_NAME</PARAMETER>
       <KIND>P</KIND>
       <STEXT>Name der Tabelle</STEXT>
       <INDEX> 002</INDEX>
      </RSFDO>
      <RSFDO>
       <PARAMETER>CORR_NUMBER</PARAMETER>
       <KIND>P</KIND>
       <STEXT>Korrekturnummer für durchgeführte Änderungen</STEXT>
       <INDEX> 003</INDEX>
      </RSFDO>
      <RSFDO>
       <PARAMETER>DBA_SELLIST</PARAMETER>
       <KIND>P</KIND>
       <STEXT>Selektionsbedingungen für den DB-Zugriff</STEXT>
       <INDEX> 004</INDEX>
      </RSFDO>
      <RSFDO>
       <PARAMETER>DPL_SELLIST</PARAMETER>
       <KIND>P</KIND>
       <STEXT>Selektionsbedingungen für die Anzeige</STEXT>
       <INDEX> 005</INDEX>
      </RSFDO>
      <RSFDO>
       <PARAMETER>EXCL_CUA_FUNCT</PARAMETER>
       <KIND>P</KIND>
       <STEXT>Tabelle mit dynam. zu deaktivierenden CUA-Funkt.</STEXT>
       <INDEX> 006</INDEX>
      </RSFDO>
      <RSFDO>
       <PARAMETER>X_HEADER</PARAMETER>
       <KIND>P</KIND>
       <STEXT>Kontrollblocktabelle für die Tabelle</STEXT>
       <INDEX> 007</INDEX>
      </RSFDO>
      <RSFDO>
       <PARAMETER>X_NAMTAB</PARAMETER>
       <KIND>P</KIND>
       <STEXT>Kontrollblocktabelle für die Tabellen-Felder</STEXT>
       <INDEX> 008</INDEX>
      </RSFDO>
      <RSFDO>
       <PARAMETER>MISSING_CORR_NUMBER</PARAMETER>
       <KIND>X</KIND>
       <STEXT>Korrekturnummer fehlt</STEXT>
       <INDEX> 009</INDEX>
      </RSFDO>
     </DOCUMENTATION>
    </item>
    <item>
     <FUNCNAME>TABLEPROC_ZSD_MIROATTACH</FUNCNAME>
     <GLOBAL_FLAG>X</GLOBAL_FLAG>
     <SHORT_TEXT>Actualiz.ampliada tabla, niv.inferior</SHORT_TEXT>
     <IMPORT>
      <RSIMP>
       <PARAMETER>FCODE</PARAMETER>
       <DEFAULT>&apos;RDED&apos;</DEFAULT>
      </RSIMP>
      <RSIMP>
       <PARAMETER>VIEW_ACTION</PARAMETER>
       <DEFAULT>&apos;S&apos;</DEFAULT>
      </RSIMP>
      <RSIMP>
       <PARAMETER>VIEW_NAME</PARAMETER>
       <DBFIELD>DD02V-TABNAME</DBFIELD>
      </RSIMP>
      <RSIMP>
       <PARAMETER>CORR_NUMBER</PARAMETER>
       <DBFIELD>E070-TRKORR</DBFIELD>
       <DEFAULT>&apos; &apos;</DEFAULT>
      </RSIMP>
     </IMPORT>
     <EXPORT>
      <RSEXP>
       <PARAMETER>LAST_ACT_ENTRY</PARAMETER>
      </RSEXP>
      <RSEXP>
       <PARAMETER>UCOMM</PARAMETER>
      </RSEXP>
      <RSEXP>
       <PARAMETER>UPDATE_REQUIRED</PARAMETER>
      </RSEXP>
     </EXPORT>
     <TABLES>
      <RSTBL>
       <PARAMETER>CORR_KEYTAB</PARAMETER>
       <DBSTRUCT>E071K</DBSTRUCT>
      </RSTBL>
      <RSTBL>
       <PARAMETER>DBA_SELLIST</PARAMETER>
       <DBSTRUCT>VIMSELLIST</DBSTRUCT>
      </RSTBL>
      <RSTBL>
       <PARAMETER>DPL_SELLIST</PARAMETER>
       <DBSTRUCT>VIMSELLIST</DBSTRUCT>
      </RSTBL>
      <RSTBL>
       <PARAMETER>EXCL_CUA_FUNCT</PARAMETER>
       <DBSTRUCT>VIMEXCLFUN</DBSTRUCT>
      </RSTBL>
      <RSTBL>
       <PARAMETER>EXTRACT</PARAMETER>
      </RSTBL>
      <RSTBL>
       <PARAMETER>TOTAL</PARAMETER>
      </RSTBL>
      <RSTBL>
       <PARAMETER>X_HEADER</PARAMETER>
       <DBSTRUCT>VIMDESC</DBSTRUCT>
      </RSTBL>
      <RSTBL>
       <PARAMETER>X_NAMTAB</PARAMETER>
       <DBSTRUCT>VIMNAMTAB</DBSTRUCT>
      </RSTBL>
     </TABLES>
     <EXCEPTION>
      <RSEXC>
       <EXCEPTION>MISSING_CORR_NUMBER</EXCEPTION>
      </RSEXC>
      <RSEXC>
       <EXCEPTION>SAVING_CORRECTION_FAILED</EXCEPTION>
      </RSEXC>
     </EXCEPTION>
     <DOCUMENTATION>
      <RSFDO>
       <PARAMETER>FCODE</PARAMETER>
       <KIND>P</KIND>
       <STEXT>gewünschte Funktion des Bausteins</STEXT>
       <INDEX> 001</INDEX>
      </RSFDO>
      <RSFDO>
       <PARAMETER>VIEW_ACTION</PARAMETER>
       <KIND>P</KIND>
       <STEXT>Aktion mit Tabelle: anz./änd./transp. (S/U/T)</STEXT>
       <INDEX> 002</INDEX>
      </RSFDO>
      <RSFDO>
       <PARAMETER>VIEW_NAME</PARAMETER>
       <KIND>P</KIND>
       <STEXT>Name der Tabelle</STEXT>
       <INDEX> 003</INDEX>
      </RSFDO>
      <RSFDO>
       <PARAMETER>CORR_NUMBER</PARAMETER>
       <KIND>P</KIND>
       <STEXT>Korrekturnummer für durchgeführte Änderungen</STEXT>
       <INDEX> 004</INDEX>
      </RSFDO>
      <RSFDO>
       <PARAMETER>LAST_ACT_ENTRY</PARAMETER>
       <KIND>P</KIND>
       <STEXT>Index der Cursorposition in der Anzeigetabelle</STEXT>
       <INDEX> 005</INDEX>
      </RSFDO>
      <RSFDO>
       <PARAMETER>UCOMM</PARAMETER>
       <KIND>P</KIND>
       <STEXT>letztes User-command innerhalb der Viewpflege</STEXT>
       <INDEX> 006</INDEX>
      </RSFDO>
      <RSFDO>
       <PARAMETER>UPDATE_REQUIRED</PARAMETER>
       <KIND>P</KIND>
       <STEXT>Flag: Einträge verändert, Sichern erforderlich</STEXT>
       <INDEX> 007</INDEX>
      </RSFDO>
      <RSFDO>
       <PARAMETER>CORR_KEYTAB</PARAMETER>
       <KIND>P</KIND>
       <STEXT>Tabelle mit den Keys der zu transport. Einträge</STEXT>
       <INDEX> 008</INDEX>
      </RSFDO>
      <RSFDO>
       <PARAMETER>DBA_SELLIST</PARAMETER>
       <KIND>P</KIND>
       <STEXT>Selektionsbedingungen für den DB-Zugriff</STEXT>
       <INDEX> 009</INDEX>
      </RSFDO>
      <RSFDO>
       <PARAMETER>DPL_SELLIST</PARAMETER>
       <KIND>P</KIND>
       <STEXT>Selektionsbedingungen für die Anzeige</STEXT>
       <INDEX> 010</INDEX>
      </RSFDO>
      <RSFDO>
       <PARAMETER>EXCL_CUA_FUNCT</PARAMETER>
       <KIND>P</KIND>
       <STEXT>Tab. der nicht zu aktivierenden CUA-Funktionen</STEXT>
       <INDEX> 011</INDEX>
      </RSFDO>
      <RSFDO>
       <PARAMETER>EXTRACT</PARAMETER>
       <KIND>P</KIND>
       <STEXT>Tab. der gerade sichtbaren Daten (Anzeigetabelle</STEXT>
       <INDEX> 012</INDEX>
      </RSFDO>
      <RSFDO>
       <PARAMETER>TOTAL</PARAMETER>
       <KIND>P</KIND>
       <STEXT>Tabelle, mit allen von der DB gelesenen Daten</STEXT>
       <INDEX> 013</INDEX>
      </RSFDO>
      <RSFDO>
       <PARAMETER>X_HEADER</PARAMETER>
       <KIND>P</KIND>
       <STEXT>Kontrollblocktabelle für die Tabelle</STEXT>
       <INDEX> 014</INDEX>
      </RSFDO>
      <RSFDO>
       <PARAMETER>X_NAMTAB</PARAMETER>
       <KIND>P</KIND>
       <STEXT>Kontrollblocktabelle für die Tabellen-Felder</STEXT>
       <INDEX> 015</INDEX>
      </RSFDO>
      <RSFDO>
       <PARAMETER>MISSING_CORR_NUMBER</PARAMETER>
       <KIND>X</KIND>
       <STEXT>Korrekturnummer fehlt</STEXT>
       <INDEX> 016</INDEX>
      </RSFDO>
      <RSFDO>
       <PARAMETER>SAVING_CORRECTION_FAILED</PARAMETER>
       <KIND>X</KIND>
       <STEXT>Fehler beim Sichern der Korrektureinträge</STEXT>
       <INDEX> 017</INDEX>
      </RSFDO>
     </DOCUMENTATION>
    </item>
   </FUNCTIONS>
   <DYNPROS>
    <item>
     <HEADER>
      <PROGRAM>SAPLZSD_MIROATTACH</PROGRAM>
      <SCREEN>9000</SCREEN>
      <LANGUAGE>S</LANGUAGE>
      <DESCRIPT>Act.vistas: Imagen resumen ZSD_MIROATTACH</DESCRIPT>
      <TYPE>N</TYPE>
      <NEXTSCREEN>9000</NEXTSCREEN>
      <LINES>061</LINES>
      <COLUMNS>083</COLUMNS>
     </HEADER>
     <CONTAINERS>
      <RPY_DYCATT>
       <TYPE>SCREEN</TYPE>
       <NAME>SCREEN</NAME>
      </RPY_DYCATT>
      <RPY_DYCATT>
       <TYPE>TABLE_CTRL</TYPE>
       <NAME>TCTRL_ZSD_MIROATTACH</NAME>
       <ELEMENT_OF>SCREEN</ELEMENT_OF>
       <LINE>001</LINE>
       <COLUMN>001</COLUMN>
       <LENGTH>083</LENGTH>
       <HEIGHT>059</HEIGHT>
       <C_RESIZE_V>X</C_RESIZE_V>
       <C_RESIZE_H>X</C_RESIZE_H>
       <C_SCROLL_V>X</C_SCROLL_V>
       <C_SCROLL_H>X</C_SCROLL_H>
       <TC_TABTYPE>ENTRY</TC_TABTYPE>
       <TC_SEPAR_V>X</TC_SEPAR_V>
       <TC_SEPAR_H>X</TC_SEPAR_H>
       <TC_TITLE>X</TC_TITLE>
       <TC_HEADER>X</TC_HEADER>
       <TC_CONFIG>X</TC_CONFIG>
       <TC_SEL_LNS>MULTIPLE</TC_SEL_LNS>
       <TC_SEL_CLS>NONE</TC_SEL_CLS>
       <TC_LSEL_CL>X</TC_LSEL_CL>
       <TC_FIXCOL>002</TC_FIXCOL>
      </RPY_DYCATT>
     </CONTAINERS>
     <FIELDS>
      <RPY_DYFATC>
       <CONT_TYPE>SCREEN</CONT_TYPE>
       <CONT_NAME>SCREEN</CONT_NAME>
       <TYPE>PUSH_TMPL</TYPE>
       <NAME>VIM_POSI_PUSH</NAME>
       <TEXT>____________________</TEXT>
       <LINE>061</LINE>
       <COLUMN>019</COLUMN>
       <LENGTH>020</LENGTH>
       <VISLENGTH>020</VISLENGTH>
       <HEIGHT>001</HEIGHT>
       <PUSH_FCODE>POSI</PUSH_FCODE>
       <FORMAT>CHAR</FORMAT>
       <OUTPUT_FLD>X</OUTPUT_FLD>
       <REQU_ENTRY>N</REQU_ENTRY>
      </RPY_DYFATC>
      <RPY_DYFATC>
       <CONT_TYPE>SCREEN</CONT_TYPE>
       <CONT_NAME>SCREEN</CONT_NAME>
       <TYPE>TEMPLATE</TYPE>
       <NAME>VIM_POSITION_INFO</NAME>
       <TEXT>______________________________</TEXT>
       <LINE>061</LINE>
       <COLUMN>040</COLUMN>
       <LENGTH>030</LENGTH>
       <VISLENGTH>030</VISLENGTH>
       <HEIGHT>001</HEIGHT>
       <FORMAT>CHAR</FORMAT>
       <UP_LOWER>X</UP_LOWER>
       <OUTPUT_FLD>X</OUTPUT_FLD>
       <OUTPUTONLY>X</OUTPUTONLY>
       <REQU_ENTRY>N</REQU_ENTRY>
       <_--32_DIMENS>X</_--32_DIMENS>
      </RPY_DYFATC>
      <RPY_DYFATC>
       <CONT_TYPE>SCREEN</CONT_TYPE>
       <CONT_NAME>SCREEN</CONT_NAME>
       <TYPE>OKCODE</TYPE>
       <NAME>OK_CODE</NAME>
       <TEXT>____________________</TEXT>
       <LENGTH>020</LENGTH>
       <VISLENGTH>020</VISLENGTH>
       <HEIGHT>001</HEIGHT>
       <FORMAT>CHAR</FORMAT>
       <INPUT_FLD>X</INPUT_FLD>
      </RPY_DYFATC>
      <RPY_DYFATC>
       <CONT_TYPE>TABLE_CTRL</CONT_TYPE>
       <CONT_NAME>TCTRL_ZSD_MIROATTACH</CONT_NAME>
       <TYPE>TEMPLATE</TYPE>
       <NAME>VIM_FRAME_FIELD</NAME>
       <TEXT>____________________________________________________________</TEXT>
       <LINE>001</LINE>
       <LENGTH>060</LENGTH>
       <VISLENGTH>060</VISLENGTH>
       <HEIGHT>001</HEIGHT>
       <FORMAT>CHAR</FORMAT>
       <UP_LOWER>X</UP_LOWER>
       <OUTPUT_FLD>X</OUTPUT_FLD>
       <REQU_ENTRY>N</REQU_ENTRY>
       <TC_TITLE>X</TC_TITLE>
      </RPY_DYFATC>
      <RPY_DYFATC>
       <CONT_TYPE>TABLE_CTRL</CONT_TYPE>
       <CONT_NAME>TCTRL_ZSD_MIROATTACH</CONT_NAME>
       <TYPE>TEXT</TYPE>
       <NAME>*ZSD_MIROATTACH-XBLNR</NAME>
       <TEXT>Referencia______________________________</TEXT>
       <LINE>001</LINE>
       <COLUMN>001</COLUMN>
       <LENGTH>040</LENGTH>
       <VISLENGTH>016</VISLENGTH>
       <HEIGHT>001</HEIGHT>
       <FORMAT>CHAR</FORMAT>
       <FROM_DICT>X</FROM_DICT>
       <MODIFIC>V</MODIFIC>
       <REQU_ENTRY>N</REQU_ENTRY>
       <TC_HEADING>X</TC_HEADING>
      </RPY_DYFATC>
      <RPY_DYFATC>
       <CONT_TYPE>TABLE_CTRL</CONT_TYPE>
       <CONT_NAME>TCTRL_ZSD_MIROATTACH</CONT_NAME>
       <TYPE>TEXT</TYPE>
       <NAME>*ZSD_MIROATTACH-BELNR</NAME>
       <TEXT>Nº_doc.factura__________________________</TEXT>
       <LINE>001</LINE>
       <COLUMN>002</COLUMN>
       <LENGTH>040</LENGTH>
       <VISLENGTH>015</VISLENGTH>
       <HEIGHT>001</HEIGHT>
       <FORMAT>CHAR</FORMAT>
       <FROM_DICT>X</FROM_DICT>
       <MODIFIC>2</MODIFIC>
       <REQU_ENTRY>N</REQU_ENTRY>
       <TC_HEADING>X</TC_HEADING>
      </RPY_DYFATC>
      <RPY_DYFATC>
       <CONT_TYPE>TABLE_CTRL</CONT_TYPE>
       <CONT_NAME>TCTRL_ZSD_MIROATTACH</CONT_NAME>
       <TYPE>TEXT</TYPE>
       <NAME>*ZSD_MIROATTACH-GJAHR</NAME>
       <TEXT>Año_____________________________________</TEXT>
       <LINE>001</LINE>
       <COLUMN>003</COLUMN>
       <LENGTH>040</LENGTH>
       <VISLENGTH>004</VISLENGTH>
       <HEIGHT>001</HEIGHT>
       <FORMAT>CHAR</FORMAT>
       <FROM_DICT>X</FROM_DICT>
       <MODIFIC>4</MODIFIC>
       <REQU_ENTRY>N</REQU_ENTRY>
       <TC_HEADING>X</TC_HEADING>
      </RPY_DYFATC>
      <RPY_DYFATC>
       <CONT_TYPE>TABLE_CTRL</CONT_TYPE>
       <CONT_NAME>TCTRL_ZSD_MIROATTACH</CONT_NAME>
       <TYPE>TEXT</TYPE>
       <NAME>*ZSD_MIROATTACH-BELNR2</NAME>
       <TEXT>Nº_documento____________________________</TEXT>
       <LINE>001</LINE>
       <COLUMN>004</COLUMN>
       <LENGTH>040</LENGTH>
       <VISLENGTH>015</VISLENGTH>
       <HEIGHT>001</HEIGHT>
       <FORMAT>CHAR</FORMAT>
       <FROM_DICT>X</FROM_DICT>
       <MODIFIC>2</MODIFIC>
       <REQU_ENTRY>N</REQU_ENTRY>
       <TC_HEADING>X</TC_HEADING>
      </RPY_DYFATC>
      <RPY_DYFATC>
       <CONT_TYPE>TABLE_CTRL</CONT_TYPE>
       <CONT_NAME>TCTRL_ZSD_MIROATTACH</CONT_NAME>
       <TYPE>TEXT</TYPE>
       <NAME>*ZSD_MIROATTACH-LIFNR</NAME>
       <TEXT>Acreedor________________________________</TEXT>
       <LINE>001</LINE>
       <COLUMN>005</COLUMN>
       <LENGTH>040</LENGTH>
       <VISLENGTH>015</VISLENGTH>
       <HEIGHT>001</HEIGHT>
       <FORMAT>CHAR</FORMAT>
       <FROM_DICT>X</FROM_DICT>
       <MODIFIC>2</MODIFIC>
       <REQU_ENTRY>N</REQU_ENTRY>
       <TC_HEADING>X</TC_HEADING>
      </RPY_DYFATC>
      <RPY_DYFATC>
       <CONT_TYPE>TABLE_CTRL</CONT_TYPE>
       <CONT_NAME>TCTRL_ZSD_MIROATTACH</CONT_NAME>
       <TYPE>TEXT</TYPE>
       <NAME>*ZSD_MIROATTACH-NAME</NAME>
       <TEXT>Nombre_1________________________________</TEXT>
       <LINE>001</LINE>
       <COLUMN>006</COLUMN>
       <LENGTH>040</LENGTH>
       <VISLENGTH>030</VISLENGTH>
       <HEIGHT>001</HEIGHT>
       <FORMAT>CHAR</FORMAT>
       <FROM_DICT>X</FROM_DICT>
       <MODIFIC>V</MODIFIC>
       <REQU_ENTRY>N</REQU_ENTRY>
       <TC_HEADING>X</TC_HEADING>
      </RPY_DYFATC>
      <RPY_DYFATC>
       <CONT_TYPE>TABLE_CTRL</CONT_TYPE>
       <CONT_NAME>TCTRL_ZSD_MIROATTACH</CONT_NAME>
       <TYPE>TEXT</TYPE>
       <NAME>*ZSD_MIROATTACH-RFC_EMISOR</NAME>
       <TEXT>Nº_ident.fis.1__________________________</TEXT>
       <LINE>001</LINE>
       <COLUMN>007</COLUMN>
       <LENGTH>040</LENGTH>
       <VISLENGTH>016</VISLENGTH>
       <HEIGHT>001</HEIGHT>
       <FORMAT>CHAR</FORMAT>
       <FROM_DICT>X</FROM_DICT>
       <MODIFIC>V</MODIFIC>
       <REQU_ENTRY>N</REQU_ENTRY>
       <TC_HEADING>X</TC_HEADING>
      </RPY_DYFATC>
      <RPY_DYFATC>
       <CONT_TYPE>TABLE_CTRL</CONT_TYPE>
       <CONT_NAME>TCTRL_ZSD_MIROATTACH</CONT_NAME>
       <TYPE>TEXT</TYPE>
       <NAME>*ZSD_MIROATTACH-UUID</NAME>
       <TEXT>UUID</TEXT>
       <LINE>001</LINE>
       <COLUMN>008</COLUMN>
       <LENGTH>004</LENGTH>
       <VISLENGTH>036</VISLENGTH>
       <HEIGHT>001</HEIGHT>
       <FORMAT>CHAR</FORMAT>
       <REQU_ENTRY>N</REQU_ENTRY>
       <TC_HEADING>X</TC_HEADING>
      </RPY_DYFATC>
      <RPY_DYFATC>
       <CONT_TYPE>TABLE_CTRL</CONT_TYPE>
       <CONT_NAME>TCTRL_ZSD_MIROATTACH</CONT_NAME>
       <TYPE>TEXT</TYPE>
       <NAME>*ZSD_MIROATTACH-TIPO_FAC</NAME>
       <TEXT>Tipo_Factura____________________________</TEXT>
       <LINE>001</LINE>
       <COLUMN>009</COLUMN>
       <LENGTH>040</LENGTH>
       <VISLENGTH>015</VISLENGTH>
       <HEIGHT>001</HEIGHT>
       <FORMAT>CHAR</FORMAT>
       <FROM_DICT>X</FROM_DICT>
       <MODIFIC>V</MODIFIC>
       <REQU_ENTRY>N</REQU_ENTRY>
       <TC_HEADING>X</TC_HEADING>
      </RPY_DYFATC>
      <RPY_DYFATC>
       <CONT_TYPE>TABLE_CTRL</CONT_TYPE>
       <CONT_NAME>TCTRL_ZSD_MIROATTACH</CONT_NAME>
       <TYPE>TEXT</TYPE>
       <NAME>*ZSD_MIROATTACH-AEDAT</NAME>
       <TEXT>FechaHora_______________________________</TEXT>
       <LINE>001</LINE>
       <COLUMN>010</COLUMN>
       <LENGTH>040</LENGTH>
       <VISLENGTH>020</VISLENGTH>
       <HEIGHT>001</HEIGHT>
       <FORMAT>CHAR</FORMAT>
       <FROM_DICT>X</FROM_DICT>
       <MODIFIC>V</MODIFIC>
       <REQU_ENTRY>N</REQU_ENTRY>
       <TC_HEADING>X</TC_HEADING>
      </RPY_DYFATC>
      <RPY_DYFATC>
       <CONT_TYPE>TABLE_CTRL</CONT_TYPE>
       <CONT_NAME>TCTRL_ZSD_MIROATTACH</CONT_NAME>
       <TYPE>TEXT</TYPE>
       <NAME>*ZSD_MIROATTACH-AEDAT2</NAME>
       <TEXT>Creado_el_______________________________</TEXT>
       <LINE>001</LINE>
       <COLUMN>011</COLUMN>
       <LENGTH>040</LENGTH>
       <VISLENGTH>010</VISLENGTH>
       <HEIGHT>001</HEIGHT>
       <FORMAT>CHAR</FORMAT>
       <FROM_DICT>X</FROM_DICT>
       <MODIFIC>V</MODIFIC>
       <REQU_ENTRY>N</REQU_ENTRY>
       <TC_HEADING>X</TC_HEADING>
      </RPY_DYFATC>
      <RPY_DYFATC>
       <CONT_TYPE>TABLE_CTRL</CONT_TYPE>
       <CONT_NAME>TCTRL_ZSD_MIROATTACH</CONT_NAME>
       <TYPE>TEXT</TYPE>
       <NAME>*ZSD_MIROATTACH-IMP_NETO</NAME>
       <TEXT>Valor_neto______________________________</TEXT>
       <LINE>001</LINE>
       <COLUMN>012</COLUMN>
       <LENGTH>040</LENGTH>
       <VISLENGTH>021</VISLENGTH>
       <HEIGHT>001</HEIGHT>
       <FORMAT>CHAR</FORMAT>
       <FROM_DICT>X</FROM_DICT>
       <MODIFIC>V</MODIFIC>
       <REQU_ENTRY>N</REQU_ENTRY>
       <TC_HEADING>X</TC_HEADING>
      </RPY_DYFATC>
      <RPY_DYFATC>
       <CONT_TYPE>TABLE_CTRL</CONT_TYPE>
       <CONT_NAME>TCTRL_ZSD_MIROATTACH</CONT_NAME>
       <TYPE>TEXT</TYPE>
       <NAME>*ZSD_MIROATTACH-PORC_IVA</NAME>
       <TEXT>Importe_del_impuesto____________________</TEXT>
       <LINE>001</LINE>
       <COLUMN>013</COLUMN>
       <LENGTH>040</LENGTH>
       <VISLENGTH>016</VISLENGTH>
       <HEIGHT>001</HEIGHT>
       <FORMAT>CHAR</FORMAT>
       <FROM_DICT>X</FROM_DICT>
       <MODIFIC>V</MODIFIC>
       <REQU_ENTRY>N</REQU_ENTRY>
       <TC_HEADING>X</TC_HEADING>
      </RPY_DYFATC>
      <RPY_DYFATC>
       <CONT_TYPE>TABLE_CTRL</CONT_TYPE>
       <CONT_NAME>TCTRL_ZSD_MIROATTACH</CONT_NAME>
       <TYPE>TEXT</TYPE>
       <NAME>*ZSD_MIROATTACH-OTROS_IMP</NAME>
       <TEXT>Retención_en_moneda_del_documento_______</TEXT>
       <LINE>001</LINE>
       <COLUMN>014</COLUMN>
       <LENGTH>040</LENGTH>
       <VISLENGTH>016</VISLENGTH>
       <HEIGHT>001</HEIGHT>
       <FORMAT>CHAR</FORMAT>
       <FROM_DICT>X</FROM_DICT>
       <MODIFIC>V</MODIFIC>
       <REQU_ENTRY>N</REQU_ENTRY>
       <TC_HEADING>X</TC_HEADING>
      </RPY_DYFATC>
      <RPY_DYFATC>
       <CONT_TYPE>TABLE_CTRL</CONT_TYPE>
       <CONT_NAME>TCTRL_ZSD_MIROATTACH</CONT_NAME>
       <TYPE>TEXT</TYPE>
       <NAME>*ZSD_MIROATTACH-IMP_TOT</NAME>
       <TEXT>Impte.bruto_factura_____________________</TEXT>
       <LINE>001</LINE>
       <COLUMN>015</COLUMN>
       <LENGTH>040</LENGTH>
       <VISLENGTH>030</VISLENGTH>
       <HEIGHT>001</HEIGHT>
       <FORMAT>CHAR</FORMAT>
       <FROM_DICT>X</FROM_DICT>
       <MODIFIC>V</MODIFIC>
       <REQU_ENTRY>N</REQU_ENTRY>
       <TC_HEADING>X</TC_HEADING>
      </RPY_DYFATC>
      <RPY_DYFATC>
       <CONT_TYPE>TABLE_CTRL</CONT_TYPE>
       <CONT_NAME>TCTRL_ZSD_MIROATTACH</CONT_NAME>
       <TYPE>TEXT</TYPE>
       <NAME>*ZSD_MIROATTACH-WAERS</NAME>
       <TEXT>Mon.____________________________________</TEXT>
       <LINE>001</LINE>
       <COLUMN>016</COLUMN>
       <LENGTH>040</LENGTH>
       <VISLENGTH>005</VISLENGTH>
       <HEIGHT>001</HEIGHT>
       <FORMAT>CHAR</FORMAT>
       <FROM_DICT>X</FROM_DICT>
       <MODIFIC>4</MODIFIC>
       <REQU_ENTRY>N</REQU_ENTRY>
       <TC_HEADING>X</TC_HEADING>
      </RPY_DYFATC>
      <RPY_DYFATC>
       <CONT_TYPE>TABLE_CTRL</CONT_TYPE>
       <CONT_NAME>TCTRL_ZSD_MIROATTACH</CONT_NAME>
       <TYPE>TEXT</TYPE>
       <NAME>*ZSD_MIROATTACH-ESTATUS</NAME>
       <TEXT>Estatus_________________________________</TEXT>
       <LINE>001</LINE>
       <COLUMN>017</COLUMN>
       <LENGTH>040</LENGTH>
       <VISLENGTH>007</VISLENGTH>
       <HEIGHT>001</HEIGHT>
       <FORMAT>CHAR</FORMAT>
       <FROM_DICT>X</FROM_DICT>
       <MODIFIC>4</MODIFIC>
       <REQU_ENTRY>N</REQU_ENTRY>
       <TC_HEADING>X</TC_HEADING>
      </RPY_DYFATC>
      <RPY_DYFATC>
       <CONT_TYPE>TABLE_CTRL</CONT_TYPE>
       <CONT_NAME>TCTRL_ZSD_MIROATTACH</CONT_NAME>
       <TYPE>TEXT</TYPE>
       <NAME>*ZSD_MIROATTACH-MESSAGE</NAME>
       <TEXT>Mensaje_________________________________</TEXT>
       <LINE>001</LINE>
       <COLUMN>018</COLUMN>
       <LENGTH>040</LENGTH>
       <VISLENGTH>255</VISLENGTH>
       <HEIGHT>001</HEIGHT>
       <FORMAT>CHAR</FORMAT>
       <FROM_DICT>X</FROM_DICT>
       <MODIFIC>4</MODIFIC>
       <REQU_ENTRY>N</REQU_ENTRY>
       <TC_HEADING>X</TC_HEADING>
      </RPY_DYFATC>
      <RPY_DYFATC>
       <CONT_TYPE>TABLE_CTRL</CONT_TYPE>
       <CONT_NAME>TCTRL_ZSD_MIROATTACH</CONT_NAME>
       <TYPE>CHECK</TYPE>
       <NAME>VIM_MARKED</NAME>
       <LINE>001</LINE>
       <LENGTH>001</LENGTH>
       <VISLENGTH>001</VISLENGTH>
       <HEIGHT>001</HEIGHT>
       <FORMAT>CHAR</FORMAT>
       <INPUT_FLD>X</INPUT_FLD>
       <OUTPUT_FLD>X</OUTPUT_FLD>
       <TC_SELCOL>X</TC_SELCOL>
      </RPY_DYFATC>
      <RPY_DYFATC>
       <CONT_TYPE>TABLE_CTRL</CONT_TYPE>
       <CONT_NAME>TCTRL_ZSD_MIROATTACH</CONT_NAME>
       <TYPE>TEMPLATE</TYPE>
       <NAME>ZSD_MIROATTACH-XBLNR</NAME>
       <TEXT>________________</TEXT>
       <LINE>001</LINE>
       <COLUMN>001</COLUMN>
       <LENGTH>016</LENGTH>
       <VISLENGTH>016</VISLENGTH>
       <HEIGHT>001</HEIGHT>
       <GROUP1>KEY</GROUP1>
       <FORMAT>CHAR</FORMAT>
       <FROM_DICT>X</FROM_DICT>
       <MODIFIC>X</MODIFIC>
       <FOREIGNKEY>X</FOREIGNKEY>
       <OUTPUT_FLD>X</OUTPUT_FLD>
       <REQU_ENTRY>N</REQU_ENTRY>
      </RPY_DYFATC>
      <RPY_DYFATC>
       <CONT_TYPE>TABLE_CTRL</CONT_TYPE>
       <CONT_NAME>TCTRL_ZSD_MIROATTACH</CONT_NAME>
       <TYPE>TEMPLATE</TYPE>
       <NAME>ZSD_MIROATTACH-BELNR</NAME>
       <TEXT>__________</TEXT>
       <LINE>001</LINE>
       <COLUMN>002</COLUMN>
       <LENGTH>010</LENGTH>
       <VISLENGTH>015</VISLENGTH>
       <HEIGHT>001</HEIGHT>
       <GROUP1>KEY</GROUP1>
       <FORMAT>CHAR</FORMAT>
       <FROM_DICT>X</FROM_DICT>
       <MODIFIC>X</MODIFIC>
       <CONV_EXIT>ALPHA</CONV_EXIT>
       <PARAM_ID>RBN</PARAM_ID>
       <FOREIGNKEY>X</FOREIGNKEY>
       <OUTPUT_FLD>X</OUTPUT_FLD>
       <REQU_ENTRY>N</REQU_ENTRY>
      </RPY_DYFATC>
      <RPY_DYFATC>
       <CONT_TYPE>TABLE_CTRL</CONT_TYPE>
       <CONT_NAME>TCTRL_ZSD_MIROATTACH</CONT_NAME>
       <TYPE>TEMPLATE</TYPE>
       <NAME>ZSD_MIROATTACH-GJAHR</NAME>
       <TEXT>____</TEXT>
       <LINE>001</LINE>
       <COLUMN>003</COLUMN>
       <LENGTH>004</LENGTH>
       <VISLENGTH>004</VISLENGTH>
       <HEIGHT>001</HEIGHT>
       <FORMAT>NUMC</FORMAT>
       <FROM_DICT>X</FROM_DICT>
       <MODIFIC>X</MODIFIC>
       <CONV_EXIT>GJAHR</CONV_EXIT>
       <PARAM_ID>GJR</PARAM_ID>
       <FOREIGNKEY>X</FOREIGNKEY>
       <INPUT_FLD>X</INPUT_FLD>
       <OUTPUT_FLD>X</OUTPUT_FLD>
      </RPY_DYFATC>
      <RPY_DYFATC>
       <CONT_TYPE>TABLE_CTRL</CONT_TYPE>
       <CONT_NAME>TCTRL_ZSD_MIROATTACH</CONT_NAME>
       <TYPE>TEMPLATE</TYPE>
       <NAME>ZSD_MIROATTACH-BELNR2</NAME>
       <TEXT>__________</TEXT>
       <LINE>001</LINE>
       <COLUMN>004</COLUMN>
       <LENGTH>010</LENGTH>
       <VISLENGTH>015</VISLENGTH>
       <HEIGHT>001</HEIGHT>
       <FORMAT>CHAR</FORMAT>
       <FROM_DICT>X</FROM_DICT>
       <MODIFIC>X</MODIFIC>
       <CONV_EXIT>ALPHA</CONV_EXIT>
       <PARAM_ID>BLN</PARAM_ID>
       <FOREIGNKEY>X</FOREIGNKEY>
       <INPUT_FLD>X</INPUT_FLD>
       <OUTPUT_FLD>X</OUTPUT_FLD>
      </RPY_DYFATC>
      <RPY_DYFATC>
       <CONT_TYPE>TABLE_CTRL</CONT_TYPE>
       <CONT_NAME>TCTRL_ZSD_MIROATTACH</CONT_NAME>
       <TYPE>TEMPLATE</TYPE>
       <NAME>ZSD_MIROATTACH-LIFNR</NAME>
       <TEXT>__________</TEXT>
       <LINE>001</LINE>
       <COLUMN>005</COLUMN>
       <LENGTH>010</LENGTH>
       <VISLENGTH>015</VISLENGTH>
       <HEIGHT>001</HEIGHT>
       <FORMAT>CHAR</FORMAT>
       <FROM_DICT>X</FROM_DICT>
       <MODIFIC>X</MODIFIC>
       <CONV_EXIT>ALPHA</CONV_EXIT>
       <PARAM_ID>LIF</PARAM_ID>
       <FOREIGNKEY>X</FOREIGNKEY>
       <INPUT_FLD>X</INPUT_FLD>
       <OUTPUT_FLD>X</OUTPUT_FLD>
      </RPY_DYFATC>
      <RPY_DYFATC>
       <CONT_TYPE>TABLE_CTRL</CONT_TYPE>
       <CONT_NAME>TCTRL_ZSD_MIROATTACH</CONT_NAME>
       <TYPE>TEMPLATE</TYPE>
       <NAME>ZSD_MIROATTACH-NAME</NAME>
       <TEXT>______________________________</TEXT>
       <LINE>001</LINE>
       <COLUMN>006</COLUMN>
       <LENGTH>030</LENGTH>
       <VISLENGTH>030</VISLENGTH>
       <HEIGHT>001</HEIGHT>
       <FORMAT>CHAR</FORMAT>
       <FROM_DICT>X</FROM_DICT>
       <MODIFIC>X</MODIFIC>
       <UP_LOWER>X</UP_LOWER>
       <FOREIGNKEY>X</FOREIGNKEY>
       <INPUT_FLD>X</INPUT_FLD>
       <OUTPUT_FLD>X</OUTPUT_FLD>
      </RPY_DYFATC>
      <RPY_DYFATC>
       <CONT_TYPE>TABLE_CTRL</CONT_TYPE>
       <CONT_NAME>TCTRL_ZSD_MIROATTACH</CONT_NAME>
       <TYPE>TEMPLATE</TYPE>
       <NAME>ZSD_MIROATTACH-RFC_EMISOR</NAME>
       <TEXT>________________</TEXT>
       <LINE>001</LINE>
       <COLUMN>007</COLUMN>
       <LENGTH>016</LENGTH>
       <VISLENGTH>016</VISLENGTH>
       <HEIGHT>001</HEIGHT>
       <FORMAT>CHAR</FORMAT>
       <FROM_DICT>X</FROM_DICT>
       <MODIFIC>X</MODIFIC>
       <FOREIGNKEY>X</FOREIGNKEY>
       <INPUT_FLD>X</INPUT_FLD>
       <OUTPUT_FLD>X</OUTPUT_FLD>
      </RPY_DYFATC>
      <RPY_DYFATC>
       <CONT_TYPE>TABLE_CTRL</CONT_TYPE>
       <CONT_NAME>TCTRL_ZSD_MIROATTACH</CONT_NAME>
       <TYPE>TEMPLATE</TYPE>
       <NAME>ZSD_MIROATTACH-UUID</NAME>
       <TEXT>____________________________________</TEXT>
       <LINE>001</LINE>
       <COLUMN>008</COLUMN>
       <LENGTH>036</LENGTH>
       <VISLENGTH>036</VISLENGTH>
       <HEIGHT>001</HEIGHT>
       <FORMAT>CHAR</FORMAT>
       <FROM_DICT>X</FROM_DICT>
       <MODIFIC>X</MODIFIC>
       <FOREIGNKEY>X</FOREIGNKEY>
       <INPUT_FLD>X</INPUT_FLD>
       <OUTPUT_FLD>X</OUTPUT_FLD>
      </RPY_DYFATC>
      <RPY_DYFATC>
       <CONT_TYPE>TABLE_CTRL</CONT_TYPE>
       <CONT_NAME>TCTRL_ZSD_MIROATTACH</CONT_NAME>
       <TYPE>TEMPLATE</TYPE>
       <NAME>ZSD_MIROATTACH-TIPO_FAC</NAME>
       <TEXT>_______________</TEXT>
       <LINE>001</LINE>
       <COLUMN>009</COLUMN>
       <LENGTH>015</LENGTH>
       <VISLENGTH>015</VISLENGTH>
       <HEIGHT>001</HEIGHT>
       <FORMAT>CHAR</FORMAT>
       <FROM_DICT>X</FROM_DICT>
       <MODIFIC>X</MODIFIC>
       <UP_LOWER>X</UP_LOWER>
       <FOREIGNKEY>X</FOREIGNKEY>
       <INPUT_FLD>X</INPUT_FLD>
       <OUTPUT_FLD>X</OUTPUT_FLD>
      </RPY_DYFATC>
      <RPY_DYFATC>
       <CONT_TYPE>TABLE_CTRL</CONT_TYPE>
       <CONT_NAME>TCTRL_ZSD_MIROATTACH</CONT_NAME>
       <TYPE>TEMPLATE</TYPE>
       <NAME>ZSD_MIROATTACH-AEDAT</NAME>
       <TEXT>____________________</TEXT>
       <LINE>001</LINE>
       <COLUMN>010</COLUMN>
       <LENGTH>020</LENGTH>
       <VISLENGTH>020</VISLENGTH>
       <HEIGHT>001</HEIGHT>
       <FORMAT>CHAR</FORMAT>
       <FROM_DICT>X</FROM_DICT>
       <MODIFIC>X</MODIFIC>
       <FOREIGNKEY>X</FOREIGNKEY>
       <INPUT_FLD>X</INPUT_FLD>
       <OUTPUT_FLD>X</OUTPUT_FLD>
      </RPY_DYFATC>
      <RPY_DYFATC>
       <CONT_TYPE>TABLE_CTRL</CONT_TYPE>
       <CONT_NAME>TCTRL_ZSD_MIROATTACH</CONT_NAME>
       <TYPE>TEMPLATE</TYPE>
       <NAME>ZSD_MIROATTACH-AEDAT2</NAME>
       <TEXT>__________</TEXT>
       <LINE>001</LINE>
       <COLUMN>011</COLUMN>
       <LENGTH>010</LENGTH>
       <VISLENGTH>010</VISLENGTH>
       <HEIGHT>001</HEIGHT>
       <FORMAT>DATS</FORMAT>
       <FROM_DICT>X</FROM_DICT>
       <MODIFIC>X</MODIFIC>
       <FOREIGNKEY>X</FOREIGNKEY>
       <INPUT_FLD>X</INPUT_FLD>
       <OUTPUT_FLD>X</OUTPUT_FLD>
      </RPY_DYFATC>
      <RPY_DYFATC>
       <CONT_TYPE>TABLE_CTRL</CONT_TYPE>
       <CONT_NAME>TCTRL_ZSD_MIROATTACH</CONT_NAME>
       <TYPE>TEMPLATE</TYPE>
       <NAME>ZSD_MIROATTACH-IMP_NETO</NAME>
       <TEXT>_____________________</TEXT>
       <LINE>001</LINE>
       <COLUMN>012</COLUMN>
       <LENGTH>021</LENGTH>
       <VISLENGTH>021</VISLENGTH>
       <HEIGHT>001</HEIGHT>
       <FORMAT>CURR</FORMAT>
       <FROM_DICT>X</FROM_DICT>
       <MODIFIC>X</MODIFIC>
       <FOREIGNKEY>X</FOREIGNKEY>
       <INPUT_FLD>X</INPUT_FLD>
       <OUTPUT_FLD>X</OUTPUT_FLD>
       <REF_FIELD>ZTL_ADDENDA-WAERS</REF_FIELD>
       <DICT_I_SGN>X</DICT_I_SGN>
      </RPY_DYFATC>
      <RPY_DYFATC>
       <CONT_TYPE>TABLE_CTRL</CONT_TYPE>
       <CONT_NAME>TCTRL_ZSD_MIROATTACH</CONT_NAME>
       <TYPE>TEMPLATE</TYPE>
       <NAME>ZSD_MIROATTACH-PORC_IVA</NAME>
       <TEXT>________________</TEXT>
       <LINE>001</LINE>
       <COLUMN>013</COLUMN>
       <LENGTH>016</LENGTH>
       <VISLENGTH>016</VISLENGTH>
       <HEIGHT>001</HEIGHT>
       <FORMAT>CURR</FORMAT>
       <FROM_DICT>X</FROM_DICT>
       <MODIFIC>X</MODIFIC>
       <FOREIGNKEY>X</FOREIGNKEY>
       <INPUT_FLD>X</INPUT_FLD>
       <OUTPUT_FLD>X</OUTPUT_FLD>
       <REF_FIELD>ZTL_ADDENDA-WAERS</REF_FIELD>
      </RPY_DYFATC>
      <RPY_DYFATC>
       <CONT_TYPE>TABLE_CTRL</CONT_TYPE>
       <CONT_NAME>TCTRL_ZSD_MIROATTACH</CONT_NAME>
       <TYPE>TEMPLATE</TYPE>
       <NAME>ZSD_MIROATTACH-OTROS_IMP</NAME>
       <TEXT>________________</TEXT>
       <LINE>001</LINE>
       <COLUMN>014</COLUMN>
       <LENGTH>016</LENGTH>
       <VISLENGTH>016</VISLENGTH>
       <HEIGHT>001</HEIGHT>
       <FORMAT>CURR</FORMAT>
       <FROM_DICT>X</FROM_DICT>
       <MODIFIC>X</MODIFIC>
       <FOREIGNKEY>X</FOREIGNKEY>
       <INPUT_FLD>X</INPUT_FLD>
       <OUTPUT_FLD>X</OUTPUT_FLD>
       <REF_FIELD>ZTL_ADDENDA-WAERS</REF_FIELD>
      </RPY_DYFATC>
      <RPY_DYFATC>
       <CONT_TYPE>TABLE_CTRL</CONT_TYPE>
       <CONT_NAME>TCTRL_ZSD_MIROATTACH</CONT_NAME>
       <TYPE>TEMPLATE</TYPE>
       <NAME>ZSD_MIROATTACH-IMP_TOT</NAME>
       <TEXT>______________________________</TEXT>
       <LINE>001</LINE>
       <COLUMN>015</COLUMN>
       <LENGTH>030</LENGTH>
       <VISLENGTH>030</VISLENGTH>
       <HEIGHT>001</HEIGHT>
       <FORMAT>DEC</FORMAT>
       <FROM_DICT>X</FROM_DICT>
       <MODIFIC>X</MODIFIC>
       <FOREIGNKEY>X</FOREIGNKEY>
       <INPUT_FLD>X</INPUT_FLD>
       <OUTPUT_FLD>X</OUTPUT_FLD>
      </RPY_DYFATC>
      <RPY_DYFATC>
       <CONT_TYPE>TABLE_CTRL</CONT_TYPE>
       <CONT_NAME>TCTRL_ZSD_MIROATTACH</CONT_NAME>
       <TYPE>TEMPLATE</TYPE>
       <NAME>ZSD_MIROATTACH-WAERS</NAME>
       <TEXT>_____</TEXT>
       <LINE>001</LINE>
       <COLUMN>016</COLUMN>
       <LENGTH>005</LENGTH>
       <VISLENGTH>005</VISLENGTH>
       <HEIGHT>001</HEIGHT>
       <FORMAT>CUKY</FORMAT>
       <FROM_DICT>X</FROM_DICT>
       <MODIFIC>X</MODIFIC>
       <PARAM_ID>FWS</PARAM_ID>
       <FOREIGNKEY>X</FOREIGNKEY>
       <INPUT_FLD>X</INPUT_FLD>
       <OUTPUT_FLD>X</OUTPUT_FLD>
      </RPY_DYFATC>
      <RPY_DYFATC>
       <CONT_TYPE>TABLE_CTRL</CONT_TYPE>
       <CONT_NAME>TCTRL_ZSD_MIROATTACH</CONT_NAME>
       <TYPE>TEMPLATE</TYPE>
       <NAME>ZSD_MIROATTACH-ESTATUS</NAME>
       <TEXT>_</TEXT>
       <LINE>001</LINE>
       <COLUMN>017</COLUMN>
       <LENGTH>001</LENGTH>
       <VISLENGTH>007</VISLENGTH>
       <HEIGHT>001</HEIGHT>
       <FORMAT>CHAR</FORMAT>
       <FROM_DICT>X</FROM_DICT>
       <MODIFIC>X</MODIFIC>
       <FOREIGNKEY>X</FOREIGNKEY>
       <INPUT_FLD>X</INPUT_FLD>
       <OUTPUT_FLD>X</OUTPUT_FLD>
      </RPY_DYFATC>
      <RPY_DYFATC>
       <CONT_TYPE>TABLE_CTRL</CONT_TYPE>
       <CONT_NAME>TCTRL_ZSD_MIROATTACH</CONT_NAME>
       <TYPE>TEMPLATE</TYPE>
       <NAME>ZSD_MIROATTACH-MESSAGE</NAME>
       <TEXT>________________________________________</TEXT>
       <LINE>001</LINE>
       <COLUMN>018</COLUMN>
       <LENGTH>040</LENGTH>
       <VISLENGTH>255</VISLENGTH>
       <HEIGHT>001</HEIGHT>
       <FORMAT>CHAR</FORMAT>
       <FROM_DICT>X</FROM_DICT>
       <MODIFIC>X</MODIFIC>
       <FOREIGNKEY>X</FOREIGNKEY>
       <INPUT_FLD>X</INPUT_FLD>
       <OUTPUT_FLD>X</OUTPUT_FLD>
      </RPY_DYFATC>
     </FIELDS>
     <FLOW_LOGIC>
      <RPY_DYFLOW>
       <LINE>PROCESS BEFORE OUTPUT.</LINE>
      </RPY_DYFLOW>
      <RPY_DYFLOW>
       <LINE>MODULE LISTE_INITIALISIEREN.</LINE>
      </RPY_DYFLOW>
      <RPY_DYFLOW>
       <LINE>LOOP AT EXTRACT WITH CONTROL</LINE>
      </RPY_DYFLOW>
      <RPY_DYFLOW>
       <LINE>TCTRL_ZSD_MIROATTACH CURSOR NEXTLINE.</LINE>
      </RPY_DYFLOW>
      <RPY_DYFLOW>
       <LINE>MODULE LISTE_SHOW_LISTE.</LINE>
      </RPY_DYFLOW>
      <RPY_DYFLOW>
       <LINE>ENDLOOP.</LINE>
      </RPY_DYFLOW>
      <RPY_DYFLOW>
       <LINE>*</LINE>
      </RPY_DYFLOW>
      <RPY_DYFLOW>
       <LINE>PROCESS AFTER INPUT.</LINE>
      </RPY_DYFLOW>
      <RPY_DYFLOW>
       <LINE>MODULE LISTE_EXIT_COMMAND AT EXIT-COMMAND.</LINE>
      </RPY_DYFLOW>
      <RPY_DYFLOW>
       <LINE>MODULE LISTE_BEFORE_LOOP.</LINE>
      </RPY_DYFLOW>
      <RPY_DYFLOW>
       <LINE>LOOP AT EXTRACT.</LINE>
      </RPY_DYFLOW>
      <RPY_DYFLOW>
       <LINE>MODULE LISTE_INIT_WORKAREA.</LINE>
      </RPY_DYFLOW>
      <RPY_DYFLOW>
       <LINE>CHAIN.</LINE>
      </RPY_DYFLOW>
      <RPY_DYFLOW>
       <LINE>FIELD ZSD_MIROATTACH-XBLNR .</LINE>
      </RPY_DYFLOW>
      <RPY_DYFLOW>
       <LINE>FIELD ZSD_MIROATTACH-BELNR .</LINE>
      </RPY_DYFLOW>
      <RPY_DYFLOW>
       <LINE>FIELD ZSD_MIROATTACH-GJAHR .</LINE>
      </RPY_DYFLOW>
      <RPY_DYFLOW>
       <LINE>FIELD ZSD_MIROATTACH-BELNR2 .</LINE>
      </RPY_DYFLOW>
      <RPY_DYFLOW>
       <LINE>FIELD ZSD_MIROATTACH-LIFNR .</LINE>
      </RPY_DYFLOW>
      <RPY_DYFLOW>
       <LINE>FIELD ZSD_MIROATTACH-NAME .</LINE>
      </RPY_DYFLOW>
      <RPY_DYFLOW>
       <LINE>FIELD ZSD_MIROATTACH-RFC_EMISOR .</LINE>
      </RPY_DYFLOW>
      <RPY_DYFLOW>
       <LINE>FIELD ZSD_MIROATTACH-UUID .</LINE>
      </RPY_DYFLOW>
      <RPY_DYFLOW>
       <LINE>FIELD ZSD_MIROATTACH-TIPO_FAC .</LINE>
      </RPY_DYFLOW>
      <RPY_DYFLOW>
       <LINE>FIELD ZSD_MIROATTACH-AEDAT .</LINE>
      </RPY_DYFLOW>
      <RPY_DYFLOW>
       <LINE>FIELD ZSD_MIROATTACH-AEDAT2 .</LINE>
      </RPY_DYFLOW>
      <RPY_DYFLOW>
       <LINE>FIELD ZSD_MIROATTACH-IMP_NETO .</LINE>
      </RPY_DYFLOW>
      <RPY_DYFLOW>
       <LINE>FIELD ZSD_MIROATTACH-PORC_IVA .</LINE>
      </RPY_DYFLOW>
      <RPY_DYFLOW>
       <LINE>FIELD ZSD_MIROATTACH-OTROS_IMP .</LINE>
      </RPY_DYFLOW>
      <RPY_DYFLOW>
       <LINE>FIELD ZSD_MIROATTACH-IMP_TOT .</LINE>
      </RPY_DYFLOW>
      <RPY_DYFLOW>
       <LINE>FIELD ZSD_MIROATTACH-WAERS .</LINE>
      </RPY_DYFLOW>
      <RPY_DYFLOW>
       <LINE>FIELD ZSD_MIROATTACH-ESTATUS .</LINE>
      </RPY_DYFLOW>
      <RPY_DYFLOW>
       <LINE>FIELD ZSD_MIROATTACH-MESSAGE .</LINE>
      </RPY_DYFLOW>
      <RPY_DYFLOW>
       <LINE>MODULE SET_UPDATE_FLAG ON CHAIN-REQUEST.</LINE>
      </RPY_DYFLOW>
      <RPY_DYFLOW>
       <LINE>ENDCHAIN.</LINE>
      </RPY_DYFLOW>
      <RPY_DYFLOW>
       <LINE>FIELD VIM_MARKED MODULE LISTE_MARK_CHECKBOX.</LINE>
      </RPY_DYFLOW>
      <RPY_DYFLOW>
       <LINE>CHAIN.</LINE>
      </RPY_DYFLOW>
      <RPY_DYFLOW>
       <LINE>FIELD ZSD_MIROATTACH-XBLNR .</LINE>
      </RPY_DYFLOW>
      <RPY_DYFLOW>
       <LINE>FIELD ZSD_MIROATTACH-BELNR .</LINE>
      </RPY_DYFLOW>
      <RPY_DYFLOW>
       <LINE>MODULE LISTE_UPDATE_LISTE.</LINE>
      </RPY_DYFLOW>
      <RPY_DYFLOW>
       <LINE>ENDCHAIN.</LINE>
      </RPY_DYFLOW>
      <RPY_DYFLOW>
       <LINE>ENDLOOP.</LINE>
      </RPY_DYFLOW>
      <RPY_DYFLOW>
       <LINE>MODULE LISTE_AFTER_LOOP.</LINE>
      </RPY_DYFLOW>
     </FLOW_LOGIC>
     <SPACES>
      <item>0</item>
      <item>1</item>
      <item>1</item>
      <item>2</item>
      <item>3</item>
      <item>1</item>
      <item>0</item>
      <item>0</item>
      <item>1</item>
      <item>1</item>
      <item>1</item>
      <item>3</item>
      <item>3</item>
      <item>4</item>
      <item>4</item>
      <item>4</item>
      <item>4</item>
      <item>4</item>
      <item>4</item>
      <item>4</item>
      <item>4</item>
      <item>4</item>
      <item>4</item>
      <item>4</item>
      <item>4</item>
      <item>4</item>
      <item>4</item>
      <item>4</item>
      <item>4</item>
      <item>4</item>
      <item>4</item>
      <item>4</item>
      <item>3</item>
      <item>3</item>
      <item>3</item>
      <item>4</item>
      <item>4</item>
      <item>4</item>
      <item>3</item>
      <item>1</item>
      <item>1</item>
     </SPACES>
    </item>
   </DYNPROS>
  </asx:values>
 </asx:abap>
</abapGit>
