﻿<?xml version="1.0" encoding="utf-8"?>
<abapGit version="v1.0.0" serializer="LCL_OBJECT_FUGR" serializer_version="v1.0.0">
 <asx:abap xmlns:asx="http://www.sap.com/abapxml" version="1.0">
  <asx:values>
   <AREAT>Grupo Funciones Metodo de Pago Clientes</AREAT>
   <INCLUDES>
    <SOBJ_NAME>LZSD_METODOPAGOTOP</SOBJ_NAME>
    <SOBJ_NAME>SAPLZSD_METODOPAGO</SOBJ_NAME>
   </INCLUDES>
   <FUNCTIONS>
    <item>
     <FUNCNAME>ZSD_CLIENTE_TC</FUNCNAME>
     <REMOTE_CALL>R</REMOTE_CALL>
     <SHORT_TEXT>Obtiene Clientes con Méodo de Pago 4 (TC)</SHORT_TEXT>
     <IMPORT>
      <RSIMP>
       <PARAMETER>P_BUKRS</PARAMETER>
       <TYP>BUKRS</TYP>
      </RSIMP>
     </IMPORT>
     <TABLES>
      <RSTBL>
       <PARAMETER>T_KUNNR</PARAMETER>
       <DBSTRUCT>LRSKUNNR</DBSTRUCT>
      </RSTBL>
     </TABLES>
     <DOCUMENTATION>
      <RSFDO>
       <PARAMETER>P_BUKRS</PARAMETER>
       <KIND>P</KIND>
       <STEXT>Sociedad</STEXT>
       <INDEX> 001</INDEX>
      </RSFDO>
      <RSFDO>
       <PARAMETER>T_KUNNR</PARAMETER>
       <KIND>P</KIND>
       <STEXT>Números clientes</STEXT>
       <INDEX> 002</INDEX>
      </RSFDO>
     </DOCUMENTATION>
    </item>
   </FUNCTIONS>
  </asx:values>
 </asx:abap>
</abapGit>
