﻿<?xml version="1.0" encoding="utf-8"?>
<abapGit version="v1.0.0" serializer="LCL_OBJECT_FUGR" serializer_version="v1.0.0">
 <asx:abap xmlns:asx="http://www.sap.com/abapxml" version="1.0">
  <asx:values>
   <AREAT>Grupo Funcion Ventas</AREAT>
   <INCLUDES>
    <SOBJ_NAME>LZSD_VENTAS_STOP</SOBJ_NAME>
    <SOBJ_NAME>SAPLZSD_VENTAS_S</SOBJ_NAME>
   </INCLUDES>
   <FUNCTIONS>
    <item>
     <FUNCNAME>ZSD_HA_CLIENTE_PEND_EMBARQUE</FUNCNAME>
     <REMOTE_CALL>R</REMOTE_CALL>
     <SHORT_TEXT>BAPI Lista de Pedidos pendientes por embarcar</SHORT_TEXT>
     <IMPORT>
      <RSIMP>
       <PARAMETER>SOCIEDAD</PARAMETER>
       <TYP>BUKRS_VF</TYP>
      </RSIMP>
      <RSIMP>
       <PARAMETER>CENTRO</PARAMETER>
       <TYP>WERKS_EXT</TYP>
      </RSIMP>
      <RSIMP>
       <PARAMETER>CLIENTE</PARAMETER>
       <TYP>KUNNR</TYP>
      </RSIMP>
     </IMPORT>
     <TABLES>
      <RSTBL>
       <PARAMETER>T_PEDIDO_PEND</PARAMETER>
       <TYPES>O</TYPES>
       <TYP>ZTY_BAPICLIENTES_PEND_EMBARQUE</TYP>
      </RSTBL>
     </TABLES>
     <DOCUMENTATION>
      <RSFDO>
       <PARAMETER>SOCIEDAD</PARAMETER>
       <KIND>P</KIND>
       <STEXT>Sociedad facturadora</STEXT>
       <INDEX> 001</INDEX>
      </RSFDO>
      <RSFDO>
       <PARAMETER>CENTRO</PARAMETER>
       <KIND>P</KIND>
       <STEXT>Centro (propio o externo)</STEXT>
       <INDEX> 002</INDEX>
      </RSFDO>
      <RSFDO>
       <PARAMETER>CLIENTE</PARAMETER>
       <KIND>P</KIND>
       <STEXT>Número de deudor</STEXT>
       <INDEX> 003</INDEX>
      </RSFDO>
      <RSFDO>
       <PARAMETER>T_PEDIDO_PEND</PARAMETER>
       <KIND>P</KIND>
       <STEXT>Tabla almacena pedidos pendientes de embarcar</STEXT>
       <INDEX> 004</INDEX>
      </RSFDO>
     </DOCUMENTATION>
    </item>
    <item>
     <FUNCNAME>ZSD_HA_PEDIDO_UNIDAD_MEDIDA</FUNCNAME>
     <REMOTE_CALL>R</REMOTE_CALL>
     <SHORT_TEXT>Detalle Unidad Medida Pedido y Material</SHORT_TEXT>
     <IMPORT>
      <RSIMP>
       <PARAMETER>PEDIDO</PARAMETER>
       <TYP>VBELN</TYP>
      </RSIMP>
      <RSIMP>
       <PARAMETER>MATERIAL</PARAMETER>
       <TYP>MATNR</TYP>
      </RSIMP>
      <RSIMP>
       <PARAMETER>ORG_VEN</PARAMETER>
       <TYP>VKORG</TYP>
      </RSIMP>
     </IMPORT>
     <TABLES>
      <RSTBL>
       <PARAMETER>T_PEDIDO_UNI</PARAMETER>
       <DBSTRUCT>ZTY_BAPIPED_UNIDADM</DBSTRUCT>
      </RSTBL>
     </TABLES>
     <DOCUMENTATION>
      <RSFDO>
       <PARAMETER>PEDIDO</PARAMETER>
       <KIND>P</KIND>
       <STEXT>Número de documento comercial</STEXT>
       <INDEX> 001</INDEX>
      </RSFDO>
      <RSFDO>
       <PARAMETER>MATERIAL</PARAMETER>
       <KIND>P</KIND>
       <STEXT>Número de material</STEXT>
       <INDEX> 002</INDEX>
      </RSFDO>
      <RSFDO>
       <PARAMETER>ORG_VEN</PARAMETER>
       <KIND>P</KIND>
       <STEXT>Organización de ventas</STEXT>
       <INDEX> 003</INDEX>
      </RSFDO>
      <RSFDO>
       <PARAMETER>T_PEDIDO_UNI</PARAMETER>
       <KIND>P</KIND>
       <STEXT>Detalle Unidad de Medidad Pedido y Material</STEXT>
       <INDEX> 004</INDEX>
      </RSFDO>
     </DOCUMENTATION>
    </item>
   </FUNCTIONS>
  </asx:values>
 </asx:abap>
</abapGit>
