﻿<?xml version="1.0" encoding="utf-8"?>
<abapGit version="v1.0.0" serializer="LCL_OBJECT_FUGR" serializer_version="v1.0.0">
 <asx:abap xmlns:asx="http://www.sap.com/abapxml" version="1.0">
  <asx:values>
   <AREAT>Grupo de Funciones TYASA Ventas</AREAT>
   <INCLUDES>
    <SOBJ_NAME>LZSD_VENTAS_BTOP</SOBJ_NAME>
    <SOBJ_NAME>SAPLZSD_VENTAS_B</SOBJ_NAME>
   </INCLUDES>
   <FUNCTIONS>
    <item>
     <FUNCNAME>ZSD_CLIENTE_EMBARQUE</FUNCNAME>
     <REMOTE_CALL>R</REMOTE_CALL>
     <SHORT_TEXT>BAPI Registro de Camiones-Devuelve informacion cliente</SHORT_TEXT>
     <IMPORT>
      <RSIMP>
       <PARAMETER>PEDIDO</PARAMETER>
       <OPTIONAL>X</OPTIONAL>
       <TYP>VBELN_VA</TYP>
      </RSIMP>
      <RSIMP>
       <PARAMETER>GRUPO</PARAMETER>
       <OPTIONAL>X</OPTIONAL>
       <TYP>BSTKD_E</TYP>
      </RSIMP>
      <RSIMP>
       <PARAMETER>EMBARQUE</PARAMETER>
       <TYP>VBELN_NACH</TYP>
      </RSIMP>
      <RSIMP>
       <PARAMETER>CENTRO</PARAMETER>
       <DBFIELD>EINE-WERKS</DBFIELD>
       <OPTIONAL>X</OPTIONAL>
      </RSIMP>
     </IMPORT>
     <EXPORT>
      <RSEXP>
       <PARAMETER>STATUS</PARAMETER>
       <TYP>BAPI_MSG</TYP>
      </RSEXP>
     </EXPORT>
     <TABLES>
      <RSTBL>
       <PARAMETER>T_CLIENTEEMBARQUE</PARAMETER>
       <DBSTRUCT>ZTY_BAPIREGCAMIONES</DBSTRUCT>
      </RSTBL>
     </TABLES>
     <DOCUMENTATION>
      <RSFDO>
       <PARAMETER>PEDIDO</PARAMETER>
       <KIND>P</KIND>
       <STEXT>Documento de ventas</STEXT>
       <INDEX> 001</INDEX>
      </RSFDO>
      <RSFDO>
       <PARAMETER>GRUPO</PARAMETER>
       <KIND>P</KIND>
       <STEXT>Nº pedido según cliente del destinatario de mercancías</STEXT>
       <INDEX> 002</INDEX>
      </RSFDO>
      <RSFDO>
       <PARAMETER>EMBARQUE</PARAMETER>
       <KIND>P</KIND>
       <STEXT>Documento comercial subsiguiente</STEXT>
       <INDEX> 003</INDEX>
      </RSFDO>
      <RSFDO>
       <PARAMETER>CENTRO</PARAMETER>
       <KIND>P</KIND>
       <STEXT>Centro</STEXT>
       <INDEX> 004</INDEX>
      </RSFDO>
      <RSFDO>
       <PARAMETER>STATUS</PARAMETER>
       <KIND>P</KIND>
       <STEXT>Texto de mensaje</STEXT>
       <INDEX> 005</INDEX>
      </RSFDO>
      <RSFDO>
       <PARAMETER>T_CLIENTEEMBARQUE</PARAMETER>
       <KIND>P</KIND>
       <STEXT>Almacena datos del cliente del Pedido de Venta</STEXT>
       <INDEX> 006</INDEX>
      </RSFDO>
     </DOCUMENTATION>
    </item>
    <item>
     <FUNCNAME>ZSD_DATOS_CLIENTE_WEB</FUNCNAME>
     <REMOTE_CALL>R</REMOTE_CALL>
     <SHORT_TEXT>Datos de Cliente para Pag Web</SHORT_TEXT>
     <IMPORT>
      <RSIMP>
       <PARAMETER>IV_CLIENTE</PARAMETER>
       <TYP>KUNNR</TYP>
      </RSIMP>
     </IMPORT>
     <EXPORT>
      <RSEXP>
       <PARAMETER>EV_NOMBRE</PARAMETER>
       <TYP>CHAR80</TYP>
      </RSEXP>
      <RSEXP>
       <PARAMETER>EV_CORREO</PARAMETER>
       <TYP>AD_SMTPADR</TYP>
      </RSEXP>
     </EXPORT>
     <DOCUMENTATION>
      <RSFDO>
       <PARAMETER>IV_CLIENTE</PARAMETER>
       <KIND>P</KIND>
       <STEXT>Número de deudor</STEXT>
       <INDEX> 001</INDEX>
      </RSFDO>
      <RSFDO>
       <PARAMETER>EV_NOMBRE</PARAMETER>
       <KIND>P</KIND>
       <STEXT>Nombre 1</STEXT>
       <INDEX> 002</INDEX>
      </RSFDO>
      <RSFDO>
       <PARAMETER>EV_CORREO</PARAMETER>
       <KIND>P</KIND>
       <STEXT>Dirección de correo electrónico</STEXT>
       <INDEX> 003</INDEX>
      </RSFDO>
     </DOCUMENTATION>
    </item>
    <item>
     <FUNCNAME>ZSD_DETALLE_EMBARQUE_WEB</FUNCNAME>
     <REMOTE_CALL>R</REMOTE_CALL>
     <SHORT_TEXT>Detalle del embarque para pag web</SHORT_TEXT>
     <IMPORT>
      <RSIMP>
       <PARAMETER>IV_EMBARQUE</PARAMETER>
       <TYP>VBELN_VL</TYP>
      </RSIMP>
     </IMPORT>
     <TABLES>
      <RSTBL>
       <PARAMETER>T_DETALLE_EMBARQUE</PARAMETER>
       <DBSTRUCT>ZTY_DETALLE_EMBARQUES</DBSTRUCT>
      </RSTBL>
     </TABLES>
     <DOCUMENTATION>
      <RSFDO>
       <PARAMETER>IV_EMBARQUE</PARAMETER>
       <KIND>P</KIND>
       <STEXT>Entrega</STEXT>
       <INDEX> 001</INDEX>
      </RSFDO>
      <RSFDO>
       <PARAMETER>T_DETALLE_EMBARQUE</PARAMETER>
       <KIND>P</KIND>
       <STEXT>Detalle del embarque</STEXT>
       <INDEX> 002</INDEX>
      </RSFDO>
     </DOCUMENTATION>
    </item>
    <item>
     <FUNCNAME>ZSD_FACTURAS_X_PEDIDO</FUNCNAME>
     <REMOTE_CALL>R</REMOTE_CALL>
     <SHORT_TEXT>Listado facturas por pedido pagina web</SHORT_TEXT>
     <IMPORT>
      <RSIMP>
       <PARAMETER>IV_PEDIDO</PARAMETER>
       <TYP>VBELN_VA</TYP>
      </RSIMP>
     </IMPORT>
     <TABLES>
      <RSTBL>
       <PARAMETER>T_FACTURAS</PARAMETER>
       <DBSTRUCT>ZTY_FACTURAS_PEDIDO</DBSTRUCT>
      </RSTBL>
     </TABLES>
     <DOCUMENTATION>
      <RSFDO>
       <PARAMETER>IV_PEDIDO</PARAMETER>
       <KIND>P</KIND>
       <STEXT>Documento de ventas</STEXT>
       <INDEX> 001</INDEX>
      </RSFDO>
      <RSFDO>
       <PARAMETER>T_FACTURAS</PARAMETER>
       <KIND>P</KIND>
       <STEXT>Listado de Facturas por Pedido</STEXT>
       <INDEX> 002</INDEX>
      </RSFDO>
     </DOCUMENTATION>
    </item>
    <item>
     <FUNCNAME>ZSD_FACTURAS_X_PEDIDO_V2</FUNCNAME>
     <REMOTE_CALL>R</REMOTE_CALL>
     <SHORT_TEXT>Listado facturas por pedido pagina web</SHORT_TEXT>
     <IMPORT>
      <RSIMP>
       <PARAMETER>IV_PEDIDO</PARAMETER>
       <TYP>VBELN_VA</TYP>
      </RSIMP>
     </IMPORT>
     <TABLES>
      <RSTBL>
       <PARAMETER>T_FACTURAS</PARAMETER>
       <DBSTRUCT>ZTY_FACTURAS_PEDIDO</DBSTRUCT>
      </RSTBL>
     </TABLES>
     <DOCUMENTATION>
      <RSFDO>
       <PARAMETER>IV_PEDIDO</PARAMETER>
       <KIND>P</KIND>
       <STEXT>Documento de ventas</STEXT>
       <INDEX> 001</INDEX>
      </RSFDO>
      <RSFDO>
       <PARAMETER>T_FACTURAS</PARAMETER>
       <KIND>P</KIND>
       <STEXT>Listado de Facturas por Pedido</STEXT>
       <INDEX> 002</INDEX>
      </RSFDO>
     </DOCUMENTATION>
    </item>
    <item>
     <FUNCNAME>ZSD_HA_CLIENTE_EMBARQUE</FUNCNAME>
     <REMOTE_CALL>R</REMOTE_CALL>
     <SHORT_TEXT>BAPI Registro de Camiones-Devuelve informacion cliente</SHORT_TEXT>
     <IMPORT>
      <RSIMP>
       <PARAMETER>PEDIDO</PARAMETER>
       <OPTIONAL>X</OPTIONAL>
       <TYP>VBELN_VA</TYP>
      </RSIMP>
      <RSIMP>
       <PARAMETER>GRUPO</PARAMETER>
       <OPTIONAL>X</OPTIONAL>
       <TYP>BSTKD_E</TYP>
      </RSIMP>
      <RSIMP>
       <PARAMETER>EMBARQUE</PARAMETER>
       <TYP>VBELN_NACH</TYP>
      </RSIMP>
      <RSIMP>
       <PARAMETER>CENTRO</PARAMETER>
       <DBFIELD>EINE-WERKS</DBFIELD>
       <OPTIONAL>X</OPTIONAL>
      </RSIMP>
     </IMPORT>
     <EXPORT>
      <RSEXP>
       <PARAMETER>STATUS</PARAMETER>
       <TYP>BAPI_MSG</TYP>
      </RSEXP>
     </EXPORT>
     <TABLES>
      <RSTBL>
       <PARAMETER>T_CLIENTEEMBARQUE</PARAMETER>
       <DBSTRUCT>ZTY_BAPIREGCAMIONES</DBSTRUCT>
      </RSTBL>
     </TABLES>
     <DOCUMENTATION>
      <RSFDO>
       <PARAMETER>PEDIDO</PARAMETER>
       <KIND>P</KIND>
       <STEXT>Documento de ventas</STEXT>
       <INDEX> 001</INDEX>
      </RSFDO>
      <RSFDO>
       <PARAMETER>GRUPO</PARAMETER>
       <KIND>P</KIND>
       <STEXT>Nº pedido según cliente del destinatario de mercancías</STEXT>
       <INDEX> 002</INDEX>
      </RSFDO>
      <RSFDO>
       <PARAMETER>EMBARQUE</PARAMETER>
       <KIND>P</KIND>
       <STEXT>Documento comercial subsiguiente</STEXT>
       <INDEX> 003</INDEX>
      </RSFDO>
      <RSFDO>
       <PARAMETER>CENTRO</PARAMETER>
       <KIND>P</KIND>
       <STEXT>Centro</STEXT>
       <INDEX> 004</INDEX>
      </RSFDO>
      <RSFDO>
       <PARAMETER>STATUS</PARAMETER>
       <KIND>P</KIND>
       <STEXT>Texto de mensaje</STEXT>
       <INDEX> 005</INDEX>
      </RSFDO>
      <RSFDO>
       <PARAMETER>T_CLIENTEEMBARQUE</PARAMETER>
       <KIND>P</KIND>
       <STEXT>Almacena datos del cliente del Pedido de Venta</STEXT>
       <INDEX> 006</INDEX>
      </RSFDO>
     </DOCUMENTATION>
    </item>
   </FUNCTIONS>
  </asx:values>
 </asx:abap>
</abapGit>
