﻿<?xml version="1.0" encoding="utf-8"?>
<abapGit version="v1.0.0" serializer="LCL_OBJECT_FUGR" serializer_version="v1.0.0">
 <asx:abap xmlns:asx="http://www.sap.com/abapxml" version="1.0">
  <asx:values>
   <AREAT>Grupo Funcion Campos Z LIKP</AREAT>
   <INCLUDES>
    <SOBJ_NAME>LZSD_LIKP_ZLSCHF01</SOBJ_NAME>
    <SOBJ_NAME>LZSD_LIKP_ZLSCHI01</SOBJ_NAME>
    <SOBJ_NAME>LZSD_LIKP_ZLSCHO01</SOBJ_NAME>
    <SOBJ_NAME>LZSD_LIKP_ZLSCHTOP</SOBJ_NAME>
    <SOBJ_NAME>SAPLZSD_LIKP_ZLSCH</SOBJ_NAME>
   </INCLUDES>
   <FUNCTIONS>
    <item>
     <FUNCNAME>ZLIKP_GET_ZLSCH</FUNCNAME>
     <SHORT_TEXT>Obtiene Vía de Pago</SHORT_TEXT>
     <IMPORT>
      <RSIMP>
       <PARAMETER>CS_LIKP</PARAMETER>
       <REFERENCE>X</REFERENCE>
       <TYP>LIKP</TYP>
      </RSIMP>
     </IMPORT>
     <DOCUMENTATION>
      <RSFDO>
       <PARAMETER>CS_LIKP</PARAMETER>
       <KIND>P</KIND>
       <STEXT>Doc.comercial: Entrega - Datos de cabecera</STEXT>
       <INDEX> 001</INDEX>
      </RSFDO>
     </DOCUMENTATION>
    </item>
    <item>
     <FUNCNAME>ZLIKP_SET_ZLSCH</FUNCNAME>
     <SHORT_TEXT>Vía de Pago en Cabecera Entrega VL01N</SHORT_TEXT>
     <IMPORT>
      <RSIMP>
       <PARAMETER>IS_LIKP</PARAMETER>
       <REFERENCE>X</REFERENCE>
       <TYP>LIKP</TYP>
      </RSIMP>
     </IMPORT>
     <DOCUMENTATION>
      <RSFDO>
       <PARAMETER>IS_LIKP</PARAMETER>
       <KIND>P</KIND>
       <STEXT>Doc.comercial: Entrega - Datos de cabecera</STEXT>
       <INDEX> 001</INDEX>
      </RSFDO>
     </DOCUMENTATION>
    </item>
    <item>
     <FUNCNAME>ZSD_EXPORT_FCODE_ZLSCH</FUNCNAME>
     <SHORT_TEXT>Export FCODE</SHORT_TEXT>
     <EXPORT>
      <RSEXP>
       <PARAMETER>EF_CODE</PARAMETER>
       <REFERENCE>X</REFERENCE>
       <TYP>FCODE</TYP>
      </RSEXP>
     </EXPORT>
     <DOCUMENTATION>
      <RSFDO>
       <PARAMETER>EF_CODE</PARAMETER>
       <KIND>P</KIND>
       <STEXT>Código de función</STEXT>
       <INDEX> 001</INDEX>
      </RSFDO>
     </DOCUMENTATION>
    </item>
    <item>
     <FUNCNAME>ZSD_FCODE_ZLSCH</FUNCNAME>
     <SHORT_TEXT>Function Code to Subscreen</SHORT_TEXT>
     <IMPORT>
      <RSIMP>
       <PARAMETER>IF_CODE</PARAMETER>
       <REFERENCE>X</REFERENCE>
       <TYP>FCODE</TYP>
      </RSIMP>
      <RSIMP>
       <PARAMETER>IF_CODE_NEUTRAL</PARAMETER>
       <REFERENCE>X</REFERENCE>
       <TYP>FCODE</TYP>
      </RSIMP>
     </IMPORT>
     <DOCUMENTATION>
      <RSFDO>
       <PARAMETER>IF_CODE</PARAMETER>
       <KIND>P</KIND>
       <STEXT>Código de función</STEXT>
       <INDEX> 001</INDEX>
      </RSFDO>
      <RSFDO>
       <PARAMETER>IF_CODE_NEUTRAL</PARAMETER>
       <KIND>P</KIND>
       <STEXT>Código de función</STEXT>
       <INDEX> 002</INDEX>
      </RSFDO>
     </DOCUMENTATION>
    </item>
    <item>
     <FUNCNAME>ZSD_GET_ENTREGAS</FUNCNAME>
     <SHORT_TEXT>Funcion para obtener las entregas en fecha determinada</SHORT_TEXT>
     <IMPORT>
      <RSIMP>
       <PARAMETER>IV_FECHA</PARAMETER>
       <REFERENCE>X</REFERENCE>
       <TYP>LFDAT_V</TYP>
      </RSIMP>
      <RSIMP>
       <PARAMETER>IV_VSTEL</PARAMETER>
       <REFERENCE>X</REFERENCE>
       <TYP>VSTEL</TYP>
      </RSIMP>
      <RSIMP>
       <PARAMETER>IV_INITIAL</PARAMETER>
       <OPTIONAL>X</OPTIONAL>
       <REFERENCE>X</REFERENCE>
       <TYP>C</TYP>
      </RSIMP>
     </IMPORT>
     <TABLES>
      <RSTBL>
       <PARAMETER>T_MARD</PARAMETER>
       <DBSTRUCT>ZTY_STOCK_MARD</DBSTRUCT>
      </RSTBL>
      <RSTBL>
       <PARAMETER>T_ENTREGAS</PARAMETER>
       <DBSTRUCT>ZTY_STOCK_ENTREGAS_A</DBSTRUCT>
      </RSTBL>
     </TABLES>
     <DOCUMENTATION>
      <RSFDO>
       <PARAMETER>IV_FECHA</PARAMETER>
       <KIND>P</KIND>
       <STEXT>Fecha de entrega</STEXT>
       <INDEX> 001</INDEX>
      </RSFDO>
      <RSFDO>
       <PARAMETER>IV_VSTEL</PARAMETER>
       <KIND>P</KIND>
       <STEXT>Pto.exped./depto.entrada mcía.</STEXT>
       <INDEX> 002</INDEX>
      </RSFDO>
      <RSFDO>
       <PARAMETER>IV_INITIAL</PARAMETER>
       <KIND>P</KIND>
       <STEXT>Indicador fecha inicial</STEXT>
       <INDEX> 003</INDEX>
      </RSFDO>
      <RSFDO>
       <PARAMETER>T_MARD</PARAMETER>
       <KIND>P</KIND>
       <STEXT>Estructura para Funcion ZSD_LIKP_ZLSCH (MARD)</STEXT>
       <INDEX> 004</INDEX>
      </RSFDO>
      <RSFDO>
       <PARAMETER>T_ENTREGAS</PARAMETER>
       <KIND>P</KIND>
       <STEXT>Estructura para Funcion ZSD_LIKP_ZLSCH (Stock de entregas)</STEXT>
       <INDEX> 005</INDEX>
      </RSFDO>
     </DOCUMENTATION>
    </item>
    <item>
     <FUNCNAME>ZSD_GET_INV_TRASPASOS</FUNCNAME>
     <SHORT_TEXT>Funcion para obtener inv traspasos en fecha determinada</SHORT_TEXT>
     <IMPORT>
      <RSIMP>
       <PARAMETER>IV_FECHA</PARAMETER>
       <REFERENCE>X</REFERENCE>
       <TYP>LFDAT_V</TYP>
      </RSIMP>
      <RSIMP>
       <PARAMETER>IV_VSTEL</PARAMETER>
       <REFERENCE>X</REFERENCE>
       <TYP>VSTEL</TYP>
      </RSIMP>
      <RSIMP>
       <PARAMETER>IV_DATE_INITIAL</PARAMETER>
       <REFERENCE>X</REFERENCE>
       <TYP>AUFIDAT2</TYP>
      </RSIMP>
      <RSIMP>
       <PARAMETER>S_ALMVTA</PARAMETER>
       <REFERENCE>X</REFERENCE>
       <TYP>EFG_TAB_RANGES</TYP>
      </RSIMP>
     </IMPORT>
     <TABLES>
      <RSTBL>
       <PARAMETER>T_TIEMPO</PARAMETER>
       <DBSTRUCT>ZSD_DIASTRASLADO</DBSTRUCT>
      </RSTBL>
      <RSTBL>
       <PARAMETER>T_MARD</PARAMETER>
       <DBSTRUCT>ZTY_STOCK_MARD</DBSTRUCT>
      </RSTBL>
      <RSTBL>
       <PARAMETER>T_TRASPASOS</PARAMETER>
       <DBSTRUCT>ZTY_STOCK_TRASPASO</DBSTRUCT>
      </RSTBL>
     </TABLES>
     <DOCUMENTATION>
      <RSFDO>
       <PARAMETER>IV_FECHA</PARAMETER>
       <KIND>P</KIND>
       <STEXT>Fecha de entrega</STEXT>
       <INDEX> 001</INDEX>
      </RSFDO>
      <RSFDO>
       <PARAMETER>IV_VSTEL</PARAMETER>
       <KIND>P</KIND>
       <STEXT>Pto.exped./depto.entrada mcía.</STEXT>
       <INDEX> 002</INDEX>
      </RSFDO>
      <RSFDO>
       <PARAMETER>IV_DATE_INITIAL</PARAMETER>
       <KIND>P</KIND>
       <STEXT>Fecha de cierre técnico</STEXT>
       <INDEX> 003</INDEX>
      </RSFDO>
      <RSFDO>
       <PARAMETER>S_ALMVTA</PARAMETER>
       <KIND>P</KIND>
       <STEXT>Rangos</STEXT>
       <INDEX> 004</INDEX>
      </RSFDO>
      <RSFDO>
       <PARAMETER>T_TIEMPO</PARAMETER>
       <KIND>P</KIND>
       <STEXT>Días de traslados Centro a Centro</STEXT>
       <INDEX> 005</INDEX>
      </RSFDO>
      <RSFDO>
       <PARAMETER>T_MARD</PARAMETER>
       <KIND>P</KIND>
       <STEXT>Estructura para Funcion ZSD_LIKP_ZLSCH (MARD)</STEXT>
       <INDEX> 006</INDEX>
      </RSFDO>
      <RSFDO>
       <PARAMETER>T_TRASPASOS</PARAMETER>
       <KIND>P</KIND>
       <STEXT>Estructura para Funcion ZSD_LIKP_ZLSCH (Stock de traspaso)</STEXT>
       <INDEX> 007</INDEX>
      </RSFDO>
     </DOCUMENTATION>
    </item>
    <item>
     <FUNCNAME>ZSD_GET_LIKP</FUNCNAME>
     <SHORT_TEXT>Get LIKP</SHORT_TEXT>
     <EXPORT>
      <RSEXP>
       <PARAMETER>LV_LIKP</PARAMETER>
       <REFERENCE>X</REFERENCE>
       <TYP>LIKP</TYP>
      </RSEXP>
     </EXPORT>
     <DOCUMENTATION>
      <RSFDO>
       <PARAMETER>LV_LIKP</PARAMETER>
       <KIND>P</KIND>
       <STEXT>Doc.comercial: Entrega - Datos de cabecera</STEXT>
       <INDEX> 001</INDEX>
      </RSFDO>
     </DOCUMENTATION>
    </item>
    <item>
     <FUNCNAME>ZSD_GET_PRODUCCION</FUNCNAME>
     <SHORT_TEXT>Funcion para obtener produccion en fecha determinada</SHORT_TEXT>
     <IMPORT>
      <RSIMP>
       <PARAMETER>IV_FECHA</PARAMETER>
       <REFERENCE>X</REFERENCE>
       <TYP>LFDAT_V</TYP>
      </RSIMP>
      <RSIMP>
       <PARAMETER>IV_VSTEL</PARAMETER>
       <REFERENCE>X</REFERENCE>
       <TYP>VSTEL</TYP>
      </RSIMP>
      <RSIMP>
       <PARAMETER>S_ALMVTA</PARAMETER>
       <REFERENCE>X</REFERENCE>
       <TYP>EFG_TAB_RANGES</TYP>
      </RSIMP>
     </IMPORT>
     <TABLES>
      <RSTBL>
       <PARAMETER>T_MARD</PARAMETER>
       <DBSTRUCT>ZTY_STOCK_MARD</DBSTRUCT>
      </RSTBL>
      <RSTBL>
       <PARAMETER>T_PRODUCCION</PARAMETER>
       <DBSTRUCT>ZTY_STOCK_PRODUCCION</DBSTRUCT>
      </RSTBL>
     </TABLES>
     <DOCUMENTATION>
      <RSFDO>
       <PARAMETER>IV_FECHA</PARAMETER>
       <KIND>P</KIND>
       <STEXT>Fecha de entrega</STEXT>
       <INDEX> 001</INDEX>
      </RSFDO>
      <RSFDO>
       <PARAMETER>IV_VSTEL</PARAMETER>
       <KIND>P</KIND>
       <STEXT>Pto.exped./depto.entrada mcía.</STEXT>
       <INDEX> 002</INDEX>
      </RSFDO>
      <RSFDO>
       <PARAMETER>S_ALMVTA</PARAMETER>
       <KIND>P</KIND>
       <STEXT>Rangos</STEXT>
       <INDEX> 003</INDEX>
      </RSFDO>
      <RSFDO>
       <PARAMETER>T_MARD</PARAMETER>
       <KIND>P</KIND>
       <STEXT>Estructura para Funcion ZSD_LIKP_ZLSCH (MARD)</STEXT>
       <INDEX> 004</INDEX>
      </RSFDO>
      <RSFDO>
       <PARAMETER>T_PRODUCCION</PARAMETER>
       <KIND>P</KIND>
       <STEXT>Estructura para Funcion ZSD_LIKP_ZLSCH (Stock de entregas)</STEXT>
       <INDEX> 005</INDEX>
      </RSFDO>
     </DOCUMENTATION>
    </item>
    <item>
     <FUNCNAME>ZSD_GET_TRASPASOS</FUNCNAME>
     <SHORT_TEXT>Funcion para obtener traspasos en fecha determinada</SHORT_TEXT>
     <IMPORT>
      <RSIMP>
       <PARAMETER>IV_FECHA</PARAMETER>
       <REFERENCE>X</REFERENCE>
       <TYP>LFDAT_V</TYP>
      </RSIMP>
      <RSIMP>
       <PARAMETER>IV_VSTEL</PARAMETER>
       <REFERENCE>X</REFERENCE>
       <TYP>VSTEL</TYP>
      </RSIMP>
      <RSIMP>
       <PARAMETER>IV_DATE_INITIAL</PARAMETER>
       <REFERENCE>X</REFERENCE>
       <TYP>AUFIDAT2</TYP>
      </RSIMP>
      <RSIMP>
       <PARAMETER>S_ALMVTA</PARAMETER>
       <TYP>EFG_TAB_RANGES</TYP>
      </RSIMP>
      <RSIMP>
       <PARAMETER>IV_INITIAL</PARAMETER>
       <OPTIONAL>X</OPTIONAL>
       <REFERENCE>X</REFERENCE>
       <TYP>C</TYP>
      </RSIMP>
     </IMPORT>
     <TABLES>
      <RSTBL>
       <PARAMETER>T_MARD</PARAMETER>
       <DBSTRUCT>ZTY_STOCK_MARD</DBSTRUCT>
      </RSTBL>
      <RSTBL>
       <PARAMETER>T_TRASPASOS</PARAMETER>
       <DBSTRUCT>ZTY_STOCK_TRASPASO</DBSTRUCT>
      </RSTBL>
     </TABLES>
     <DOCUMENTATION>
      <RSFDO>
       <PARAMETER>IV_FECHA</PARAMETER>
       <KIND>P</KIND>
       <STEXT>Fecha de entrega</STEXT>
       <INDEX> 001</INDEX>
      </RSFDO>
      <RSFDO>
       <PARAMETER>IV_VSTEL</PARAMETER>
       <KIND>P</KIND>
       <STEXT>Pto.exped./depto.entrada mcía.</STEXT>
       <INDEX> 002</INDEX>
      </RSFDO>
      <RSFDO>
       <PARAMETER>IV_DATE_INITIAL</PARAMETER>
       <KIND>P</KIND>
       <STEXT>Fecha de cierre técnico</STEXT>
       <INDEX> 003</INDEX>
      </RSFDO>
      <RSFDO>
       <PARAMETER>S_ALMVTA</PARAMETER>
       <KIND>P</KIND>
       <STEXT>Rangos</STEXT>
       <INDEX> 004</INDEX>
      </RSFDO>
      <RSFDO>
       <PARAMETER>IV_INITIAL</PARAMETER>
       <KIND>P</KIND>
       <STEXT>Indicador fecha inicial</STEXT>
       <INDEX> 005</INDEX>
      </RSFDO>
      <RSFDO>
       <PARAMETER>T_MARD</PARAMETER>
       <KIND>P</KIND>
       <STEXT>Estructura para Funcion ZSD_LIKP_ZLSCH (MARD)</STEXT>
       <INDEX> 006</INDEX>
      </RSFDO>
      <RSFDO>
       <PARAMETER>T_TRASPASOS</PARAMETER>
       <KIND>P</KIND>
       <STEXT>Estructura para Funcion ZSD_LIKP_ZLSCH (Stock de traspaso)</STEXT>
       <INDEX> 007</INDEX>
      </RSFDO>
     </DOCUMENTATION>
    </item>
    <item>
     <FUNCNAME>ZSD_SET_LIKP</FUNCNAME>
     <SHORT_TEXT>Set LIKP</SHORT_TEXT>
     <IMPORT>
      <RSIMP>
       <PARAMETER>LV_LIKP</PARAMETER>
       <REFERENCE>X</REFERENCE>
       <TYP>LIKP</TYP>
      </RSIMP>
     </IMPORT>
     <TABLES>
      <RSTBL>
       <PARAMETER>LV_LIPS</PARAMETER>
       <DBSTRUCT>LIPS</DBSTRUCT>
      </RSTBL>
      <RSTBL>
       <PARAMETER>LV_XVBFA</PARAMETER>
       <DBSTRUCT>VBFA</DBSTRUCT>
      </RSTBL>
     </TABLES>
     <DOCUMENTATION>
      <RSFDO>
       <PARAMETER>LV_LIKP</PARAMETER>
       <KIND>P</KIND>
       <STEXT>Doc.comercial: Entrega - Datos de cabecera</STEXT>
       <INDEX> 001</INDEX>
      </RSFDO>
      <RSFDO>
       <PARAMETER>LV_LIPS</PARAMETER>
       <KIND>P</KIND>
       <STEXT>Doc.comercial: Entrega - Datos de posición</STEXT>
       <INDEX> 002</INDEX>
      </RSFDO>
      <RSFDO>
       <PARAMETER>LV_XVBFA</PARAMETER>
       <KIND>P</KIND>
       <STEXT>Flujo de documentos comerciales</STEXT>
       <INDEX> 003</INDEX>
      </RSFDO>
     </DOCUMENTATION>
    </item>
   </FUNCTIONS>
   <DYNPROS>
    <item>
     <HEADER>
      <PROGRAM>SAPLZSD_LIKP_ZLSCH</PROGRAM>
      <SCREEN>9100</SCREEN>
      <LANGUAGE>S</LANGUAGE>
      <DESCRIPT>Campos Z Cabecera Entrega</DESCRIPT>
      <TYPE>I</TYPE>
      <NEXTSCREEN>9100</NEXTSCREEN>
      <LINES>027</LINES>
      <COLUMNS>131</COLUMNS>
     </HEADER>
     <CONTAINERS>
      <RPY_DYCATT>
       <TYPE>SCREEN</TYPE>
       <NAME>SCREEN</NAME>
      </RPY_DYCATT>
      <RPY_DYCATT>
       <TYPE>CUST_CTRL</TYPE>
       <NAME>CCTRL_MOTIVO</NAME>
       <ELEMENT_OF>SCREEN</ELEMENT_OF>
       <LINE>001</LINE>
       <COLUMN>061</COLUMN>
       <LENGTH>070</LENGTH>
       <HEIGHT>005</HEIGHT>
       <C_LINE_MIN>001</C_LINE_MIN>
       <C_COLN_MIN>001</C_COLN_MIN>
      </RPY_DYCATT>
      <RPY_DYCATT>
       <TYPE>CUST_CTRL</TYPE>
       <NAME>CCTRL_9100</NAME>
       <ELEMENT_OF>SCREEN</ELEMENT_OF>
       <LINE>007</LINE>
       <COLUMN>002</COLUMN>
       <LENGTH>128</LENGTH>
       <HEIGHT>011</HEIGHT>
       <C_LINE_MIN>001</C_LINE_MIN>
       <C_COLN_MIN>001</C_COLN_MIN>
      </RPY_DYCATT>
     </CONTAINERS>
     <FIELDS>
      <RPY_DYFATC>
       <CONT_TYPE>SCREEN</CONT_TYPE>
       <CONT_NAME>SCREEN</CONT_NAME>
       <TYPE>FRAME</TYPE>
       <NAME>M1</NAME>
       <TEXT>__________________________________</TEXT>
       <LINE>001</LINE>
       <COLUMN>001</COLUMN>
       <LENGTH>035</LENGTH>
       <VISLENGTH>035</VISLENGTH>
       <HEIGHT>005</HEIGHT>
       <FORMAT>CHAR</FORMAT>
       <REQU_ENTRY>N</REQU_ENTRY>
      </RPY_DYFATC>
      <RPY_DYFATC>
       <CONT_TYPE>SCREEN</CONT_TYPE>
       <CONT_NAME>SCREEN</CONT_NAME>
       <TYPE>TEXT</TYPE>
       <NAME>TIT_VIA</NAME>
       <TEXT>Forma_de_Pago</TEXT>
       <LINE>002</LINE>
       <COLUMN>002</COLUMN>
       <LENGTH>013</LENGTH>
       <VISLENGTH>013</VISLENGTH>
       <HEIGHT>001</HEIGHT>
       <FORMAT>CHAR</FORMAT>
       <REQU_ENTRY>N</REQU_ENTRY>
       <LABELLEFT>X</LABELLEFT>
      </RPY_DYFATC>
      <RPY_DYFATC>
       <CONT_TYPE>SCREEN</CONT_TYPE>
       <CONT_NAME>SCREEN</CONT_NAME>
       <TYPE>TEMPLATE</TYPE>
       <NAME>ZLIKP_ZLSCH-ZLSCH</NAME>
       <TEXT>___</TEXT>
       <LINE>002</LINE>
       <COLUMN>017</COLUMN>
       <LENGTH>003</LENGTH>
       <VISLENGTH>003</VISLENGTH>
       <HEIGHT>001</HEIGHT>
       <FORMAT>CHAR</FORMAT>
       <FROM_DICT>X</FROM_DICT>
       <MODIFIC>X</MODIFIC>
       <FOREIGNKEY>X</FOREIGNKEY>
       <INPUT_FLD>X</INPUT_FLD>
       <OUTPUT_FLD>X</OUTPUT_FLD>
       <DICT_I_FKY>X</DICT_I_FKY>
      </RPY_DYFATC>
      <RPY_DYFATC>
       <CONT_TYPE>SCREEN</CONT_TYPE>
       <CONT_NAME>SCREEN</CONT_NAME>
       <TYPE>PUSH</TYPE>
       <NAME>BTN_PROPONERFECHA</NAME>
       <TEXT>Proponer_Fecha_</TEXT>
       <LINE>002</LINE>
       <COLUMN>038</COLUMN>
       <LENGTH>015</LENGTH>
       <VISLENGTH>015</VISLENGTH>
       <HEIGHT>001</HEIGHT>
       <PUSH_FCODE>FC_FECHA</PUSH_FCODE>
       <FORMAT>CHAR</FORMAT>
       <REQU_ENTRY>N</REQU_ENTRY>
      </RPY_DYFATC>
      <RPY_DYFATC>
       <CONT_TYPE>SCREEN</CONT_TYPE>
       <CONT_NAME>SCREEN</CONT_NAME>
       <TYPE>TEXT</TYPE>
       <NAME>LBL_MOTIVO</NAME>
       <TEXT>Motivo</TEXT>
       <LINE>002</LINE>
       <COLUMN>054</COLUMN>
       <LENGTH>006</LENGTH>
       <VISLENGTH>006</VISLENGTH>
       <HEIGHT>001</HEIGHT>
       <FORMAT>CHAR</FORMAT>
       <REQU_ENTRY>N</REQU_ENTRY>
      </RPY_DYFATC>
      <RPY_DYFATC>
       <CONT_TYPE>SCREEN</CONT_TYPE>
       <CONT_NAME>SCREEN</CONT_NAME>
       <TYPE>TEXT</TYPE>
       <NAME>TIT_NO_CTA</NAME>
       <TEXT>Cuenta_de_Pago</TEXT>
       <LINE>004</LINE>
       <COLUMN>002</COLUMN>
       <LENGTH>014</LENGTH>
       <VISLENGTH>014</VISLENGTH>
       <HEIGHT>001</HEIGHT>
       <FORMAT>CHAR</FORMAT>
       <REQU_ENTRY>N</REQU_ENTRY>
       <INVISIBLE>X</INVISIBLE>
      </RPY_DYFATC>
      <RPY_DYFATC>
       <CONT_TYPE>SCREEN</CONT_TYPE>
       <CONT_NAME>SCREEN</CONT_NAME>
       <TYPE>TEMPLATE</TYPE>
       <NAME>ZLIKP_ZLSCH-BANKN</NAME>
       <TEXT>__________________</TEXT>
       <LINE>004</LINE>
       <COLUMN>017</COLUMN>
       <LENGTH>018</LENGTH>
       <VISLENGTH>018</VISLENGTH>
       <HEIGHT>001</HEIGHT>
       <FORMAT>CHAR</FORMAT>
       <FROM_DICT>X</FROM_DICT>
       <MODIFIC>X</MODIFIC>
       <FOREIGNKEY>X</FOREIGNKEY>
       <OUTPUT_FLD>X</OUTPUT_FLD>
       <OUTPUTONLY>X</OUTPUTONLY>
       <REQU_ENTRY>N</REQU_ENTRY>
       <INVISIBLE>X</INVISIBLE>
      </RPY_DYFATC>
      <RPY_DYFATC>
       <CONT_TYPE>SCREEN</CONT_TYPE>
       <CONT_NAME>SCREEN</CONT_NAME>
       <TYPE>TEXT</TYPE>
       <NAME>ZLIKP_FECPROP-FECMOV</NAME>
       <TEXT>Fecha</TEXT>
       <LINE>004</LINE>
       <COLUMN>042</COLUMN>
       <LENGTH>005</LENGTH>
       <VISLENGTH>005</VISLENGTH>
       <HEIGHT>001</HEIGHT>
       <FORMAT>CHAR</FORMAT>
       <FROM_DICT>X</FROM_DICT>
       <MODIFIC>2</MODIFIC>
       <REQU_ENTRY>N</REQU_ENTRY>
       <LABELLEFT>X</LABELLEFT>
      </RPY_DYFATC>
      <RPY_DYFATC>
       <CONT_TYPE>SCREEN</CONT_TYPE>
       <CONT_NAME>SCREEN</CONT_NAME>
       <TYPE>TEMPLATE</TYPE>
       <NAME>ZLIKP_FECPROP-FECMOV</NAME>
       <TEXT>__________</TEXT>
       <LINE>004</LINE>
       <COLUMN>048</COLUMN>
       <LENGTH>010</LENGTH>
       <VISLENGTH>010</VISLENGTH>
       <HEIGHT>001</HEIGHT>
       <FORMAT>DATS</FORMAT>
       <FROM_DICT>X</FROM_DICT>
       <FOREIGNKEY>X</FOREIGNKEY>
       <INPUT_FLD>X</INPUT_FLD>
       <OUTPUT_FLD>X</OUTPUT_FLD>
       <REQU_ENTRY>R</REQU_ENTRY>
      </RPY_DYFATC>
      <RPY_DYFATC>
       <CONT_TYPE>SCREEN</CONT_TYPE>
       <CONT_NAME>SCREEN</CONT_NAME>
       <TYPE>FRAME</TYPE>
       <NAME>M2</NAME>
       <TEXT>Existencia_de_embarques___________________________________________________________________________________________________________</TEXT>
       <LINE>006</LINE>
       <COLUMN>001</COLUMN>
       <LENGTH>131</LENGTH>
       <VISLENGTH>131</VISLENGTH>
       <HEIGHT>013</HEIGHT>
       <FORMAT>CHAR</FORMAT>
       <REQU_ENTRY>N</REQU_ENTRY>
      </RPY_DYFATC>
      <RPY_DYFATC>
       <CONT_TYPE>SCREEN</CONT_TYPE>
       <CONT_NAME>SCREEN</CONT_NAME>
       <TYPE>OKCODE</TYPE>
       <TEXT>____________________</TEXT>
       <LENGTH>020</LENGTH>
       <VISLENGTH>020</VISLENGTH>
       <HEIGHT>001</HEIGHT>
       <FORMAT>CHAR</FORMAT>
       <INPUT_FLD>X</INPUT_FLD>
      </RPY_DYFATC>
     </FIELDS>
     <FLOW_LOGIC>
      <RPY_DYFLOW/>
      <RPY_DYFLOW>
       <LINE>PROCESS BEFORE OUTPUT.</LINE>
      </RPY_DYFLOW>
      <RPY_DYFLOW>
       <LINE>* MODULE STATUS_9100.</LINE>
      </RPY_DYFLOW>
      <RPY_DYFLOW>
       <LINE>MODULE CONVERT_ALV.</LINE>
      </RPY_DYFLOW>
      <RPY_DYFLOW>
       <LINE>* MODULE EDITOR_TXT.</LINE>
      </RPY_DYFLOW>
      <RPY_DYFLOW/>
      <RPY_DYFLOW>
       <LINE>PROCESS AFTER INPUT.</LINE>
      </RPY_DYFLOW>
      <RPY_DYFLOW>
       <LINE>FIELD ZLIKP_ZLSCH-ZLSCH.</LINE>
      </RPY_DYFLOW>
      <RPY_DYFLOW>
       <LINE>FIELD ZLIKP_ZLSCH-BANKN.</LINE>
      </RPY_DYFLOW>
      <RPY_DYFLOW/>
      <RPY_DYFLOW>
       <LINE>MODULE USER_COMMAND_9100.</LINE>
      </RPY_DYFLOW>
      <RPY_DYFLOW>
       <LINE>MODULE DISPLAY_ALV.</LINE>
      </RPY_DYFLOW>
     </FLOW_LOGIC>
     <SPACES>
      <item>0</item>
      <item>0</item>
      <item>0</item>
      <item>2</item>
      <item>0</item>
      <item>0</item>
      <item>0</item>
      <item>2</item>
      <item>2</item>
      <item>0</item>
      <item>2</item>
      <item>2</item>
     </SPACES>
    </item>
   </DYNPROS>
  </asx:values>
 </asx:abap>
</abapGit>
