﻿<?xml version="1.0" encoding="utf-8"?>
<abapGit version="v1.0.0" serializer="LCL_OBJECT_FUGR" serializer_version="v1.0.0">
 <asx:abap xmlns:asx="http://www.sap.com/abapxml" version="1.0">
  <asx:values>
   <AREAT>Grupo de Funciones TYASA Ventas</AREAT>
   <INCLUDES>
    <SOBJ_NAME>LZSD_VENTAS_ETOP</SOBJ_NAME>
    <SOBJ_NAME>SAPLZSD_VENTAS_E</SOBJ_NAME>
   </INCLUDES>
   <FUNCTIONS>
    <item>
     <FUNCNAME>ZSD_CLIENTE_DETALLE</FUNCNAME>
     <REMOTE_CALL>R</REMOTE_CALL>
     <SHORT_TEXT>Detalle de Cliente de Venta</SHORT_TEXT>
     <IMPORT>
      <RSIMP>
       <PARAMETER>PEDIDO</PARAMETER>
       <TYP>VBELN</TYP>
      </RSIMP>
      <RSIMP>
       <PARAMETER>CLIENTE</PARAMETER>
       <TYP>KUNNR</TYP>
      </RSIMP>
     </IMPORT>
     <TABLES>
      <RSTBL>
       <PARAMETER>T_CLIENTE_DET</PARAMETER>
       <DBSTRUCT>ZTY_BAPICLIENTE_DET</DBSTRUCT>
      </RSTBL>
     </TABLES>
     <DOCUMENTATION>
      <RSFDO>
       <PARAMETER>PEDIDO</PARAMETER>
       <KIND>P</KIND>
       <STEXT>Número de documento comercial</STEXT>
       <INDEX> 001</INDEX>
      </RSFDO>
      <RSFDO>
       <PARAMETER>CLIENTE</PARAMETER>
       <KIND>P</KIND>
       <STEXT>Número de deudor</STEXT>
       <INDEX> 002</INDEX>
      </RSFDO>
      <RSFDO>
       <PARAMETER>T_CLIENTE_DET</PARAMETER>
       <KIND>P</KIND>
       <STEXT>Datos de detalle del cliente</STEXT>
       <INDEX> 003</INDEX>
      </RSFDO>
     </DOCUMENTATION>
    </item>
    <item>
     <FUNCNAME>ZSD_CLIENTE_DETALLE_V2</FUNCNAME>
     <REMOTE_CALL>R</REMOTE_CALL>
     <SHORT_TEXT>Detalle de Cliente de Venta</SHORT_TEXT>
     <IMPORT>
      <RSIMP>
       <PARAMETER>IV_ORG</PARAMETER>
       <TYP>VKORG</TYP>
      </RSIMP>
     </IMPORT>
     <TABLES>
      <RSTBL>
       <PARAMETER>T_CLIENTE_DET</PARAMETER>
       <DBSTRUCT>ZTY_BAPICLIENTE_DET_V2</DBSTRUCT>
      </RSTBL>
     </TABLES>
     <DOCUMENTATION>
      <RSFDO>
       <PARAMETER>IV_ORG</PARAMETER>
       <KIND>P</KIND>
       <STEXT>Organización de ventas</STEXT>
       <INDEX> 001</INDEX>
      </RSFDO>
      <RSFDO>
       <PARAMETER>T_CLIENTE_DET</PARAMETER>
       <KIND>P</KIND>
       <STEXT>Datos de detalle del cliente</STEXT>
       <INDEX> 002</INDEX>
      </RSFDO>
     </DOCUMENTATION>
    </item>
    <item>
     <FUNCNAME>ZSD_ENTREGA_DET</FUNCNAME>
     <REMOTE_CALL>R</REMOTE_CALL>
     <SHORT_TEXT>Detalle documento de Entrega</SHORT_TEXT>
     <IMPORT>
      <RSIMP>
       <PARAMETER>ENTREGA</PARAMETER>
       <TYP>VBELN_VL</TYP>
      </RSIMP>
     </IMPORT>
     <TABLES>
      <RSTBL>
       <PARAMETER>T_ENTREGA</PARAMETER>
       <DBSTRUCT>ZSD_BAPIENTREGA_DET</DBSTRUCT>
       <OPTIONAL>X</OPTIONAL>
      </RSTBL>
      <RSTBL>
       <PARAMETER>T_SECTOR</PARAMETER>
       <DBSTRUCT>ZSD_BAPISECTOR</DBSTRUCT>
       <OPTIONAL>X</OPTIONAL>
      </RSTBL>
     </TABLES>
     <DOCUMENTATION>
      <RSFDO>
       <PARAMETER>ENTREGA</PARAMETER>
       <KIND>P</KIND>
       <STEXT>Entrega</STEXT>
       <INDEX> 001</INDEX>
      </RSFDO>
      <RSFDO>
       <PARAMETER>T_ENTREGA</PARAMETER>
       <KIND>P</KIND>
       <STEXT>Detalle de Entrega</STEXT>
       <INDEX> 002</INDEX>
      </RSFDO>
      <RSFDO>
       <PARAMETER>T_SECTOR</PARAMETER>
       <KIND>P</KIND>
       <STEXT>Almacena Sectores a consultar</STEXT>
       <INDEX> 003</INDEX>
      </RSFDO>
     </DOCUMENTATION>
    </item>
    <item>
     <FUNCNAME>ZSD_PEDIDO_REMISION</FUNCNAME>
     <REMOTE_CALL>R</REMOTE_CALL>
     <SHORT_TEXT>Pedido Remision</SHORT_TEXT>
     <IMPORT>
      <RSIMP>
       <PARAMETER>PEDIDO</PARAMETER>
       <OPTIONAL>X</OPTIONAL>
       <TYP>VBELN</TYP>
      </RSIMP>
      <RSIMP>
       <PARAMETER>WERKS</PARAMETER>
       <TYP>WERKS_EXT</TYP>
      </RSIMP>
      <RSIMP>
       <PARAMETER>KUNNR</PARAMETER>
       <OPTIONAL>X</OPTIONAL>
       <TYP>KUNNR</TYP>
      </RSIMP>
      <RSIMP>
       <PARAMETER>F_INICIAL</PARAMETER>
       <OPTIONAL>X</OPTIONAL>
       <TYP>EDATU_VBAK</TYP>
      </RSIMP>
      <RSIMP>
       <PARAMETER>F_FINAL</PARAMETER>
       <OPTIONAL>X</OPTIONAL>
       <TYP>EDATU_VBAK</TYP>
      </RSIMP>
     </IMPORT>
     <TABLES>
      <RSTBL>
       <PARAMETER>T_PEDIDO_REM</PARAMETER>
       <DBSTRUCT>ZTY_BAPIPED_REMISION</DBSTRUCT>
      </RSTBL>
     </TABLES>
     <DOCUMENTATION>
      <RSFDO>
       <PARAMETER>PEDIDO</PARAMETER>
       <KIND>P</KIND>
       <STEXT>Número de documento comercial</STEXT>
       <INDEX> 001</INDEX>
      </RSFDO>
      <RSFDO>
       <PARAMETER>WERKS</PARAMETER>
       <KIND>P</KIND>
       <STEXT>Centro (propio o externo)</STEXT>
       <INDEX> 002</INDEX>
      </RSFDO>
      <RSFDO>
       <PARAMETER>KUNNR</PARAMETER>
       <KIND>P</KIND>
       <STEXT>Número de deudor</STEXT>
       <INDEX> 003</INDEX>
      </RSFDO>
      <RSFDO>
       <PARAMETER>F_INICIAL</PARAMETER>
       <KIND>P</KIND>
       <STEXT>Fecha preferente de entrega</STEXT>
       <INDEX> 004</INDEX>
      </RSFDO>
      <RSFDO>
       <PARAMETER>F_FINAL</PARAMETER>
       <KIND>P</KIND>
       <STEXT>Fecha preferente de entrega</STEXT>
       <INDEX> 005</INDEX>
      </RSFDO>
      <RSFDO>
       <PARAMETER>T_PEDIDO_REM</PARAMETER>
       <KIND>P</KIND>
       <STEXT>Informacion Pedido-Remision</STEXT>
       <INDEX> 006</INDEX>
      </RSFDO>
     </DOCUMENTATION>
    </item>
   </FUNCTIONS>
  </asx:values>
 </asx:abap>
</abapGit>
