﻿<?xml version="1.0" encoding="utf-8"?>
<abapGit version="v1.0.0" serializer="LCL_OBJECT_FUGR" serializer_version="v1.0.0">
 <asx:abap xmlns:asx="http://www.sap.com/abapxml" version="1.0">
  <asx:values>
   <AREAT>Grupo de Funciones TYASA Ventas</AREAT>
   <INCLUDES>
    <SOBJ_NAME>LZSD_VENTAS_JTOP</SOBJ_NAME>
    <SOBJ_NAME>SAPLZSD_VENTAS_J</SOBJ_NAME>
   </INCLUDES>
   <FUNCTIONS>
    <item>
     <FUNCNAME>ZSD_HA_PEDIDO_DETALLE_REM_V2</FUNCNAME>
     <REMOTE_CALL>R</REMOTE_CALL>
     <SHORT_TEXT>BAPI Devuelve posiciones cantidad y unidad medida de material por pedido</SHORT_TEXT>
     <IMPORT>
      <RSIMP>
       <PARAMETER>ENTREGA</PARAMETER>
       <TYP>VBELN_VL</TYP>
      </RSIMP>
     </IMPORT>
     <TABLES>
      <RSTBL>
       <PARAMETER>T_PEDIDODET_REM</PARAMETER>
       <DBSTRUCT>ZSD_BAPIPED_DET_REM_V2</DBSTRUCT>
      </RSTBL>
      <RSTBL>
       <PARAMETER>RETURN</PARAMETER>
       <DBSTRUCT>BAPIRET2</DBSTRUCT>
      </RSTBL>
     </TABLES>
     <DOCUMENTATION>
      <RSFDO>
       <PARAMETER>ENTREGA</PARAMETER>
       <KIND>P</KIND>
       <STEXT>Número de documento comercial</STEXT>
       <INDEX> 001</INDEX>
      </RSFDO>
      <RSFDO>
       <PARAMETER>T_PEDIDODET_REM</PARAMETER>
       <KIND>P</KIND>
       <STEXT>Detalle Pedido-Remision</STEXT>
       <INDEX> 002</INDEX>
      </RSFDO>
      <RSFDO>
       <PARAMETER>RETURN</PARAMETER>
       <KIND>P</KIND>
       <STEXT>Parámetro de retorno</STEXT>
       <INDEX> 003</INDEX>
      </RSFDO>
     </DOCUMENTATION>
    </item>
    <item>
     <FUNCNAME>ZSD_PEDIDO_DETALLE_REM_V2</FUNCNAME>
     <REMOTE_CALL>R</REMOTE_CALL>
     <SHORT_TEXT>BAPI Devuelve posiciones cantidad y unidad medida de material por pedido</SHORT_TEXT>
     <IMPORT>
      <RSIMP>
       <PARAMETER>ENTREGA</PARAMETER>
       <TYP>VBELN_VL</TYP>
      </RSIMP>
     </IMPORT>
     <TABLES>
      <RSTBL>
       <PARAMETER>T_PEDIDODET_REM</PARAMETER>
       <DBSTRUCT>ZSD_BAPIPED_DET_REM_V2</DBSTRUCT>
      </RSTBL>
      <RSTBL>
       <PARAMETER>RETURN</PARAMETER>
       <DBSTRUCT>BAPIRET2</DBSTRUCT>
      </RSTBL>
     </TABLES>
     <DOCUMENTATION>
      <RSFDO>
       <PARAMETER>ENTREGA</PARAMETER>
       <KIND>P</KIND>
       <STEXT>Número de documento comercial</STEXT>
       <INDEX> 001</INDEX>
      </RSFDO>
      <RSFDO>
       <PARAMETER>T_PEDIDODET_REM</PARAMETER>
       <KIND>P</KIND>
       <STEXT>Detalle Pedido-Remision</STEXT>
       <INDEX> 002</INDEX>
      </RSFDO>
      <RSFDO>
       <PARAMETER>RETURN</PARAMETER>
       <KIND>P</KIND>
       <STEXT>Parámetro de retorno</STEXT>
       <INDEX> 003</INDEX>
      </RSFDO>
     </DOCUMENTATION>
    </item>
    <item>
     <FUNCNAME>ZSD_SECTOR_GETLIST</FUNCNAME>
     <REMOTE_CALL>R</REMOTE_CALL>
     <SHORT_TEXT>Listado de Sectores por Org. de Venta</SHORT_TEXT>
     <IMPORT>
      <RSIMP>
       <PARAMETER>VKORG</PARAMETER>
       <TYP>VKORG</TYP>
      </RSIMP>
     </IMPORT>
     <TABLES>
      <RSTBL>
       <PARAMETER>T_SECTOR</PARAMETER>
       <DBSTRUCT>H_TVKOS</DBSTRUCT>
      </RSTBL>
     </TABLES>
     <DOCUMENTATION>
      <RSFDO>
       <PARAMETER>VKORG</PARAMETER>
       <KIND>P</KIND>
       <STEXT>Organización de ventas</STEXT>
       <INDEX> 001</INDEX>
      </RSFDO>
      <RSFDO>
       <PARAMETER>T_SECTOR</PARAMETER>
       <KIND>P</KIND>
       <STEXT>Generated Table for View H_TVKOS</STEXT>
       <INDEX> 002</INDEX>
      </RSFDO>
     </DOCUMENTATION>
    </item>
   </FUNCTIONS>
  </asx:values>
 </asx:abap>
</abapGit>
