﻿<?xml version="1.0" encoding="utf-8"?>
<abapGit version="v1.0.0" serializer="LCL_OBJECT_FUGR" serializer_version="v1.0.0">
 <asx:abap xmlns:asx="http://www.sap.com/abapxml" version="1.0">
  <asx:values>
   <AREAT>Grupo de Ventas</AREAT>
   <INCLUDES>
    <SOBJ_NAME>LZSD_VENTAS_QTOP</SOBJ_NAME>
    <SOBJ_NAME>SAPLZSD_VENTAS_Q</SOBJ_NAME>
   </INCLUDES>
   <FUNCTIONS>
    <item>
     <FUNCNAME>ZSD_LIST_ENTREGAS_AUT</FUNCNAME>
     <REMOTE_CALL>R</REMOTE_CALL>
     <SHORT_TEXT>Listado Entrega Aut. y liberadas de credito</SHORT_TEXT>
     <IMPORT>
      <RSIMP>
       <PARAMETER>VKORG</PARAMETER>
       <TYP>VKORG</TYP>
      </RSIMP>
     </IMPORT>
     <TABLES>
      <RSTBL>
       <PARAMETER>T_ENTREGAS</PARAMETER>
       <DBSTRUCT>ZSD_ENT_AUT</DBSTRUCT>
      </RSTBL>
     </TABLES>
     <DOCUMENTATION>
      <RSFDO>
       <PARAMETER>VKORG</PARAMETER>
       <KIND>P</KIND>
       <STEXT>Organización de ventas</STEXT>
       <INDEX> 001</INDEX>
      </RSFDO>
      <RSFDO>
       <PARAMETER>T_ENTREGAS</PARAMETER>
       <KIND>P</KIND>
       <STEXT>Listado Entregas Autorizadas y libres de credito</STEXT>
       <INDEX> 002</INDEX>
      </RSFDO>
     </DOCUMENTATION>
    </item>
    <item>
     <FUNCNAME>ZSD_LIST_ENTREGAS_AUT_CONTA</FUNCNAME>
     <REMOTE_CALL>R</REMOTE_CALL>
     <SHORT_TEXT>Listado Entrega Aut. y liberadas de credito ya contabilizadas</SHORT_TEXT>
     <IMPORT>
      <RSIMP>
       <PARAMETER>FH_INI</PARAMETER>
       <OPTIONAL>X</OPTIONAL>
       <TYP>DATUM</TYP>
      </RSIMP>
      <RSIMP>
       <PARAMETER>FH_FIN</PARAMETER>
       <OPTIONAL>X</OPTIONAL>
       <TYP>DATUM</TYP>
      </RSIMP>
      <RSIMP>
       <PARAMETER>VKORG</PARAMETER>
       <OPTIONAL>X</OPTIONAL>
       <TYP>VKORG</TYP>
      </RSIMP>
     </IMPORT>
     <TABLES>
      <RSTBL>
       <PARAMETER>T_ENTREGAS</PARAMETER>
       <DBSTRUCT>ZSD_ENT_AUT_CONTA</DBSTRUCT>
      </RSTBL>
     </TABLES>
     <DOCUMENTATION>
      <RSFDO>
       <PARAMETER>FH_INI</PARAMETER>
       <KIND>P</KIND>
       <STEXT>Organización de ventas</STEXT>
       <INDEX> 001</INDEX>
      </RSFDO>
      <RSFDO>
       <PARAMETER>FH_FIN</PARAMETER>
       <KIND>P</KIND>
       <STEXT>Fecha</STEXT>
       <INDEX> 002</INDEX>
      </RSFDO>
      <RSFDO>
       <PARAMETER>VKORG</PARAMETER>
       <KIND>P</KIND>
       <STEXT>Organización de ventas</STEXT>
       <INDEX> 003</INDEX>
      </RSFDO>
      <RSFDO>
       <PARAMETER>T_ENTREGAS</PARAMETER>
       <KIND>P</KIND>
       <STEXT>Listado Entregas Autorizadas y libres de credito</STEXT>
       <INDEX> 004</INDEX>
      </RSFDO>
     </DOCUMENTATION>
    </item>
   </FUNCTIONS>
  </asx:values>
 </asx:abap>
</abapGit>
