﻿<?xml version="1.0" encoding="utf-8"?>
<abapGit version="v1.0.0" serializer="LCL_OBJECT_FUGR" serializer_version="v1.0.0">
 <asx:abap xmlns:asx="http://www.sap.com/abapxml" version="1.0">
  <asx:values>
   <AREAT>Grupo de Funciones TYASA Ventas</AREAT>
   <INCLUDES>
    <SOBJ_NAME>LZSD_VENTAS_ITOP</SOBJ_NAME>
    <SOBJ_NAME>SAPLZSD_VENTAS_I</SOBJ_NAME>
   </INCLUDES>
   <FUNCTIONS>
    <item>
     <FUNCNAME>ZSD_AGREGA_PEDIDO_ANTICIPO</FUNCNAME>
     <REMOTE_CALL>R</REMOTE_CALL>
     <SHORT_TEXT>Funcion para agregar anticipo a pedido</SHORT_TEXT>
     <IMPORT>
      <RSIMP>
       <PARAMETER>IV_VBELN</PARAMETER>
       <TYP>VBELN_VL</TYP>
      </RSIMP>
     </IMPORT>
     <EXPORT>
      <RSEXP>
       <PARAMETER>EV_VBELN</PARAMETER>
       <TYP>VBELN_VL</TYP>
      </RSEXP>
     </EXPORT>
     <TABLES>
      <RSTBL>
       <PARAMETER>T_RETURN</PARAMETER>
       <DBSTRUCT>BAPIRET2</DBSTRUCT>
      </RSTBL>
     </TABLES>
     <DOCUMENTATION>
      <RSFDO>
       <PARAMETER>IV_VBELN</PARAMETER>
       <KIND>P</KIND>
       <STEXT>Entrega</STEXT>
       <INDEX> 001</INDEX>
      </RSFDO>
      <RSFDO>
       <PARAMETER>EV_VBELN</PARAMETER>
       <KIND>P</KIND>
       <STEXT>Entrega</STEXT>
       <INDEX> 002</INDEX>
      </RSFDO>
      <RSFDO>
       <PARAMETER>T_RETURN</PARAMETER>
       <KIND>P</KIND>
       <STEXT>Parámetro de retorno</STEXT>
       <INDEX> 003</INDEX>
      </RSFDO>
     </DOCUMENTATION>
    </item>
    <item>
     <FUNCNAME>ZSD_FOLIO_CARGA_V3</FUNCNAME>
     <REMOTE_CALL>R</REMOTE_CALL>
     <SHORT_TEXT>BAPI Registro de Camiones-Devuelve informacion cliente</SHORT_TEXT>
     <IMPORT>
      <RSIMP>
       <PARAMETER>ENTREGA</PARAMETER>
       <TYP>VBELN_VL</TYP>
      </RSIMP>
     </IMPORT>
     <TABLES>
      <RSTBL>
       <PARAMETER>T_FOLIO_CARGA</PARAMETER>
       <DBSTRUCT>ZSD_BAPIFOLIOCARGA_V2</DBSTRUCT>
      </RSTBL>
      <RSTBL>
       <PARAMETER>T_SECTORES</PARAMETER>
       <DBSTRUCT>ZSD_BAPISECTORES</DBSTRUCT>
       <OPTIONAL>X</OPTIONAL>
      </RSTBL>
     </TABLES>
     <DOCUMENTATION>
      <RSFDO>
       <PARAMETER>ENTREGA</PARAMETER>
       <KIND>P</KIND>
       <STEXT>Documento de ventas</STEXT>
       <INDEX> 001</INDEX>
      </RSFDO>
      <RSFDO>
       <PARAMETER>T_FOLIO_CARGA</PARAMETER>
       <KIND>P</KIND>
       <STEXT>Almacena datos del Pedido de Venta para Folio Descrip. Carga</STEXT>
       <INDEX> 002</INDEX>
      </RSFDO>
      <RSFDO>
       <PARAMETER>T_SECTORES</PARAMETER>
       <KIND>P</KIND>
       <STEXT>Considera sectores a tomar en cuanta</STEXT>
       <INDEX> 003</INDEX>
      </RSFDO>
     </DOCUMENTATION>
    </item>
    <item>
     <FUNCNAME>ZSD_HA_FOLIO_CARGA_V3</FUNCNAME>
     <REMOTE_CALL>R</REMOTE_CALL>
     <SHORT_TEXT>BAPI Registro de Camiones-Devuelve informacion cliente</SHORT_TEXT>
     <IMPORT>
      <RSIMP>
       <PARAMETER>ENTREGA</PARAMETER>
       <TYP>VBELN_VL</TYP>
      </RSIMP>
     </IMPORT>
     <TABLES>
      <RSTBL>
       <PARAMETER>T_FOLIO_CARGA</PARAMETER>
       <DBSTRUCT>ZSD_BAPIFOLIOCARGA_V2</DBSTRUCT>
      </RSTBL>
      <RSTBL>
       <PARAMETER>T_SECTORES</PARAMETER>
       <DBSTRUCT>ZSD_BAPISECTORES</DBSTRUCT>
       <OPTIONAL>X</OPTIONAL>
      </RSTBL>
     </TABLES>
     <DOCUMENTATION>
      <RSFDO>
       <PARAMETER>ENTREGA</PARAMETER>
       <KIND>P</KIND>
       <STEXT>Documento de ventas</STEXT>
       <INDEX> 001</INDEX>
      </RSFDO>
      <RSFDO>
       <PARAMETER>T_FOLIO_CARGA</PARAMETER>
       <KIND>P</KIND>
       <STEXT>Almacena datos del Pedido de Venta para Folio Descrip. Carga</STEXT>
       <INDEX> 002</INDEX>
      </RSFDO>
      <RSFDO>
       <PARAMETER>T_SECTORES</PARAMETER>
       <KIND>P</KIND>
       <STEXT>Considera sectores a tomar en cuanta</STEXT>
       <INDEX> 003</INDEX>
      </RSFDO>
     </DOCUMENTATION>
    </item>
    <item>
     <FUNCNAME>ZSD_VALIDA_EXISTENCIA_ENTREGAS</FUNCNAME>
     <REMOTE_CALL>R</REMOTE_CALL>
     <SHORT_TEXT>Valida existencia por listado de entregas</SHORT_TEXT>
     <TABLES>
      <RSTBL>
       <PARAMETER>T_VALIDA</PARAMETER>
       <DBSTRUCT>ZTY_VALIDA_ENTREGAS</DBSTRUCT>
       <OPTIONAL>X</OPTIONAL>
      </RSTBL>
      <RSTBL>
       <PARAMETER>T_VALIDA_RETURN</PARAMETER>
       <DBSTRUCT>ZTY_VALIDA_ENTREGAS</DBSTRUCT>
       <OPTIONAL>X</OPTIONAL>
      </RSTBL>
     </TABLES>
     <DOCUMENTATION>
      <RSFDO>
       <PARAMETER>T_VALIDA</PARAMETER>
       <KIND>P</KIND>
       <STEXT>Validacion existencia entregas</STEXT>
       <INDEX> 001</INDEX>
      </RSFDO>
      <RSFDO>
       <PARAMETER>T_VALIDA_RETURN</PARAMETER>
       <KIND>P</KIND>
       <STEXT>Validacion existencia entregas</STEXT>
       <INDEX> 002</INDEX>
      </RSFDO>
     </DOCUMENTATION>
    </item>
   </FUNCTIONS>
  </asx:values>
 </asx:abap>
</abapGit>
