﻿<?xml version="1.0" encoding="utf-8"?>
<abapGit version="v1.0.0" serializer="LCL_OBJECT_FUGR" serializer_version="v1.0.0">
 <asx:abap xmlns:asx="http://www.sap.com/abapxml" version="1.0">
  <asx:values>
   <AREAT>Grupo de Funciones reenvío Mail</AREAT>
   <INCLUDES>
    <SOBJ_NAME>LZSDMAILTOP</SOBJ_NAME>
    <SOBJ_NAME>SAPLZSDMAIL</SOBJ_NAME>
   </INCLUDES>
   <FUNCTIONS>
    <item>
     <FUNCNAME>ZCUSTOMER_EMAIL</FUNCNAME>
     <REMOTE_CALL>R</REMOTE_CALL>
     <SHORT_TEXT>RFC devuelve direcciones cliente</SHORT_TEXT>
     <IMPORT>
      <RSIMP>
       <PARAMETER>P_CLIENTE</PARAMETER>
       <TYP>KUNNR</TYP>
      </RSIMP>
     </IMPORT>
     <TABLES>
      <RSTBL>
       <PARAMETER>T_CORREO</PARAMETER>
       <DBSTRUCT>ZEMAIL</DBSTRUCT>
      </RSTBL>
     </TABLES>
     <DOCUMENTATION>
      <RSFDO>
       <PARAMETER>P_CLIENTE</PARAMETER>
       <KIND>P</KIND>
       <STEXT>Número de deudor</STEXT>
       <INDEX> 001</INDEX>
      </RSFDO>
      <RSFDO>
       <PARAMETER>T_CORREO</PARAMETER>
       <KIND>P</KIND>
       <STEXT>CMS IF BadI: Tabla de direcciones SMTP</STEXT>
       <INDEX> 002</INDEX>
      </RSFDO>
     </DOCUMENTATION>
    </item>
    <item>
     <FUNCNAME>ZCUSTOMER_EMAIL_CERT</FUNCNAME>
     <REMOTE_CALL>R</REMOTE_CALL>
     <SHORT_TEXT>RFC devuelve direcciones cliente</SHORT_TEXT>
     <IMPORT>
      <RSIMP>
       <PARAMETER>T_CLIENTE</PARAMETER>
       <TYP>CMDS_CUSTOMER_NUMBERS_T</TYP>
      </RSIMP>
     </IMPORT>
     <EXPORT>
      <RSEXP>
       <PARAMETER>T_CORREO</PARAMETER>
       <TYP>ZT_EMAIL</TYP>
      </RSEXP>
     </EXPORT>
     <DOCUMENTATION>
      <RSFDO>
       <PARAMETER>T_CLIENTE</PARAMETER>
       <KIND>P</KIND>
       <STEXT>Tipo tabla número cliente</STEXT>
       <INDEX> 001</INDEX>
      </RSFDO>
      <RSFDO>
       <PARAMETER>T_CORREO</PARAMETER>
       <KIND>P</KIND>
       <STEXT>CMS IF BadI: Tabla de direcciones SMTP</STEXT>
       <INDEX> 002</INDEX>
      </RSFDO>
     </DOCUMENTATION>
    </item>
    <item>
     <FUNCNAME>ZENVIA_MAIL</FUNCNAME>
     <REMOTE_CALL>R</REMOTE_CALL>
     <SHORT_TEXT>Modulo Funciones Reenvío de Factura</SHORT_TEXT>
     <IMPORT>
      <RSIMP>
       <PARAMETER>EV_COMPY</PARAMETER>
       <TYP>BUKRS</TYP>
      </RSIMP>
      <RSIMP>
       <PARAMETER>EV_YEAR</PARAMETER>
       <TYP>GJAHR</TYP>
      </RSIMP>
      <RSIMP>
       <PARAMETER>EV_NODOCTO</PARAMETER>
       <TYP>CHAR10</TYP>
      </RSIMP>
     </IMPORT>
     <EXPORT>
      <RSEXP>
       <PARAMETER>EV_ERROR</PARAMETER>
       <TYP>FLAG</TYP>
      </RSEXP>
     </EXPORT>
     <TABLES>
      <RSTBL>
       <PARAMETER>T_CORREO</PARAMETER>
       <DBSTRUCT>ZEMAIL</DBSTRUCT>
      </RSTBL>
     </TABLES>
     <DOCUMENTATION>
      <RSFDO>
       <PARAMETER>EV_COMPY</PARAMETER>
       <KIND>P</KIND>
       <STEXT>Sociedad</STEXT>
       <INDEX> 001</INDEX>
      </RSFDO>
      <RSFDO>
       <PARAMETER>EV_YEAR</PARAMETER>
       <KIND>P</KIND>
       <STEXT>Ejercicio</STEXT>
       <INDEX> 002</INDEX>
      </RSFDO>
      <RSFDO>
       <PARAMETER>EV_NODOCTO</PARAMETER>
       <KIND>P</KIND>
       <STEXT>Campo de texto, longitud 10</STEXT>
       <INDEX> 003</INDEX>
      </RSFDO>
      <RSFDO>
       <PARAMETER>EV_ERROR</PARAMETER>
       <KIND>P</KIND>
       <STEXT>Indicador general</STEXT>
       <INDEX> 004</INDEX>
      </RSFDO>
      <RSFDO>
       <PARAMETER>T_CORREO</PARAMETER>
       <KIND>P</KIND>
       <INDEX> 005</INDEX>
      </RSFDO>
     </DOCUMENTATION>
    </item>
   </FUNCTIONS>
  </asx:values>
 </asx:abap>
</abapGit>
