﻿<?xml version="1.0" encoding="utf-8"?>
<abapGit version="v1.0.0" serializer="LCL_OBJECT_DTEL" serializer_version="v1.0.0">
 <asx:abap xmlns:asx="http://www.sap.com/abapxml" version="1.0">
  <asx:values>
   <DD04V>
    <ROLLNAME>ZTIPO_FTE</ROLLNAME>
    <DDLANGUAGE>S</DDLANGUAGE>
    <DOMNAME>ZTIPO_FTE</DOMNAME>
    <HEADLEN>08</HEADLEN>
    <SCRLEN1>05</SCRLEN1>
    <SCRLEN2>10</SCRLEN2>
    <SCRLEN3>20</SCRLEN3>
    <DDTEXT>Tipo Fletero</DDTEXT>
    <REPTEXT>TipoFte</REPTEXT>
    <SCRTEXT_S>TFte</SCRTEXT_S>
    <SCRTEXT_M>TFletero</SCRTEXT_M>
    <SCRTEXT_L>Tipo Fletero</SCRTEXT_L>
    <DTELMASTER>S</DTELMASTER>
    <REFKIND>D</REFKIND>
   </DD04V>
  </asx:values>
 </asx:abap>
</abapGit>
