﻿<?xml version="1.0" encoding="utf-8"?>
<abapGit version="v1.0.0" serializer="LCL_OBJECT_DTEL" serializer_version="v1.0.0">
 <asx:abap xmlns:asx="http://www.sap.com/abapxml" version="1.0">
  <asx:values>
   <DD04V>
    <ROLLNAME>ZTIPOTRANS</ROLLNAME>
    <DDLANGUAGE>S</DDLANGUAGE>
    <DOMNAME>CHAR1</DOMNAME>
    <HEADLEN>08</HEADLEN>
    <SCRLEN1>06</SCRLEN1>
    <SCRLEN2>12</SCRLEN2>
    <SCRLEN3>20</SCRLEN3>
    <DDTEXT>Tipo Transporte</DDTEXT>
    <REPTEXT>T.Trans</REPTEXT>
    <SCRTEXT_S>T.Tran</SCRTEXT_S>
    <SCRTEXT_M>T.Transporte</SCRTEXT_M>
    <SCRTEXT_L>Tipo Transporte</SCRTEXT_L>
    <DTELMASTER>S</DTELMASTER>
    <REFKIND>D</REFKIND>
   </DD04V>
  </asx:values>
 </asx:abap>
</abapGit>
