﻿<?xml version="1.0" encoding="utf-8"?>
<abapGit version="v1.0.0" serializer="LCL_OBJECT_DOMA" serializer_version="v1.0.0">
 <asx:abap xmlns:asx="http://www.sap.com/abapxml" version="1.0">
  <asx:values>
   <DD01V>
    <DOMNAME>ZTIPO_FTE</DOMNAME>
    <DDLANGUAGE>S</DDLANGUAGE>
    <DATATYPE>CHAR</DATATYPE>
    <LENG>000001</LENG>
    <OUTPUTLEN>000001</OUTPUTLEN>
    <VALEXI>X</VALEXI>
    <CONVEXIT>ZFTE</CONVEXIT>
    <DDTEXT>Tipo Proveesor Fletero</DDTEXT>
   </DD01V>
   <DD07V_TAB>
    <DD07V>
     <DOMNAME>ZTIPO_FTE</DOMNAME>
     <VALPOS>0001</VALPOS>
     <DDLANGUAGE>S</DDLANGUAGE>
     <DOMVALUE_L>P</DOMVALUE_L>
     <DDTEXT>Permisionarios HESA</DDTEXT>
    </DD07V>
    <DD07V>
     <DOMNAME>ZTIPO_FTE</DOMNAME>
     <VALPOS>0002</VALPOS>
     <DDLANGUAGE>S</DDLANGUAGE>
     <DOMVALUE_L>O</DOMVALUE_L>
     <DDTEXT>Permisionarios TYASA</DDTEXT>
    </DD07V>
    <DD07V>
     <DOMNAME>ZTIPO_FTE</DOMNAME>
     <VALPOS>0003</VALPOS>
     <DDLANGUAGE>S</DDLANGUAGE>
     <DOMVALUE_L>G</DOMVALUE_L>
     <DDTEXT>Góndolas</DDTEXT>
    </DD07V>
    <DD07V>
     <DOMNAME>ZTIPO_FTE</DOMNAME>
     <VALPOS>0004</VALPOS>
     <DDLANGUAGE>S</DDLANGUAGE>
     <DOMVALUE_L>X</DOMVALUE_L>
     <DDTEXT>Todos</DDTEXT>
    </DD07V>
   </DD07V_TAB>
  </asx:values>
 </asx:abap>
</abapGit>
