﻿<?xml version="1.0" encoding="utf-8"?>
<abapGit version="v1.0.0" serializer="LCL_OBJECT_ENHO" serializer_version="v1.0.0">
 <asx:abap xmlns:asx="http://www.sap.com/abapxml" version="1.0">
  <asx:values>
   <TOOL>HOOK_IMPL</TOOL>
   <SHORTTEXT>Implementacion VA01</SHORTTEXT>
   <ORIGINAL_OBJECT>
    <PGMID>R3TR</PGMID>
    <ORG_OBJ_TYPE>PROG</ORG_OBJ_TYPE>
    <ORG_OBJ_NAME>SAPMV45A</ORG_OBJ_NAME>
    <ORG_MAIN_TYPE>PROG</ORG_MAIN_TYPE>
    <ORG_MAIN_NAME>SAPMV45A</ORG_MAIN_NAME>
    <PROGRAMNAME>SAPMV45A</PROGRAMNAME>
   </ORIGINAL_OBJECT>
   <ENHANCEMENTS>
    <ENH_HOOK_IMPL>
     <PROGRAMNAME>SAPMV45A</PROGRAMNAME>
     <EXTID>1</EXTID>
     <ID>1</ID>
     <ENHMODE>S</ENHMODE>
     <FULL_NAME>\PR:SAPMV45A\IC:MV45ATZZ\SE:END\EI</FULL_NAME>
     <SOURCE>
      <item>*  TABLES:   ZSD_EXIST_PEDIDO.</item>
      <item>*  CONTROLS: ZZCTRL_8309 TYPE TABLEVIEW USING SCREEN 8309.</item>
      <item>*  DATA:     ZZ_TEXIST   TYPE STANDARD TABLE OF zsd_estruct_exist_pedido INITIAL SIZE 0,</item>
      <item>*            ZZ_WEXIST   TYPE ZSD_ESTRUCT_EXIST_PEDIDO.</item>
      <item>*</item>
      <item>*  DATA: ZZ_CONTAINER8309  TYPE SCRFNAME VALUE &apos;ZZCCTRL_8309&apos;,</item>
      <item>*        ZZGRID8309        TYPE REF TO CL_GUI_ALV_GRID,</item>
      <item>*        ZZ_CCONTAINER8309 TYPE REF TO CL_GUI_CUSTOM_CONTAINER,</item>
      <item>*        ZZT_FCAT8309      type lvc_t_fcat,</item>
      <item>*        ZZS_fcat8309      type lvc_s_fcat,</item>
      <item>*        ZZS_layo8309      type lvc_s_layo.</item>
     </SOURCE>
    </ENH_HOOK_IMPL>
    <ENH_HOOK_IMPL>
     <PROGRAMNAME>SAPMV45A</PROGRAMNAME>
     <EXTID>2</EXTID>
     <ID>2</ID>
     <ENHMODE>S</ENHMODE>
     <FULL_NAME>\PR:SAPMV45A\IC:MV45AOZZ\SE:END\EI</FULL_NAME>
     <SOURCE>
      <item>MODULE ZZCONVERT_ALV_8309 OUTPUT.</item>
      <item>*    CLEAR: ZZ_WEXIST, ZZ_TEXIST[].</item>
      <item>*    REFRESH: ZZ_TEXIST.</item>
      <item>**    DATA: IT_CONSULTA TYPE STANDARD TABLE OF zsd_exist_pedido WITH HEADER LINE.</item>
      <item>*</item>
      <item>**    SELECT * FROM zsd_exist_pedido INTO CORRESPONDING FIELDS OF TABLE IT_CONSULTA.</item>
      <item>*</item>
      <item>**    LOOP AT IT_CONSULTA.</item>
      <item>*      zz_wexist-descr  = &apos;100000007&apos;.</item>
      <item>*      APPEND zz_wexist TO zz_texist.</item>
      <item>*</item>
      <item>*      zz_wexist-descr  = &apos;Disponible&apos;.</item>
      <item>*      zz_wexist-hoy    = 0.</item>
      <item>*      zz_wexist-1dia   = 0.</item>
      <item>*      zz_wexist-2dias  = 0.</item>
      <item>*      zz_wexist-3dias  = 0.</item>
      <item>*      zz_wexist-4dias  = 0.</item>
      <item>*      zz_wexist-5dias  = 0.</item>
      <item>*      zz_wexist-6dias  = 0.</item>
      <item>*      zz_wexist-7dias  = 0.</item>
      <item>*      zz_wexist-8dias  = 0.</item>
      <item>*      zz_wexist-9dias  = 0.</item>
      <item>*      zz_wexist-10dias = 0.</item>
      <item>*      zz_wexist-11dias = 0.</item>
      <item>*      zz_wexist-12dias = 0.</item>
      <item>*      zz_wexist-13dias = 0.</item>
      <item>*      zz_wexist-14dias = 0.</item>
      <item>*      zz_wexist-15dias = 0.</item>
      <item>*      APPEND zz_wexist TO zz_texist.</item>
      <item>*</item>
      <item>*      zz_wexist-descr  = &apos;Pend. por Entregar&apos;.</item>
      <item>*      zz_wexist-hoy    = 0.</item>
      <item>*      zz_wexist-1dia   = 0.</item>
      <item>*      zz_wexist-2dias  = 0.</item>
      <item>*      zz_wexist-3dias  = 0.</item>
      <item>*      zz_wexist-4dias  = 0.</item>
      <item>*      zz_wexist-5dias  = 0.</item>
      <item>*      zz_wexist-6dias  = 0.</item>
      <item>*      zz_wexist-7dias  = 0.</item>
      <item>*      zz_wexist-8dias  = 0.</item>
      <item>*      zz_wexist-9dias  = 0.</item>
      <item>*      zz_wexist-10dias = 0.</item>
      <item>*      zz_wexist-11dias = 0.</item>
      <item>*      zz_wexist-12dias = 0.</item>
      <item>*      zz_wexist-13dias = 0.</item>
      <item>*      zz_wexist-14dias = 0.</item>
      <item>*      zz_wexist-15dias = 0.</item>
      <item>*      APPEND zz_wexist TO zz_texist.</item>
      <item>*</item>
      <item>*      zz_wexist-descr  = &apos;Pend. por Producir&apos;.</item>
      <item>*      zz_wexist-hoy    = 0.</item>
      <item>*      zz_wexist-1dia   = 0.</item>
      <item>*      zz_wexist-2dias  = 0.</item>
      <item>*      zz_wexist-3dias  = 0.</item>
      <item>*      zz_wexist-4dias  = 0.</item>
      <item>*      zz_wexist-5dias  = 0.</item>
      <item>*      zz_wexist-6dias  = 0.</item>
      <item>*      zz_wexist-7dias  = 0.</item>
      <item>*      zz_wexist-8dias  = 0.</item>
      <item>*      zz_wexist-9dias  = 0.</item>
      <item>*      zz_wexist-10dias = 0.</item>
      <item>*      zz_wexist-11dias = 0.</item>
      <item>*      zz_wexist-12dias = 0.</item>
      <item>*      zz_wexist-13dias = 0.</item>
      <item>*      zz_wexist-14dias = 0.</item>
      <item>*      zz_wexist-15dias = 0.</item>
      <item>*      APPEND zz_wexist TO zz_texist.</item>
      <item>*</item>
      <item>*      zz_wexist-descr  = &apos;Traspaso&apos;.</item>
      <item>*      zz_wexist-hoy    = 0.</item>
      <item>*      zz_wexist-1dia   = 0.</item>
      <item>*      zz_wexist-2dias  = 0.</item>
      <item>*      zz_wexist-3dias  = 0.</item>
      <item>*      zz_wexist-4dias  = 0.</item>
      <item>*      zz_wexist-5dias  = 0.</item>
      <item>*      zz_wexist-6dias  = 0.</item>
      <item>*      zz_wexist-7dias  = 0.</item>
      <item>*      zz_wexist-8dias  = 0.</item>
      <item>*      zz_wexist-9dias  = 0.</item>
      <item>*      zz_wexist-10dias = 0.</item>
      <item>*      zz_wexist-11dias = 0.</item>
      <item>*      zz_wexist-12dias = 0.</item>
      <item>*      zz_wexist-13dias = 0.</item>
      <item>*      zz_wexist-14dias = 0.</item>
      <item>*      zz_wexist-15dias = 0.</item>
      <item>*      APPEND zz_wexist TO zz_texist.</item>
      <item>*</item>
      <item>****</item>
      <item>*      zz_wexist-descr  = &apos;100000009&apos;.</item>
      <item>*      APPEND zz_wexist TO zz_texist.</item>
      <item>*</item>
      <item>*      zz_wexist-descr  = &apos;Disponible&apos;.</item>
      <item>*      zz_wexist-hoy    = 0.</item>
      <item>*      zz_wexist-1dia   = 0.</item>
      <item>*      zz_wexist-2dias  = 0.</item>
      <item>*      zz_wexist-3dias  = 0.</item>
      <item>*      zz_wexist-4dias  = 0.</item>
      <item>*      zz_wexist-5dias  = 0.</item>
      <item>*      zz_wexist-6dias  = 0.</item>
      <item>*      zz_wexist-7dias  = 0.</item>
      <item>*      zz_wexist-8dias  = 0.</item>
      <item>*      zz_wexist-9dias  = 0.</item>
      <item>*      zz_wexist-10dias = 0.</item>
      <item>*      zz_wexist-11dias = 0.</item>
      <item>*      zz_wexist-12dias = 0.</item>
      <item>*      zz_wexist-13dias = 0.</item>
      <item>*      zz_wexist-14dias = 0.</item>
      <item>*      zz_wexist-15dias = 0.</item>
      <item>*      APPEND zz_wexist TO zz_texist.</item>
      <item>*</item>
      <item>*      zz_wexist-descr  = &apos;Pend. por Entregar&apos;.</item>
      <item>*      zz_wexist-hoy    = 0.</item>
      <item>*      zz_wexist-1dia   = 0.</item>
      <item>*      zz_wexist-2dias  = 0.</item>
      <item>*      zz_wexist-3dias  = 0.</item>
      <item>*      zz_wexist-4dias  = 0.</item>
      <item>*      zz_wexist-5dias  = 0.</item>
      <item>*      zz_wexist-6dias  = 0.</item>
      <item>*      zz_wexist-7dias  = 0.</item>
      <item>*      zz_wexist-8dias  = 0.</item>
      <item>*      zz_wexist-9dias  = 0.</item>
      <item>*      zz_wexist-10dias = 0.</item>
      <item>*      zz_wexist-11dias = 0.</item>
      <item>*      zz_wexist-12dias = 0.</item>
      <item>*      zz_wexist-13dias = 0.</item>
      <item>*      zz_wexist-14dias = 0.</item>
      <item>*      zz_wexist-15dias = 0.</item>
      <item>*      APPEND zz_wexist TO zz_texist.</item>
      <item>*</item>
      <item>*      zz_wexist-descr  = &apos;Pend. por Producir&apos;.</item>
      <item>*      zz_wexist-hoy    = 0.</item>
      <item>*      zz_wexist-1dia   = 0.</item>
      <item>*      zz_wexist-2dias  = 0.</item>
      <item>*      zz_wexist-3dias  = 0.</item>
      <item>*      zz_wexist-4dias  = 0.</item>
      <item>*      zz_wexist-5dias  = 0.</item>
      <item>*      zz_wexist-6dias  = 0.</item>
      <item>*      zz_wexist-7dias  = 0.</item>
      <item>*      zz_wexist-8dias  = 0.</item>
      <item>*      zz_wexist-9dias  = 0.</item>
      <item>*      zz_wexist-10dias = 0.</item>
      <item>*      zz_wexist-11dias = 0.</item>
      <item>*      zz_wexist-12dias = 0.</item>
      <item>*      zz_wexist-13dias = 0.</item>
      <item>*      zz_wexist-14dias = 0.</item>
      <item>*      zz_wexist-15dias = 0.</item>
      <item>*      APPEND zz_wexist TO zz_texist.</item>
      <item>*</item>
      <item>*      zz_wexist-descr  = &apos;Traspaso&apos;.</item>
      <item>*      zz_wexist-hoy    = 0.</item>
      <item>*      zz_wexist-1dia   = 0.</item>
      <item>*      zz_wexist-2dias  = 0.</item>
      <item>*      zz_wexist-3dias  = 0.</item>
      <item>*      zz_wexist-4dias  = 0.</item>
      <item>*      zz_wexist-5dias  = 0.</item>
      <item>*      zz_wexist-6dias  = 0.</item>
      <item>*      zz_wexist-7dias  = 0.</item>
      <item>*      zz_wexist-8dias  = 0.</item>
      <item>*      zz_wexist-9dias  = 0.</item>
      <item>*      zz_wexist-10dias = 0.</item>
      <item>*      zz_wexist-11dias = 0.</item>
      <item>*      zz_wexist-12dias = 0.</item>
      <item>*      zz_wexist-13dias = 0.</item>
      <item>*      zz_wexist-14dias = 0.</item>
      <item>*      zz_wexist-15dias = 0.</item>
      <item>*      APPEND zz_wexist TO zz_texist.</item>
      <item>**    ENDLOOP.</item>
      <item>*</item>
      <item>*    clear zzs_fcat8309.</item>
      <item>*    zzs_fcat8309-fieldname = &apos;DESCR&apos;.</item>
      <item>*    zzs_fcat8309-coltext = &apos;Descripción&apos;.</item>
      <item>*    zzs_fcat8309-outputlen = &apos;19&apos;.</item>
      <item>*    append zzs_fcat8309 to zzt_fcat8309.</item>
      <item>*</item>
      <item>*    clear zzs_fcat8309.</item>
      <item>*    zzs_fcat8309-fieldname = &apos;HOY&apos;.</item>
      <item>*    zzs_fcat8309-coltext = &apos;Hoy&apos;.</item>
      <item>*    zzs_fcat8309-outputlen = &apos;6&apos;.</item>
      <item>*    append zzs_fcat8309 to zzt_fcat8309.</item>
      <item>*</item>
      <item>*    clear zzs_fcat8309.</item>
      <item>*    zzs_fcat8309-fieldname = &apos;1DIA&apos;.</item>
      <item>*    zzs_fcat8309-coltext = &apos;+1 día&apos;.</item>
      <item>*    zzs_fcat8309-outputlen = &apos;6&apos;.</item>
      <item>*    append zzs_fcat8309 to zzt_fcat8309.</item>
      <item>*</item>
      <item>*    clear zzs_fcat8309.</item>
      <item>*    zzs_fcat8309-fieldname = &apos;2DIAS&apos;.</item>
      <item>*    zzs_fcat8309-coltext = &apos;+2 dias&apos;.</item>
      <item>*    zzs_fcat8309-outputlen = &apos;6&apos;.</item>
      <item>*    append zzs_fcat8309 to zzt_fcat8309.</item>
      <item>*</item>
      <item>*    clear zzs_fcat8309.</item>
      <item>*    zzs_fcat8309-fieldname = &apos;3DIAS&apos;.</item>
      <item>*    zzs_fcat8309-coltext = &apos;+3 dias&apos;.</item>
      <item>*    zzs_fcat8309-outputlen = &apos;6&apos;.</item>
      <item>*    append zzs_fcat8309 to zzt_fcat8309.</item>
      <item>*</item>
      <item>*    clear zzs_fcat8309.</item>
      <item>*    zzs_fcat8309-fieldname = &apos;4DIAS&apos;.</item>
      <item>*    zzs_fcat8309-coltext = &apos;+4 dias&apos;.</item>
      <item>*    zzs_fcat8309-outputlen = &apos;6&apos;.</item>
      <item>*    append zzs_fcat8309 to zzt_fcat8309.</item>
      <item>*</item>
      <item>*    clear zzs_fcat8309.</item>
      <item>*    zzs_fcat8309-fieldname = &apos;5DIAS&apos;.</item>
      <item>*    zzs_fcat8309-coltext = &apos;+5 dias&apos;.</item>
      <item>*    zzs_fcat8309-outputlen = &apos;6&apos;.</item>
      <item>*    append zzs_fcat8309 to zzt_fcat8309.</item>
      <item>*</item>
      <item>*    clear zzs_fcat8309.</item>
      <item>*    zzs_fcat8309-fieldname = &apos;6DIAS&apos;.</item>
      <item>*    zzs_fcat8309-coltext = &apos;+6 dias&apos;.</item>
      <item>*    zzs_fcat8309-outputlen = &apos;6&apos;.</item>
      <item>*    append zzs_fcat8309 to zzt_fcat8309.</item>
      <item>*</item>
      <item>*    clear zzs_fcat8309.</item>
      <item>*    zzs_fcat8309-fieldname = &apos;7DIAS&apos;.</item>
      <item>*    zzs_fcat8309-coltext = &apos;+7 dias&apos;.</item>
      <item>*    zzs_fcat8309-outputlen = &apos;6&apos;.</item>
      <item>*    append zzs_fcat8309 to zzt_fcat8309.</item>
      <item>*</item>
      <item>*    clear zzs_fcat8309.</item>
      <item>*    zzs_fcat8309-fieldname = &apos;8DIAS&apos;.</item>
      <item>*    zzs_fcat8309-coltext = &apos;+8 dias&apos;.</item>
      <item>*    zzs_fcat8309-outputlen = &apos;6&apos;.</item>
      <item>*    append zzs_fcat8309 to zzt_fcat8309.</item>
      <item>*</item>
      <item>*    clear zzs_fcat8309.</item>
      <item>*    zzs_fcat8309-fieldname = &apos;9DIAS&apos;.</item>
      <item>*    zzs_fcat8309-coltext = &apos;+9 dias&apos;.</item>
      <item>*    zzs_fcat8309-outputlen = &apos;6&apos;.</item>
      <item>*    append zzs_fcat8309 to zzt_fcat8309.</item>
      <item>*</item>
      <item>*    clear zzs_fcat8309.</item>
      <item>*    zzs_fcat8309-fieldname = &apos;10DIAS&apos;.</item>
      <item>*    zzs_fcat8309-coltext = &apos;+10 dias&apos;.</item>
      <item>*    zzs_fcat8309-outputlen = &apos;6&apos;.</item>
      <item>*    append zzs_fcat8309 to zzt_fcat8309.</item>
      <item>*</item>
      <item>*    clear zzs_fcat8309.</item>
      <item>*    zzs_fcat8309-fieldname = &apos;11DIAS&apos;.</item>
      <item>*    zzs_fcat8309-coltext = &apos;+11 dias&apos;.</item>
      <item>*    zzs_fcat8309-outputlen = &apos;6&apos;.</item>
      <item>*    append zzs_fcat8309 to zzt_fcat8309.</item>
      <item>*</item>
      <item>*    clear zzs_fcat8309.</item>
      <item>*    zzs_fcat8309-fieldname = &apos;12DIAS&apos;.</item>
      <item>*    zzs_fcat8309-coltext = &apos;+12 dias&apos;.</item>
      <item>*    zzs_fcat8309-outputlen = &apos;6&apos;.</item>
      <item>*    append zzs_fcat8309 to zzt_fcat8309.</item>
      <item>*</item>
      <item>*    clear zzs_fcat8309.</item>
      <item>*    zzs_fcat8309-fieldname = &apos;13DIAS&apos;.</item>
      <item>*    zzs_fcat8309-coltext = &apos;+13 dias&apos;.</item>
      <item>*    zzs_fcat8309-outputlen = &apos;6&apos;.</item>
      <item>*    append zzs_fcat8309 to zzt_fcat8309.</item>
      <item>*</item>
      <item>*    clear zzs_fcat8309.</item>
      <item>*    zzs_fcat8309-fieldname = &apos;14DIAS&apos;.</item>
      <item>*    zzs_fcat8309-coltext = &apos;+14 dias&apos;.</item>
      <item>*    zzs_fcat8309-outputlen = &apos;6&apos;.</item>
      <item>*    append zzs_fcat8309 to zzt_fcat8309.</item>
      <item>*</item>
      <item>*    clear zzs_fcat8309.</item>
      <item>*    zzs_fcat8309-fieldname = &apos;15DIAS&apos;.</item>
      <item>*    zzs_fcat8309-coltext = &apos;+15 dias&apos;.</item>
      <item>*    zzs_fcat8309-outputlen = &apos;6&apos;.</item>
      <item>*    append zzs_fcat8309 to zzt_fcat8309.</item>
      <item>*</item>
      <item>*    IF ZZ_CCONTAINER8309 IS INITIAL.</item>
      <item>*      CREATE OBJECT ZZ_CCONTAINER8309</item>
      <item>*        EXPORTING</item>
      <item>*          CONTAINER_NAME = ZZ_CONTAINER8309.</item>
      <item>*</item>
      <item>*      CREATE OBJECT ZZGRID8309</item>
      <item>*        EXPORTING</item>
      <item>*          I_PARENT = ZZ_CCONTAINER8309.</item>
      <item>*</item>
      <item>*    ENDIF.</item>
      <item>*</item>
      <item>*    CALL METHOD ZZGRID8309-&gt;SET_TABLE_FOR_FIRST_DISPLAY</item>
      <item>**      EXPORTING</item>
      <item>**        IS_LAYOUT       = ls_layo</item>
      <item>*      CHANGING</item>
      <item>*        it_fieldcatalog = zzt_fcat8309</item>
      <item>*        it_outtab       = zz_texist.</item>
      <item/>
      <item>ENDMODULE.</item>
     </SOURCE>
    </ENH_HOOK_IMPL>
    <ENH_HOOK_IMPL>
     <PROGRAMNAME>SAPMV45A</PROGRAMNAME>
     <EXTID>3</EXTID>
     <ID>3</ID>
     <ENHMODE>S</ENHMODE>
     <FULL_NAME>\PR:SAPMV45A\IC:MV45AIZZ\SE:END\EI</FULL_NAME>
     <SOURCE>
      <item>MODULE ZZDISPLAY_ALV INPUT.</item>
      <item>call method cl_gui_cfw=&gt;dispatch.</item>
      <item>ENDMODULE.</item>
     </SOURCE>
    </ENH_HOOK_IMPL>
   </ENHANCEMENTS>
   <SPACES>
    <item>
     <FULL_NAME>\PR:SAPMV45A\IC:MV45ATZZ\SE:END\EI</FULL_NAME>
     <SPACES>
      <item>0</item>
      <item>0</item>
      <item>0</item>
      <item>0</item>
      <item>0</item>
      <item>0</item>
      <item>0</item>
      <item>0</item>
      <item>0</item>
      <item>0</item>
      <item>0</item>
     </SPACES>
    </item>
    <item>
     <FULL_NAME>\PR:SAPMV45A\IC:MV45AOZZ\SE:END\EI</FULL_NAME>
     <SPACES>
      <item>2</item>
      <item>0</item>
      <item>0</item>
      <item>0</item>
      <item>0</item>
      <item>0</item>
      <item>0</item>
      <item>0</item>
      <item>0</item>
      <item>0</item>
      <item>0</item>
      <item>0</item>
      <item>0</item>
      <item>0</item>
      <item>0</item>
      <item>0</item>
      <item>0</item>
      <item>0</item>
      <item>0</item>
      <item>0</item>
      <item>0</item>
      <item>0</item>
      <item>0</item>
      <item>0</item>
      <item>0</item>
      <item>0</item>
      <item>0</item>
      <item>0</item>
      <item>0</item>
      <item>0</item>
      <item>0</item>
      <item>0</item>
      <item>0</item>
      <item>0</item>
      <item>0</item>
      <item>0</item>
      <item>0</item>
      <item>0</item>
      <item>0</item>
      <item>0</item>
      <item>0</item>
      <item>0</item>
      <item>0</item>
      <item>0</item>
      <item>0</item>
      <item>0</item>
      <item>0</item>
      <item>0</item>
      <item>0</item>
      <item>0</item>
      <item>0</item>
      <item>0</item>
      <item>0</item>
      <item>0</item>
      <item>0</item>
      <item>0</item>
      <item>0</item>
      <item>0</item>
      <item>0</item>
      <item>0</item>
      <item>0</item>
      <item>0</item>
      <item>0</item>
      <item>0</item>
      <item>0</item>
      <item>0</item>
      <item>0</item>
      <item>0</item>
      <item>0</item>
      <item>0</item>
      <item>0</item>
      <item>0</item>
      <item>0</item>
      <item>0</item>
      <item>0</item>
      <item>0</item>
      <item>0</item>
      <item>0</item>
      <item>0</item>
      <item>0</item>
      <item>0</item>
      <item>0</item>
      <item>0</item>
      <item>0</item>
      <item>0</item>
      <item>0</item>
      <item>0</item>
      <item>0</item>
      <item>0</item>
      <item>0</item>
      <item>0</item>
      <item>0</item>
      <item>0</item>
      <item>0</item>
      <item>0</item>
      <item>0</item>
      <item>0</item>
      <item>0</item>
      <item>0</item>
      <item>0</item>
      <item>0</item>
      <item>0</item>
      <item>0</item>
      <item>0</item>
      <item>0</item>
      <item>0</item>
      <item>0</item>
      <item>0</item>
      <item>0</item>
      <item>0</item>
      <item>0</item>
      <item>0</item>
      <item>0</item>
      <item>0</item>
      <item>0</item>
      <item>0</item>
      <item>0</item>
      <item>0</item>
      <item>0</item>
      <item>0</item>
      <item>0</item>
      <item>0</item>
      <item>0</item>
      <item>0</item>
      <item>0</item>
      <item>0</item>
      <item>0</item>
      <item>0</item>
      <item>0</item>
      <item>0</item>
      <item>0</item>
      <item>0</item>
      <item>0</item>
      <item>0</item>
      <item>0</item>
      <item>0</item>
      <item>0</item>
      <item>0</item>
      <item>0</item>
      <item>0</item>
      <item>0</item>
      <item>0</item>
      <item>0</item>
      <item>0</item>
      <item>0</item>
      <item>0</item>
      <item>0</item>
      <item>0</item>
      <item>0</item>
      <item>0</item>
      <item>0</item>
      <item>0</item>
      <item>0</item>
      <item>0</item>
      <item>0</item>
      <item>0</item>
      <item>0</item>
      <item>0</item>
      <item>0</item>
      <item>0</item>
      <item>0</item>
      <item>0</item>
      <item>0</item>
      <item>0</item>
      <item>0</item>
      <item>0</item>
      <item>0</item>
      <item>0</item>
      <item>0</item>
      <item>0</item>
      <item>0</item>
      <item>0</item>
      <item>0</item>
      <item>0</item>
      <item>0</item>
      <item>0</item>
      <item>0</item>
      <item>0</item>
      <item>0</item>
      <item>0</item>
      <item>0</item>
      <item>0</item>
      <item>0</item>
      <item>0</item>
      <item>0</item>
      <item>0</item>
      <item>0</item>
      <item>0</item>
      <item>0</item>
      <item>0</item>
      <item>0</item>
      <item>0</item>
      <item>0</item>
      <item>0</item>
      <item>0</item>
      <item>0</item>
      <item>0</item>
      <item>0</item>
      <item>0</item>
      <item>0</item>
      <item>0</item>
      <item>0</item>
      <item>0</item>
      <item>0</item>
      <item>0</item>
      <item>0</item>
      <item>0</item>
      <item>0</item>
      <item>0</item>
      <item>0</item>
      <item>0</item>
      <item>0</item>
      <item>0</item>
      <item>0</item>
      <item>0</item>
      <item>0</item>
      <item>0</item>
      <item>0</item>
      <item>0</item>
      <item>0</item>
      <item>0</item>
      <item>0</item>
      <item>0</item>
      <item>0</item>
      <item>0</item>
      <item>0</item>
      <item>0</item>
      <item>0</item>
      <item>0</item>
      <item>0</item>
      <item>0</item>
      <item>0</item>
      <item>0</item>
      <item>0</item>
      <item>0</item>
      <item>0</item>
      <item>0</item>
      <item>0</item>
      <item>0</item>
      <item>0</item>
      <item>0</item>
      <item>0</item>
      <item>0</item>
      <item>0</item>
      <item>0</item>
      <item>0</item>
      <item>0</item>
      <item>0</item>
      <item>0</item>
      <item>0</item>
      <item>0</item>
      <item>0</item>
      <item>0</item>
      <item>0</item>
      <item>0</item>
      <item>0</item>
      <item>0</item>
      <item>0</item>
      <item>0</item>
      <item>0</item>
      <item>0</item>
      <item>0</item>
      <item>0</item>
      <item>0</item>
      <item>0</item>
      <item>0</item>
      <item>0</item>
      <item>0</item>
      <item>0</item>
      <item>0</item>
      <item>0</item>
      <item>0</item>
      <item>0</item>
      <item>0</item>
      <item>0</item>
      <item>0</item>
      <item>0</item>
      <item>0</item>
      <item>0</item>
      <item>0</item>
      <item>0</item>
      <item>0</item>
      <item>0</item>
      <item>0</item>
      <item>0</item>
      <item>0</item>
      <item>0</item>
      <item>0</item>
      <item>2</item>
     </SPACES>
    </item>
    <item>
     <FULL_NAME>\PR:SAPMV45A\IC:MV45AIZZ\SE:END\EI</FULL_NAME>
     <SPACES>
      <item>2</item>
      <item>4</item>
      <item>2</item>
     </SPACES>
    </item>
   </SPACES>
  </asx:values>
 </asx:abap>
</abapGit>
