﻿<?xml version="1.0" encoding="utf-8"?>
<abapGit version="v1.0.0" serializer="LCL_OBJECT_ENHO" serializer_version="v1.0.0">
 <asx:abap xmlns:asx="http://www.sap.com/abapxml" version="1.0">
  <asx:values>
   <TOOL>BADI_IMPL</TOOL>
   <SHORTTEXT>Implementacion XD01 para CUSTOMER_ADD_DATA</SHORTTEXT>
   <SPOT_NAME>CUSTOMER_ADD_DATA</SPOT_NAME>
   <IMPL>
    <ENH_BADI_IMPL_DATA>
     <SPOT_NAME>CUSTOMER_ADD_DATA</SPOT_NAME>
     <BADI_NAME>CUSTOMER_ADD_DATA</BADI_NAME>
     <IMPL_NAME>ZXD01_CUST_ADD_DATA</IMPL_NAME>
     <IMPL_CLASS>ZCL_IM_XD01_CUST_ADD_DATA</IMPL_CLASS>
     <ACTIVE>X</ACTIVE>
     <IMPL_SHORTTEXT>Nuevo limite de credito al crear un cliente XD01</IMPL_SHORTTEXT>
     <IMPL_SHORTTEXT_ID>6CAE8B2A2E211ED4BFE0D7C0CCCA4ADB</IMPL_SHORTTEXT_ID>
     <MIG_BADI_IMPL>ZXD01_CUST_ADD_DATA</MIG_BADI_IMPL>
    </ENH_BADI_IMPL_DATA>
   </IMPL>
  </asx:values>
 </asx:abap>
</abapGit>
